
2026-09-09 06:16:36 health_watch start ports=29080,29081,29082 interval=300s full_every=6 log=logs/soak_48h_long_range_lab.log parallel=1 tip_stagnant_fail_after=3600s
2026-09-09 06:16:41 OK port 29080 [quick] height=7929 peers=2 p2p=aligned aligned=True failed=
2026-09-09 06:16:41 OK port 29081 [quick] height=7929 peers=2 p2p=aligned aligned=True failed=
2026-09-09 06:16:41 OK port 29082 [quick] height=7929 peers=2 p2p=aligned aligned=True failed=
2026-09-09 06:16:41 OK mesh aligned 29080:h7929/p2 29081:h7929/p2 29082:h7929/p2
2026-09-09 06:21:43 OK port 29080 [quick] height=7949 peers=2 p2p=aligned aligned=True failed=
2026-09-09 06:21:43 OK port 29081 [quick] height=7949 peers=2 p2p=aligned aligned=True failed=
2026-09-09 06:21:43 OK port 29082 [quick] height=7949 peers=2 p2p=aligned aligned=True failed=
2026-09-09 06:21:43 OK mesh aligned 29080:h7949/p2 29081:h7949/p2 29082:h7949/p2
2026-09-09 06:26:45 OK port 29080 [quick] height=7969 peers=2 p2p=aligned aligned=True failed=
2026-09-09 06:26:45 OK port 29081 [quick] height=7969 peers=2 p2p=aligned aligned=True failed=
2026-09-09 06:26:45 OK port 29082 [quick] height=7969 peers=2 p2p=aligned aligned=True failed=
2026-09-09 06:26:45 OK mesh aligned 29080:h7969/p2 29081:h7969/p2 29082:h7969/p2
2026-09-09 06:31:46 OK port 29080 [quick] height=7989 peers=2 p2p=aligned aligned=True failed=
2026-09-09 06:31:46 OK port 29081 [quick] height=7989 peers=2 p2p=aligned aligned=True failed=
2026-09-09 06:31:46 OK port 29082 [quick] height=7989 peers=2 p2p=aligned aligned=True failed=
2026-09-09 06:31:46 OK mesh aligned 29080:h7989/p2 29081:h7989/p2 29082:h7989/p2
2026-09-09 06:36:50 OK port 29080 [quick] height=8009 peers=2 p2p=aligned aligned=True failed=
2026-09-09 06:36:50 OK port 29081 [quick] height=8009 peers=2 p2p=aligned aligned=True failed=
2026-09-09 06:36:50 OK port 29082 [quick] height=8009 peers=2 p2p=aligned aligned=True failed=
2026-09-09 06:36:50 OK mesh aligned 29080:h8009/p2 29081:h8009/p2 29082:h8009/p2
2026-09-09 06:41:53 OK port 29080 [full] height=8029 peers=2 p2p=aligned aligned=True failed=
2026-09-09 06:41:53 OK port 29081 [full] height=8029 peers=2 p2p=aligned aligned=True failed=
2026-09-09 06:41:53 OK port 29082 [full] height=8029 peers=2 p2p=aligned aligned=True failed=
2026-09-09 06:41:53 OK mesh aligned 29080:h8029/p2 29081:h8029/p2 29082:h8029/p2
2026-09-09 06:46:56 OK port 29080 [quick] height=8049 peers=2 p2p=aligned aligned=True failed=
2026-09-09 06:46:56 OK port 29081 [quick] height=8049 peers=2 p2p=aligned aligned=True failed=
2026-09-09 06:46:56 OK port 29082 [quick] height=8049 peers=2 p2p=aligned aligned=True failed=
2026-09-09 06:46:56 OK mesh aligned 29080:h8049/p2 29081:h8049/p2 29082:h8049/p2
2026-09-09 06:51:57 OK port 29080 [quick] height=8069 peers=2 p2p=aligned aligned=True failed=
2026-09-09 06:51:57 OK port 29081 [quick] height=8069 peers=2 p2p=aligned aligned=True failed=
2026-09-09 06:51:57 OK port 29082 [quick] height=8069 peers=2 p2p=aligned aligned=True failed=
2026-09-09 06:51:57 OK mesh aligned 29080:h8069/p2 29081:h8069/p2 29082:h8069/p2
2026-09-09 06:56:59 OK port 29080 [quick] height=8089 peers=2 p2p=aligned aligned=True failed=
2026-09-09 06:56:59 OK port 29081 [quick] height=8089 peers=2 p2p=aligned aligned=True failed=
2026-09-09 06:56:59 OK port 29082 [quick] height=8089 peers=2 p2p=aligned aligned=True failed=
2026-09-09 06:56:59 OK mesh aligned 29080:h8089/p2 29081:h8089/p2 29082:h8089/p2
2026-09-09 07:02:01 OK port 29080 [quick] height=8109 peers=2 p2p=aligned aligned=True failed=
2026-09-09 07:02:01 OK port 29081 [quick] height=8109 peers=2 p2p=aligned aligned=True failed=
2026-09-09 07:02:01 OK port 29082 [quick] height=8109 peers=2 p2p=aligned aligned=True failed=
2026-09-09 07:02:01 OK mesh aligned 29080:h8109/p2 29081:h8109/p2 29082:h8109/p2
2026-09-09 07:07:04 OK port 29080 [quick] height=8129 peers=2 p2p=aligned aligned=True failed=
2026-09-09 07:07:04 OK port 29081 [quick] height=8129 peers=2 p2p=aligned aligned=True failed=
2026-09-09 07:07:04 OK port 29082 [quick] height=8129 peers=2 p2p=aligned aligned=True failed=
2026-09-09 07:07:04 OK mesh aligned 29080:h8129/p2 29081:h8129/p2 29082:h8129/p2
2026-09-09 07:12:06 OK port 29080 [full] height=8149 peers=2 p2p=aligned aligned=True failed=
2026-09-09 07:12:06 OK port 29081 [full] height=8149 peers=2 p2p=aligned aligned=True failed=
2026-09-09 07:12:06 OK port 29082 [full] height=8149 peers=2 p2p=aligned aligned=True failed=
2026-09-09 07:12:06 OK mesh aligned 29080:h8149/p2 29081:h8149/p2 29082:h8149/p2
2026-09-09 07:17:07 OK port 29080 [quick] height=8169 peers=2 p2p=aligned aligned=True failed=
2026-09-09 07:17:07 OK port 29081 [quick] height=8169 peers=2 p2p=aligned aligned=True failed=
2026-09-09 07:17:07 OK port 29082 [quick] height=8169 peers=2 p2p=aligned aligned=True failed=
2026-09-09 07:17:07 OK mesh aligned 29080:h8169/p2 29081:h8169/p2 29082:h8169/p2
2026-09-09 07:22:08 OK port 29080 [quick] height=8189 peers=2 p2p=aligned aligned=True failed=
2026-09-09 07:22:08 OK port 29081 [quick] height=8189 peers=2 p2p=aligned aligned=True failed=
2026-09-09 07:22:08 OK port 29082 [quick] height=8189 peers=2 p2p=aligned aligned=True failed=
2026-09-09 07:22:08 OK mesh aligned 29080:h8189/p2 29081:h8189/p2 29082:h8189/p2
2026-09-09 07:27:10 OK port 29080 [quick] height=8209 peers=2 p2p=aligned aligned=True failed=
2026-09-09 07:27:10 OK port 29081 [quick] height=8209 peers=2 p2p=aligned aligned=True failed=
2026-09-09 07:27:10 OK port 29082 [quick] height=8209 peers=2 p2p=aligned aligned=True failed=
2026-09-09 07:27:10 OK mesh aligned 29080:h8209/p2 29081:h8209/p2 29082:h8209/p2
2026-09-09 07:32:11 OK port 29080 [quick] height=8229 peers=2 p2p=aligned aligned=True failed=
2026-09-09 07:32:11 OK port 29081 [quick] height=8229 peers=2 p2p=aligned aligned=True failed=
2026-09-09 07:32:11 OK port 29082 [quick] height=8229 peers=2 p2p=aligned aligned=True failed=
2026-09-09 07:32:11 OK mesh aligned 29080:h8229/p2 29081:h8229/p2 29082:h8229/p2
2026-09-09 07:37:12 OK port 29080 [quick] height=8249 peers=2 p2p=aligned aligned=True failed=
2026-09-09 07:37:12 OK port 29081 [quick] height=8249 peers=2 p2p=aligned aligned=True failed=
2026-09-09 07:37:12 OK port 29082 [quick] height=8249 peers=2 p2p=aligned aligned=True failed=
2026-09-09 07:37:12 OK mesh aligned 29080:h8249/p2 29081:h8249/p2 29082:h8249/p2
2026-09-09 07:42:16 OK port 29080 [full] height=8269 peers=2 p2p=aligned aligned=True failed=
2026-09-09 07:42:16 OK port 29081 [full] height=8269 peers=2 p2p=aligned aligned=True failed=
2026-09-09 07:42:16 OK port 29082 [full] height=8269 peers=2 p2p=aligned aligned=True failed=
2026-09-09 07:42:16 OK mesh aligned 29080:h8269/p2 29081:h8269/p2 29082:h8269/p2
2026-09-09 07:47:17 OK port 29080 [quick] height=8289 peers=2 p2p=aligned aligned=True failed=
2026-09-09 07:47:17 OK port 29081 [quick] height=8289 peers=2 p2p=aligned aligned=True failed=
2026-09-09 07:47:17 OK port 29082 [quick] height=8289 peers=2 p2p=aligned aligned=True failed=
2026-09-09 07:47:17 OK mesh aligned 29080:h8289/p2 29081:h8289/p2 29082:h8289/p2
2026-09-09 07:52:19 OK port 29080 [quick] height=8309 peers=2 p2p=aligned aligned=True failed=
2026-09-09 07:52:19 OK port 29081 [quick] height=8309 peers=2 p2p=aligned aligned=True failed=
2026-09-09 07:52:19 OK port 29082 [quick] height=8309 peers=2 p2p=aligned aligned=True failed=
2026-09-09 07:52:19 OK mesh aligned 29080:h8309/p2 29081:h8309/p2 29082:h8309/p2
2026-09-09 07:57:20 OK port 29080 [quick] height=8329 peers=2 p2p=aligned aligned=True failed=
2026-09-09 07:57:20 OK port 29081 [quick] height=8329 peers=2 p2p=aligned aligned=True failed=
2026-09-09 07:57:20 OK port 29082 [quick] height=8329 peers=2 p2p=aligned aligned=True failed=
2026-09-09 07:57:20 OK mesh aligned 29080:h8329/p2 29081:h8329/p2 29082:h8329/p2
2026-09-09 08:02:24 OK port 29080 [quick] height=8349 peers=2 p2p=aligned aligned=True failed=
2026-09-09 08:02:24 OK port 29081 [quick] height=8349 peers=2 p2p=aligned aligned=True failed=
2026-09-09 08:02:24 OK port 29082 [quick] height=8349 peers=2 p2p=aligned aligned=True failed=
2026-09-09 08:02:24 OK mesh aligned 29080:h8349/p2 29081:h8349/p2 29082:h8349/p2
2026-09-09 08:07:27 OK port 29080 [quick] height=8369 peers=2 p2p=aligned aligned=True failed=
2026-09-09 08:07:27 OK port 29081 [quick] height=8369 peers=2 p2p=aligned aligned=True failed=
2026-09-09 08:07:27 OK port 29082 [quick] height=8369 peers=2 p2p=aligned aligned=True failed=
2026-09-09 08:07:27 OK mesh aligned 29080:h8369/p2 29081:h8369/p2 29082:h8369/p2
2026-09-09 08:12:33 OK port 29080 [full] height=8389 peers=2 p2p=aligned aligned=True failed=
2026-09-09 08:12:33 OK port 29081 [full] height=8389 peers=2 p2p=aligned aligned=True failed=
2026-09-09 08:12:33 OK port 29082 [full] height=8389 peers=2 p2p=aligned aligned=True failed=
2026-09-09 08:12:33 OK mesh aligned 29080:h8389/p2 29081:h8389/p2 29082:h8389/p2
2026-09-09 08:17:35 OK port 29080 [quick] height=8409 peers=2 p2p=aligned aligned=True failed=peer_probe_ok,p2p_state_consistent
2026-09-09 08:17:35 OK port 29081 [quick] height=8409 peers=2 p2p=aligned aligned=True failed=
2026-09-09 08:17:35 OK port 29082 [quick] height=8409 peers=2 p2p=aligned aligned=True failed=
2026-09-09 08:17:35 OK mesh aligned 29080:h8409/p2 29081:h8409/p2 29082:h8409/p2
2026-09-09 08:22:39 OK port 29080 [quick] height=8429 peers=2 p2p=aligned aligned=True failed=
2026-09-09 08:22:39 OK port 29081 [quick] height=8429 peers=2 p2p=aligned aligned=True failed=
2026-09-09 08:22:39 OK port 29082 [quick] height=8429 peers=2 p2p=aligned aligned=True failed=
2026-09-09 08:22:39 OK mesh aligned 29080:h8429/p2 29081:h8429/p2 29082:h8429/p2
2026-09-09 08:27:40 OK port 29080 [quick] height=8448 peers=2 p2p=inconsistent aligned=True failed=
2026-09-09 08:27:40 OK port 29081 [quick] height=8448 peers=2 p2p=aligned aligned=True failed=
2026-09-09 08:27:40 OK port 29082 [quick] height=8448 peers=2 p2p=aligned aligned=True failed=
2026-09-09 08:27:40 OK mesh aligned 29080:h8448/p2 29081:h8448/p2 29082:h8448/p2
2026-09-09 08:32:40 OK port 29080 [quick] height=8468 peers=2 p2p=aligned aligned=True failed=
2026-09-09 08:32:40 OK port 29081 [quick] height=8468 peers=2 p2p=aligned aligned=True failed=
2026-09-09 08:32:40 OK port 29082 [quick] height=8468 peers=2 p2p=aligned aligned=True failed=
2026-09-09 08:32:40 OK mesh aligned 29080:h8468/p2 29081:h8468/p2 29082:h8468/p2
2026-09-09 08:37:44 OK port 29080 [quick] height=8488 peers=2 p2p=inconsistent aligned=True failed=
2026-09-09 08:37:44 OK port 29081 [quick] height=8488 peers=2 p2p=aligned aligned=True failed=
2026-09-09 08:37:44 OK port 29082 [quick] height=8488 peers=2 p2p=inconsistent aligned=True failed=
2026-09-09 08:37:44 OK mesh aligned 29080:h8488/p2 29081:h8488/p2 29082:h8488/p2
2026-09-09 08:42:45 OK port 29080 [full] height=8507 peers=2 p2p=aligned aligned=True failed=
2026-09-09 08:42:45 OK port 29081 [full] height=8507 peers=2 p2p=aligned aligned=True failed=
2026-09-09 08:42:45 OK port 29082 [full] height=8507 peers=2 p2p=aligned aligned=True failed=
2026-09-09 08:42:45 OK mesh aligned 29080:h8507/p2 29081:h8507/p2 29082:h8507/p2
2026-09-09 08:47:48 OK port 29080 [quick] height=8527 peers=2 p2p=aligned aligned=True failed=
2026-09-09 08:47:48 OK port 29081 [quick] height=8527 peers=2 p2p=aligned aligned=True failed=
2026-09-09 08:47:48 OK port 29082 [quick] height=8527 peers=2 p2p=aligned aligned=True failed=
2026-09-09 08:47:49 OK mesh aligned 29080:h8527/p2 29081:h8527/p2 29082:h8527/p2
2026-09-09 08:52:49 OK port 29080 [quick] height=8546 peers=2 p2p=aligned aligned=True failed=
2026-09-09 08:52:49 OK port 29081 [quick] height=8546 peers=2 p2p=aligned aligned=True failed=
2026-09-09 08:52:49 OK port 29082 [quick] height=8546 peers=2 p2p=aligned aligned=True failed=
2026-09-09 08:52:49 OK mesh aligned 29080:h8546/p2 29081:h8546/p2 29082:h8546/p2
2026-09-09 08:57:53 OK port 29080 [quick] height=8566 peers=2 p2p=aligned aligned=True failed=
2026-09-09 08:57:53 OK port 29081 [quick] height=8566 peers=2 p2p=aligned aligned=True failed=
2026-09-09 08:57:53 OK port 29082 [quick] height=8566 peers=2 p2p=aligned aligned=True failed=
2026-09-09 08:57:53 OK mesh aligned 29080:h8566/p2 29081:h8566/p2 29082:h8566/p2
2026-09-09 09:02:53 OK port 29080 [quick] height=8585 peers=2 p2p=aligned aligned=True failed=
2026-09-09 09:02:53 OK port 29081 [quick] height=8585 peers=2 p2p=aligned aligned=True failed=
2026-09-09 09:02:53 OK port 29082 [quick] height=8585 peers=2 p2p=aligned aligned=True failed=
2026-09-09 09:02:53 OK mesh aligned 29080:h8585/p2 29081:h8585/p2 29082:h8585/p2
2026-09-09 09:07:57 OK port 29080 [quick] height=8605 peers=2 p2p=aligned aligned=True failed=
2026-09-09 09:07:57 OK port 29081 [quick] height=8605 peers=2 p2p=aligned aligned=True failed=
2026-09-09 09:07:57 OK port 29082 [quick] height=8605 peers=2 p2p=aligned aligned=True failed=
2026-09-09 09:07:57 OK mesh aligned 29080:h8605/p2 29081:h8605/p2 29082:h8605/p2
2026-09-09 09:12:58 OK port 29080 [full] height=8624 peers=2 p2p=aligned aligned=True failed=
2026-09-09 09:12:58 OK port 29081 [full] height=8624 peers=2 p2p=aligned aligned=True failed=
2026-09-09 09:12:58 OK port 29082 [full] height=8624 peers=2 p2p=aligned aligned=True failed=
2026-09-09 09:12:58 OK mesh aligned 29080:h8624/p2 29081:h8624/p2 29082:h8624/p2
2026-09-09 09:18:01 OK port 29080 [quick] height=8644 peers=2 p2p=aligned aligned=True failed=
2026-09-09 09:18:01 OK port 29081 [quick] height=8644 peers=2 p2p=aligned aligned=True failed=
2026-09-09 09:18:01 OK port 29082 [quick] height=8644 peers=2 p2p=aligned aligned=True failed=
2026-09-09 09:18:01 OK mesh aligned 29080:h8644/p2 29081:h8644/p2 29082:h8644/p2
2026-09-09 09:23:02 OK port 29080 [quick] height=8663 peers=2 p2p=aligned aligned=True failed=
2026-09-09 09:23:02 OK port 29081 [quick] height=8663 peers=2 p2p=aligned aligned=True failed=
2026-09-09 09:23:02 OK port 29082 [quick] height=8663 peers=2 p2p=aligned aligned=True failed=
2026-09-09 09:23:02 OK mesh aligned 29080:h8663/p2 29081:h8663/p2 29082:h8663/p2
2026-09-09 09:28:06 OK port 29080 [quick] height=8683 peers=2 p2p=aligned aligned=True failed=
2026-09-09 09:28:06 OK port 29081 [quick] height=8683 peers=2 p2p=aligned aligned=True failed=
2026-09-09 09:28:06 OK port 29082 [quick] height=8683 peers=2 p2p=aligned aligned=True failed=
2026-09-09 09:28:06 OK mesh aligned 29080:h8683/p2 29081:h8683/p2 29082:h8683/p2
2026-09-09 09:33:06 OK port 29080 [quick] height=8702 peers=2 p2p=aligned aligned=True failed=
2026-09-09 09:33:06 OK port 29081 [quick] height=8702 peers=2 p2p=aligned aligned=True failed=
2026-09-09 09:33:06 OK port 29082 [quick] height=8702 peers=2 p2p=aligned aligned=True failed=
2026-09-09 09:33:06 OK mesh aligned 29080:h8702/p2 29081:h8702/p2 29082:h8702/p2
2026-09-09 09:38:10 OK port 29080 [quick] height=8722 peers=2 p2p=aligned aligned=True failed=
2026-09-09 09:38:10 OK port 29081 [quick] height=8722 peers=2 p2p=aligned aligned=True failed=
2026-09-09 09:38:10 OK port 29082 [quick] height=8722 peers=2 p2p=aligned aligned=True failed=
2026-09-09 09:38:10 OK mesh aligned 29080:h8722/p2 29081:h8722/p2 29082:h8722/p2
2026-09-09 09:43:11 OK port 29080 [full] height=8741 peers=2 p2p=aligned aligned=True failed=
2026-09-09 09:43:11 OK port 29081 [full] height=8741 peers=2 p2p=aligned aligned=True failed=
2026-09-09 09:43:11 OK port 29082 [full] height=8741 peers=2 p2p=aligned aligned=True failed=
2026-09-09 09:43:11 OK mesh aligned 29080:h8741/p2 29081:h8741/p2 29082:h8741/p2
2026-09-09 09:48:14 OK port 29080 [quick] height=8761 peers=2 p2p=aligned aligned=True failed=
2026-09-09 09:48:14 OK port 29081 [quick] height=8761 peers=2 p2p=aligned aligned=True failed=
2026-09-09 09:48:14 OK port 29082 [quick] height=8761 peers=2 p2p=aligned aligned=True failed=
2026-09-09 09:48:14 OK mesh aligned 29080:h8761/p2 29081:h8761/p2 29082:h8761/p2
2026-09-09 09:53:15 OK port 29080 [quick] height=8780 peers=2 p2p=aligned aligned=True failed=
2026-09-09 09:53:15 OK port 29081 [quick] height=8780 peers=2 p2p=aligned aligned=True failed=
2026-09-09 09:53:15 OK port 29082 [quick] height=8780 peers=2 p2p=aligned aligned=True failed=
2026-09-09 09:53:15 OK mesh aligned 29080:h8780/p2 29081:h8780/p2 29082:h8780/p2
2026-09-09 09:58:20 OK port 29080 [quick] height=8800 peers=2 p2p=aligned aligned=True failed=
2026-09-09 09:58:20 OK port 29081 [quick] height=8800 peers=2 p2p=aligned aligned=True failed=
2026-09-09 09:58:20 OK port 29082 [quick] height=8800 peers=2 p2p=aligned aligned=True failed=
2026-09-09 09:58:20 OK mesh aligned 29080:h8800/p2 29081:h8800/p2 29082:h8800/p2
2026-09-09 10:03:20 OK port 29080 [quick] height=8819 peers=2 p2p=aligned aligned=True failed=
2026-09-09 10:03:20 OK port 29081 [quick] height=8819 peers=2 p2p=aligned aligned=True failed=
2026-09-09 10:03:20 OK port 29082 [quick] height=8819 peers=2 p2p=aligned aligned=True failed=
2026-09-09 10:03:20 OK mesh aligned 29080:h8819/p2 29081:h8819/p2 29082:h8819/p2
2026-09-09 10:08:24 OK port 29080 [quick] height=8839 peers=2 p2p=aligned aligned=True failed=
2026-09-09 10:08:24 OK port 29081 [quick] height=8839 peers=2 p2p=aligned aligned=True failed=
2026-09-09 10:08:24 OK port 29082 [quick] height=8839 peers=2 p2p=aligned aligned=True failed=
2026-09-09 10:08:24 OK mesh aligned 29080:h8839/p2 29081:h8839/p2 29082:h8839/p2
2026-09-09 10:13:25 OK port 29080 [full] height=8858 peers=2 p2p=aligned aligned=True failed=
2026-09-09 10:13:25 OK port 29081 [full] height=8858 peers=2 p2p=aligned aligned=True failed=
2026-09-09 10:13:25 OK port 29082 [full] height=8858 peers=2 p2p=aligned aligned=True failed=
2026-09-09 10:13:25 OK mesh aligned 29080:h8858/p2 29081:h8858/p2 29082:h8858/p2
2026-09-09 10:18:29 OK port 29080 [quick] height=8878 peers=2 p2p=aligned aligned=True failed=
2026-09-09 10:18:29 OK port 29081 [quick] height=8878 peers=2 p2p=aligned aligned=True failed=
2026-09-09 10:18:29 OK port 29082 [quick] height=8878 peers=2 p2p=aligned aligned=True failed=
2026-09-09 10:18:29 OK mesh aligned 29080:h8878/p2 29081:h8878/p2 29082:h8878/p2
2026-09-09 10:23:29 OK port 29080 [quick] height=8897 peers=2 p2p=aligned aligned=True failed=
2026-09-09 10:23:29 OK port 29081 [quick] height=8897 peers=2 p2p=aligned aligned=True failed=
2026-09-09 10:23:29 OK port 29082 [quick] height=8897 peers=2 p2p=aligned aligned=True failed=
2026-09-09 10:23:29 OK mesh aligned 29080:h8897/p2 29081:h8897/p2 29082:h8897/p2
2026-09-09 10:28:33 OK port 29080 [quick] height=8917 peers=2 p2p=inconsistent aligned=True failed=
2026-09-09 10:28:33 OK port 29081 [quick] height=8917 peers=2 p2p=inconsistent aligned=True failed=
2026-09-09 10:28:33 OK port 29082 [quick] height=8917 peers=2 p2p=inconsistent aligned=True failed=
2026-09-09 10:28:33 OK mesh aligned 29080:h8917/p2 29081:h8917/p2 29082:h8917/p2
2026-09-09 10:33:34 OK port 29080 [quick] height=8936 peers=2 p2p=aligned aligned=True failed=
2026-09-09 10:33:34 OK port 29081 [quick] height=8936 peers=2 p2p=aligned aligned=True failed=
2026-09-09 10:33:34 OK port 29082 [quick] height=8936 peers=2 p2p=aligned aligned=True failed=
2026-09-09 10:33:34 OK mesh aligned 29080:h8936/p2 29081:h8936/p2 29082:h8936/p2
2026-09-09 10:38:38 OK port 29080 [quick] height=8956 peers=2 p2p=inconsistent aligned=True failed=
2026-09-09 10:38:38 OK port 29081 [quick] height=8956 peers=2 p2p=inconsistent aligned=True failed=
2026-09-09 10:38:38 OK port 29082 [quick] height=8956 peers=2 p2p=inconsistent aligned=True failed=
2026-09-09 10:38:38 OK mesh aligned 29080:h8956/p2 29081:h8956/p2 29082:h8956/p2
2026-09-09 10:43:39 OK port 29080 [full] height=8975 peers=2 p2p=aligned aligned=True failed=
2026-09-09 10:43:39 OK port 29081 [full] height=8975 peers=2 p2p=aligned aligned=True failed=
2026-09-09 10:43:39 OK port 29082 [full] height=8975 peers=2 p2p=aligned aligned=True failed=
2026-09-09 10:43:39 OK mesh aligned 29080:h8975/p2 29081:h8975/p2 29082:h8975/p2
2026-09-09 10:48:43 OK port 29080 [quick] height=8995 peers=2 p2p=inconsistent aligned=True failed=
2026-09-09 10:48:43 OK port 29081 [quick] height=8994 peers=2 p2p=aligned aligned=True failed=
2026-09-09 10:48:43 OK port 29082 [quick] height=8994 peers=2 p2p=aligned aligned=True failed=
2026-09-09 10:48:43 OK mesh aligned 29080:h8995/p2 29081:h8994/p2 29082:h8994/p2 transient_delta=1
2026-09-09 10:53:45 OK port 29080 [quick] height=9014 peers=2 p2p=aligned aligned=True failed=
2026-09-09 10:53:45 OK port 29081 [quick] height=9014 peers=2 p2p=aligned aligned=True failed=
2026-09-09 10:53:45 OK port 29082 [quick] height=9014 peers=2 p2p=aligned aligned=True failed=
2026-09-09 10:53:45 OK mesh aligned 29080:h9014/p2 29081:h9014/p2 29082:h9014/p2
2026-09-09 10:58:49 OK port 29080 [quick] height=9034 peers=2 p2p=inconsistent aligned=True failed=
2026-09-09 10:58:49 OK port 29081 [quick] height=9034 peers=2 p2p=inconsistent aligned=True failed=
2026-09-09 10:58:49 OK port 29082 [quick] height=9034 peers=2 p2p=inconsistent aligned=True failed=
2026-09-09 10:58:49 OK mesh aligned 29080:h9034/p2 29081:h9034/p2 29082:h9034/p2
2026-09-09 11:03:49 OK port 29080 [quick] height=9053 peers=2 p2p=aligned aligned=True failed=
2026-09-09 11:03:49 OK port 29081 [quick] height=9053 peers=2 p2p=aligned aligned=True failed=
2026-09-09 11:03:49 OK port 29082 [quick] height=9053 peers=2 p2p=aligned aligned=True failed=
2026-09-09 11:03:49 OK mesh aligned 29080:h9053/p2 29081:h9053/p2 29082:h9053/p2
2026-09-09 11:08:54 OK port 29080 [quick] height=9073 peers=2 p2p=inconsistent aligned=True failed=
2026-09-09 11:08:54 OK port 29081 [quick] height=9073 peers=2 p2p=inconsistent aligned=True failed=
2026-09-09 11:08:54 OK port 29082 [quick] height=9073 peers=2 p2p=inconsistent aligned=True failed=
2026-09-09 11:08:54 OK mesh aligned 29080:h9073/p2 29081:h9073/p2 29082:h9073/p2
2026-09-09 11:13:55 OK port 29080 [full] height=9092 peers=2 p2p=aligned aligned=True failed=
2026-09-09 11:13:55 OK port 29081 [full] height=9092 peers=2 p2p=aligned aligned=True failed=
2026-09-09 11:13:55 OK port 29082 [full] height=9092 peers=2 p2p=aligned aligned=True failed=
2026-09-09 11:13:55 OK mesh aligned 29080:h9092/p2 29081:h9092/p2 29082:h9092/p2
2026-09-09 11:18:58 OK port 29080 [quick] height=9112 peers=2 p2p=inconsistent aligned=True failed=
2026-09-09 11:18:58 OK port 29081 [quick] height=9112 peers=2 p2p=inconsistent aligned=True failed=
2026-09-09 11:18:58 OK port 29082 [quick] height=9112 peers=2 p2p=inconsistent aligned=True failed=
2026-09-09 11:18:58 OK mesh aligned 29080:h9112/p2 29081:h9112/p2 29082:h9112/p2
2026-09-09 11:24:00 OK port 29080 [quick] height=9131 peers=2 p2p=aligned aligned=True failed=
2026-09-09 11:24:00 OK port 29081 [quick] height=9131 peers=2 p2p=aligned aligned=True failed=
2026-09-09 11:24:00 OK port 29082 [quick] height=9131 peers=2 p2p=aligned aligned=True failed=
2026-09-09 11:24:00 OK mesh aligned 29080:h9131/p2 29081:h9131/p2 29082:h9131/p2
2026-09-09 11:29:04 OK port 29080 [quick] height=9151 peers=2 p2p=inconsistent aligned=True failed=
2026-09-09 11:29:04 OK port 29081 [quick] height=9151 peers=2 p2p=inconsistent aligned=True failed=
2026-09-09 11:29:04 OK port 29082 [quick] height=9151 peers=2 p2p=inconsistent aligned=True failed=
2026-09-09 11:29:04 OK mesh aligned 29080:h9151/p2 29081:h9151/p2 29082:h9151/p2
2026-09-09 11:34:06 OK port 29080 [quick] height=9170 peers=2 p2p=aligned aligned=True failed=
2026-09-09 11:34:06 OK port 29081 [quick] height=9170 peers=2 p2p=aligned aligned=True failed=
2026-09-09 11:34:06 OK port 29082 [quick] height=9170 peers=2 p2p=aligned aligned=True failed=
2026-09-09 11:34:06 OK mesh aligned 29080:h9170/p2 29081:h9170/p2 29082:h9170/p2
2026-09-09 11:39:10 OK port 29080 [quick] height=9190 peers=2 p2p=aligned aligned=True failed=
2026-09-09 11:39:10 OK port 29081 [quick] height=9190 peers=2 p2p=inconsistent aligned=True failed=
2026-09-09 11:39:10 OK port 29082 [quick] height=9190 peers=2 p2p=inconsistent aligned=True failed=
2026-09-09 11:39:10 OK mesh aligned 29080:h9190/p2 29081:h9190/p2 29082:h9190/p2
2026-09-09 11:44:13 OK port 29080 [full] height=9209 peers=2 p2p=aligned aligned=True failed=
2026-09-09 11:44:13 OK port 29081 [full] height=9209 peers=2 p2p=aligned aligned=True failed=
2026-09-09 11:44:13 OK port 29082 [full] height=9209 peers=2 p2p=aligned aligned=True failed=
2026-09-09 11:44:13 OK mesh aligned 29080:h9209/p2 29081:h9209/p2 29082:h9209/p2
2026-09-09 11:49:17 OK port 29080 [quick] height=9229 peers=2 p2p=aligned aligned=True failed=
2026-09-09 11:49:17 OK port 29081 [quick] height=9229 peers=2 p2p=aligned aligned=True failed=
2026-09-09 11:49:17 OK port 29082 [quick] height=9229 peers=2 p2p=aligned aligned=True failed=
2026-09-09 11:49:17 OK mesh aligned 29080:h9229/p2 29081:h9229/p2 29082:h9229/p2
2026-09-09 11:54:18 OK port 29080 [quick] height=9248 peers=2 p2p=aligned aligned=True failed=
2026-09-09 11:54:18 OK port 29081 [quick] height=9248 peers=2 p2p=aligned aligned=True failed=
2026-09-09 11:54:18 OK port 29082 [quick] height=9248 peers=2 p2p=aligned aligned=True failed=
2026-09-09 11:54:18 OK mesh aligned 29080:h9248/p2 29081:h9248/p2 29082:h9248/p2
2026-09-09 11:59:22 OK port 29080 [quick] height=9268 peers=2 p2p=inconsistent aligned=True failed=
2026-09-09 11:59:22 OK port 29081 [quick] height=9268 peers=2 p2p=inconsistent aligned=True failed=
2026-09-09 11:59:22 OK port 29082 [quick] height=9268 peers=2 p2p=aligned aligned=True failed=
2026-09-09 11:59:22 OK mesh aligned 29080:h9268/p2 29081:h9268/p2 29082:h9268/p2
2026-09-09 12:04:24 OK port 29080 [quick] height=9287 peers=2 p2p=aligned aligned=True failed=
2026-09-09 12:04:24 OK port 29081 [quick] height=9287 peers=2 p2p=aligned aligned=True failed=
2026-09-09 12:04:24 OK port 29082 [quick] height=9287 peers=2 p2p=aligned aligned=True failed=
2026-09-09 12:04:24 OK mesh aligned 29080:h9287/p2 29081:h9287/p2 29082:h9287/p2
2026-09-09 12:09:28 OK port 29080 [quick] height=9307 peers=2 p2p=aligned aligned=True failed=
2026-09-09 12:09:28 OK port 29081 [quick] height=9307 peers=2 p2p=aligned aligned=True failed=
2026-09-09 12:09:28 OK port 29082 [quick] height=9307 peers=2 p2p=aligned aligned=True failed=
2026-09-09 12:09:28 OK mesh aligned 29080:h9307/p2 29081:h9307/p2 29082:h9307/p2
2026-09-09 12:14:29 OK port 29080 [full] height=9326 peers=2 p2p=aligned aligned=True failed=
2026-09-09 12:14:29 OK port 29081 [full] height=9326 peers=2 p2p=aligned aligned=True failed=
2026-09-09 12:14:29 OK port 29082 [full] height=9326 peers=2 p2p=aligned aligned=True failed=
2026-09-09 12:14:29 OK mesh aligned 29080:h9326/p2 29081:h9326/p2 29082:h9326/p2
2026-09-09 12:19:33 OK port 29080 [quick] height=9346 peers=2 p2p=aligned aligned=True failed=
2026-09-09 12:19:33 OK port 29081 [quick] height=9346 peers=2 p2p=aligned aligned=True failed=
2026-09-09 12:19:33 OK port 29082 [quick] height=9346 peers=2 p2p=aligned aligned=True failed=
2026-09-09 12:19:33 OK mesh aligned 29080:h9346/p2 29081:h9346/p2 29082:h9346/p2
2026-09-09 12:24:35 OK port 29080 [quick] height=9365 peers=2 p2p=aligned aligned=True failed=
2026-09-09 12:24:35 OK port 29081 [quick] height=9365 peers=2 p2p=aligned aligned=True failed=
2026-09-09 12:24:35 OK port 29082 [quick] height=9365 peers=2 p2p=aligned aligned=True failed=
2026-09-09 12:24:35 OK mesh aligned 29080:h9365/p2 29081:h9365/p2 29082:h9365/p2
2026-09-09 12:29:39 OK port 29080 [quick] height=9385 peers=2 p2p=inconsistent aligned=True failed=
2026-09-09 12:29:39 OK port 29081 [quick] height=9385 peers=2 p2p=inconsistent aligned=True failed=
2026-09-09 12:29:39 OK port 29082 [quick] height=9385 peers=2 p2p=inconsistent aligned=True failed=
2026-09-09 12:29:39 OK mesh aligned 29080:h9385/p2 29081:h9385/p2 29082:h9385/p2
2026-09-09 12:34:41 OK port 29080 [quick] height=9404 peers=2 p2p=aligned aligned=True failed=
2026-09-09 12:34:41 OK port 29081 [quick] height=9404 peers=2 p2p=aligned aligned=True failed=
2026-09-09 12:34:41 OK port 29082 [quick] height=9404 peers=2 p2p=aligned aligned=True failed=
2026-09-09 12:34:41 OK mesh aligned 29080:h9404/p2 29081:h9404/p2 29082:h9404/p2
2026-09-09 12:39:46 OK port 29080 [quick] height=9424 peers=2 p2p=inconsistent aligned=True failed=
2026-09-09 12:39:46 OK port 29081 [quick] height=9423 peers=2 p2p=aligned aligned=True failed=
2026-09-09 12:39:46 OK port 29082 [quick] height=9423 peers=2 p2p=aligned aligned=True failed=
2026-09-09 12:39:46 OK mesh aligned 29080:h9424/p2 29081:h9423/p2 29082:h9423/p2 transient_delta=1
2026-09-09 12:44:49 OK port 29080 [full] height=9443 peers=2 p2p=aligned aligned=True failed=
2026-09-09 12:44:49 OK port 29081 [full] height=9443 peers=2 p2p=aligned aligned=True failed=
2026-09-09 12:44:49 OK port 29082 [full] height=9443 peers=2 p2p=aligned aligned=True failed=
2026-09-09 12:44:49 OK mesh aligned 29080:h9443/p2 29081:h9443/p2 29082:h9443/p2
2026-09-09 12:49:53 OK port 29080 [quick] height=9463 peers=2 p2p=inconsistent aligned=True failed=
2026-09-09 12:49:53 OK port 29081 [quick] height=9462 peers=2 p2p=aligned aligned=True failed=
2026-09-09 12:49:53 OK port 29082 [quick] height=9462 peers=2 p2p=aligned aligned=True failed=
2026-09-09 12:49:53 OK mesh aligned 29080:h9463/p2 29081:h9462/p2 29082:h9462/p2 transient_delta=1
2026-09-09 12:54:57 OK port 29080 [quick] height=9482 peers=2 p2p=aligned aligned=True failed=
2026-09-09 12:54:57 OK port 29081 [quick] height=9482 peers=2 p2p=aligned aligned=True failed=
2026-09-09 12:54:57 OK port 29082 [quick] height=9482 peers=2 p2p=aligned aligned=True failed=
2026-09-09 12:54:57 OK mesh aligned 29080:h9482/p2 29081:h9482/p2 29082:h9482/p2
2026-09-09 13:00:02 OK port 29080 [quick] height=9502 peers=2 p2p=inconsistent aligned=True failed=
2026-09-09 13:00:02 OK port 29081 [quick] height=9501 peers=2 p2p=aligned aligned=True failed=
2026-09-09 13:00:02 OK port 29082 [quick] height=9501 peers=2 p2p=aligned aligned=True failed=
2026-09-09 13:00:02 OK mesh aligned 29080:h9502/p2 29081:h9501/p2 29082:h9501/p2 transient_delta=1
2026-09-09 13:05:06 OK port 29080 [quick] height=9521 peers=2 p2p=aligned aligned=True failed=
2026-09-09 13:05:06 OK port 29081 [quick] height=9521 peers=2 p2p=aligned aligned=True failed=
2026-09-09 13:05:06 OK port 29082 [quick] height=9521 peers=2 p2p=aligned aligned=True failed=
2026-09-09 13:05:06 OK mesh aligned 29080:h9521/p2 29081:h9521/p2 29082:h9521/p2
2026-09-09 13:10:10 OK port 29080 [quick] height=9541 peers=2 p2p=inconsistent aligned=True failed=
2026-09-09 13:10:10 OK port 29081 [quick] height=9540 peers=2 p2p=aligned aligned=True failed=
2026-09-09 13:10:10 OK port 29082 [quick] height=9540 peers=2 p2p=aligned aligned=True failed=
2026-09-09 13:10:10 OK mesh aligned 29080:h9541/p2 29081:h9540/p2 29082:h9540/p2 transient_delta=1
2026-09-09 13:15:14 OK port 29080 [full] height=9560 peers=2 p2p=aligned aligned=True failed=
2026-09-09 13:15:14 OK port 29081 [full] height=9560 peers=2 p2p=aligned aligned=True failed=
2026-09-09 13:15:14 OK port 29082 [full] height=9560 peers=2 p2p=aligned aligned=True failed=
2026-09-09 13:15:14 OK mesh aligned 29080:h9560/p2 29081:h9560/p2 29082:h9560/p2
2026-09-09 13:20:19 OK port 29080 [quick] height=9580 peers=2 p2p=aligned aligned=True failed=
2026-09-09 13:20:19 OK port 29081 [quick] height=9580 peers=2 p2p=inconsistent aligned=True failed=
2026-09-09 13:20:19 OK port 29082 [quick] height=9580 peers=2 p2p=inconsistent aligned=True failed=
2026-09-09 13:20:19 OK mesh aligned 29080:h9580/p2 29081:h9580/p2 29082:h9580/p2
2026-09-09 13:25:22 OK port 29080 [quick] height=9599 peers=2 p2p=aligned aligned=True failed=
2026-09-09 13:25:22 OK port 29081 [quick] height=9599 peers=2 p2p=aligned aligned=True failed=
2026-09-09 13:25:22 OK port 29082 [quick] height=9599 peers=2 p2p=aligned aligned=True failed=
2026-09-09 13:25:22 OK mesh aligned 29080:h9599/p2 29081:h9599/p2 29082:h9599/p2
2026-09-09 13:30:26 OK port 29080 [quick] height=9619 peers=2 p2p=inconsistent aligned=True failed=
2026-09-09 13:30:26 OK port 29081 [quick] height=9619 peers=2 p2p=inconsistent aligned=True failed=
2026-09-09 13:30:26 OK port 29082 [quick] height=9619 peers=2 p2p=inconsistent aligned=True failed=
2026-09-09 13:30:26 OK mesh aligned 29080:h9619/p2 29081:h9619/p2 29082:h9619/p2
2026-09-09 13:35:30 OK port 29080 [quick] height=9638 peers=2 p2p=aligned aligned=True failed=
2026-09-09 13:35:30 OK port 29081 [quick] height=9638 peers=2 p2p=aligned aligned=True failed=
2026-09-09 13:35:30 OK port 29082 [quick] height=9638 peers=2 p2p=aligned aligned=True failed=
2026-09-09 13:35:30 OK mesh aligned 29080:h9638/p2 29081:h9638/p2 29082:h9638/p2
2026-09-09 13:40:34 OK port 29080 [quick] height=9658 peers=2 p2p=inconsistent aligned=True failed=
2026-09-09 13:40:34 OK port 29081 [quick] height=9657 peers=2 p2p=aligned aligned=True failed=
2026-09-09 13:40:34 OK port 29082 [quick] height=9657 peers=2 p2p=aligned aligned=True failed=
2026-09-09 13:40:34 OK mesh aligned 29080:h9658/p2 29081:h9657/p2 29082:h9657/p2 transient_delta=1
2026-09-09 13:45:40 OK port 29080 [full] height=9677 peers=2 p2p=aligned aligned=True failed=peer_probe_ok
2026-09-09 13:45:40 OK port 29081 [full] height=9677 peers=2 p2p=aligned aligned=True failed=
2026-09-09 13:45:40 OK port 29082 [full] height=9677 peers=2 p2p=aligned aligned=True failed=
2026-09-09 13:45:40 OK mesh aligned 29080:h9677/p2 29081:h9677/p2 29082:h9677/p2
2026-09-09 13:50:44 OK port 29080 [quick] height=9697 peers=2 p2p=inconsistent aligned=True failed=
2026-09-09 13:50:44 OK port 29081 [quick] height=9696 peers=2 p2p=aligned aligned=True failed=
2026-09-09 13:50:44 OK port 29082 [quick] height=9696 peers=2 p2p=aligned aligned=True failed=
2026-09-09 13:50:44 OK mesh aligned 29080:h9697/p2 29081:h9696/p2 29082:h9696/p2 transient_delta=1
2026-09-09 13:55:48 OK port 29080 [quick] height=9716 peers=2 p2p=aligned aligned=True failed=
2026-09-09 13:55:48 OK port 29081 [quick] height=9716 peers=2 p2p=aligned aligned=True failed=
2026-09-09 13:55:48 OK port 29082 [quick] height=9716 peers=2 p2p=aligned aligned=True failed=
2026-09-09 13:55:48 OK mesh aligned 29080:h9716/p2 29081:h9716/p2 29082:h9716/p2
2026-09-09 14:00:51 OK port 29080 [quick] height=9735 peers=2 p2p=aligned aligned=True failed=
2026-09-09 14:00:51 OK port 29081 [quick] height=9735 peers=2 p2p=aligned aligned=True failed=
2026-09-09 14:00:51 OK port 29082 [quick] height=9735 peers=2 p2p=aligned aligned=True failed=
2026-09-09 14:00:51 OK mesh aligned 29080:h9735/p2 29081:h9735/p2 29082:h9735/p2
2026-09-09 14:05:55 OK port 29080 [quick] height=9754 peers=2 p2p=aligned aligned=True failed=
2026-09-09 14:05:55 OK port 29081 [quick] height=9754 peers=2 p2p=aligned aligned=True failed=
2026-09-09 14:05:55 OK port 29082 [quick] height=9754 peers=2 p2p=aligned aligned=True failed=
2026-09-09 14:05:55 OK mesh aligned 29080:h9754/p2 29081:h9754/p2 29082:h9754/p2
2026-09-09 14:10:59 OK port 29080 [quick] height=9774 peers=2 p2p=aligned aligned=True failed=
2026-09-09 14:10:59 OK port 29081 [quick] height=9774 peers=2 p2p=aligned aligned=True failed=
2026-09-09 14:10:59 OK port 29082 [quick] height=9774 peers=2 p2p=aligned aligned=True failed=
2026-09-09 14:10:59 OK mesh aligned 29080:h9774/p2 29081:h9774/p2 29082:h9774/p2
2026-09-09 14:16:03 OK port 29080 [full] height=9793 peers=2 p2p=aligned aligned=True failed=
2026-09-09 14:16:03 OK port 29081 [full] height=9793 peers=2 p2p=aligned aligned=True failed=
2026-09-09 14:16:03 OK port 29082 [full] height=9793 peers=2 p2p=aligned aligned=True failed=
2026-09-09 14:16:03 OK mesh aligned 29080:h9793/p2 29081:h9793/p2 29082:h9793/p2
2026-09-09 14:21:08 OK port 29080 [quick] height=9813 peers=2 p2p=inconsistent aligned=True failed=
2026-09-09 14:21:08 OK port 29081 [quick] height=9812 peers=2 p2p=aligned aligned=True failed=
2026-09-09 14:21:08 OK port 29082 [quick] height=9812 peers=2 p2p=aligned aligned=True failed=
2026-09-09 14:21:08 OK mesh aligned 29080:h9813/p2 29081:h9812/p2 29082:h9812/p2 transient_delta=1
2026-09-09 14:26:12 OK port 29080 [quick] height=9832 peers=2 p2p=aligned aligned=True failed=
2026-09-09 14:26:12 OK port 29081 [quick] height=9832 peers=2 p2p=aligned aligned=True failed=
2026-09-09 14:26:12 OK port 29082 [quick] height=9832 peers=2 p2p=aligned aligned=True failed=
2026-09-09 14:26:12 OK mesh aligned 29080:h9832/p2 29081:h9832/p2 29082:h9832/p2
2026-09-09 14:31:15 OK port 29080 [quick] height=9851 peers=2 p2p=aligned aligned=True failed=peer_probe_ok,p2p_state_consistent
2026-09-09 14:31:15 OK port 29081 [quick] height=9851 peers=2 p2p=aligned aligned=True failed=
2026-09-09 14:31:15 OK port 29082 [quick] height=9851 peers=2 p2p=aligned aligned=True failed=
2026-09-09 14:31:15 OK mesh aligned 29080:h9851/p2 29081:h9851/p2 29082:h9851/p2
2026-09-09 14:36:19 OK port 29080 [quick] height=9870 peers=2 p2p=aligned aligned=True failed=
2026-09-09 14:36:19 OK port 29081 [quick] height=9870 peers=2 p2p=aligned aligned=True failed=
2026-09-09 14:36:19 OK port 29082 [quick] height=9870 peers=2 p2p=aligned aligned=True failed=
2026-09-09 14:36:19 OK mesh aligned 29080:h9870/p2 29081:h9870/p2 29082:h9870/p2
2026-09-09 14:41:20 OK port 29080 [quick] height=9889 peers=2 p2p=aligned aligned=True failed=
2026-09-09 14:41:20 OK port 29081 [quick] height=9889 peers=2 p2p=aligned aligned=True failed=
2026-09-09 14:41:20 OK port 29082 [quick] height=9889 peers=2 p2p=aligned aligned=True failed=
2026-09-09 14:41:20 OK mesh aligned 29080:h9889/p2 29081:h9889/p2 29082:h9889/p2
2026-09-09 14:46:29 OK port 29080 [full] height=9909 peers=2 p2p=inconsistent aligned=True failed=peer_probe_ok
2026-09-09 14:46:29 OK port 29081 [full] height=9908 peers=2 p2p=aligned aligned=True failed=peer_probe_ok
2026-09-09 14:46:29 OK port 29082 [full] height=9908 peers=2 p2p=aligned aligned=True failed=peer_probe_ok
2026-09-09 14:46:29 OK mesh aligned 29080:h9909/p2 29081:h9908/p2 29082:h9908/p2 transient_delta=1
2026-09-09 14:51:33 OK port 29080 [quick] height=9928 peers=2 p2p=aligned aligned=True failed=
2026-09-09 14:51:33 OK port 29081 [quick] height=9928 peers=2 p2p=aligned aligned=True failed=
2026-09-09 14:51:33 OK port 29082 [quick] height=9928 peers=2 p2p=aligned aligned=True failed=
2026-09-09 14:51:33 OK mesh aligned 29080:h9928/p2 29081:h9928/p2 29082:h9928/p2
2026-09-09 14:56:38 OK port 29080 [quick] height=9948 peers=2 p2p=inconsistent aligned=True failed=
2026-09-09 14:56:38 OK port 29081 [quick] height=9947 peers=2 p2p=aligned aligned=True failed=
2026-09-09 14:56:38 OK port 29082 [quick] height=9947 peers=2 p2p=aligned aligned=True failed=
2026-09-09 14:56:38 OK mesh aligned 29080:h9948/p2 29081:h9947/p2 29082:h9947/p2 transient_delta=1
2026-09-09 15:01:41 OK port 29080 [quick] height=9967 peers=2 p2p=inconsistent aligned=True failed=
2026-09-09 15:01:41 OK port 29081 [quick] height=9967 peers=2 p2p=aligned aligned=True failed=
2026-09-09 15:01:41 OK port 29082 [quick] height=9967 peers=2 p2p=inconsistent aligned=True failed=
2026-09-09 15:01:41 OK mesh aligned 29080:h9967/p2 29081:h9967/p2 29082:h9967/p2
2026-09-09 15:06:46 OK port 29080 [quick] height=9986 peers=2 p2p=inconsistent aligned=True failed=
2026-09-09 15:06:46 OK port 29081 [quick] height=9985 peers=2 p2p=aligned aligned=True failed=
2026-09-09 15:06:46 OK port 29082 [quick] height=9985 peers=2 p2p=aligned aligned=True failed=
2026-09-09 15:06:46 OK mesh aligned 29080:h9986/p2 29081:h9985/p2 29082:h9985/p2 transient_delta=1
2026-09-09 15:11:48 OK port 29080 [quick] height=10004 peers=2 p2p=aligned aligned=True failed=
2026-09-09 15:11:48 OK port 29081 [quick] height=10004 peers=2 p2p=aligned aligned=True failed=
2026-09-09 15:11:48 OK port 29082 [quick] height=10004 peers=2 p2p=aligned aligned=True failed=
2026-09-09 15:11:48 OK mesh aligned 29080:h10004/p2 29081:h10004/p2 29082:h10004/p2
2026-09-09 15:16:50 OK port 29080 [full] height=10023 peers=2 p2p=aligned aligned=True failed=
2026-09-09 15:16:50 OK port 29081 [full] height=10023 peers=2 p2p=aligned aligned=True failed=
2026-09-09 15:16:50 OK port 29082 [full] height=10023 peers=2 p2p=aligned aligned=True failed=
2026-09-09 15:16:50 OK mesh aligned 29080:h10023/p2 29081:h10023/p2 29082:h10023/p2
2026-09-09 15:21:54 OK port 29080 [quick] height=10042 peers=2 p2p=inconsistent aligned=True failed=
2026-09-09 15:21:54 OK port 29081 [quick] height=10041 peers=2 p2p=aligned aligned=True failed=
2026-09-09 15:21:54 OK port 29082 [quick] height=10041 peers=2 p2p=aligned aligned=True failed=
2026-09-09 15:21:54 OK mesh aligned 29080:h10042/p2 29081:h10041/p2 29082:h10041/p2 transient_delta=1
2026-09-09 15:26:55 OK port 29080 [quick] height=10060 peers=2 p2p=inconsistent aligned=True failed=
2026-09-09 15:26:55 OK port 29081 [quick] height=10060 peers=2 p2p=aligned aligned=True failed=
2026-09-09 15:26:55 OK port 29082 [quick] height=10060 peers=2 p2p=aligned aligned=True failed=
2026-09-09 15:26:55 OK mesh aligned 29080:h10060/p2 29081:h10060/p2 29082:h10060/p2
2026-09-09 15:31:56 OK port 29080 [quick] height=10078 peers=2 p2p=aligned aligned=True failed=
2026-09-09 15:31:56 OK port 29081 [quick] height=10078 peers=2 p2p=aligned aligned=True failed=
2026-09-09 15:31:56 OK port 29082 [quick] height=10078 peers=2 p2p=aligned aligned=True failed=
2026-09-09 15:31:56 OK mesh aligned 29080:h10078/p2 29081:h10078/p2 29082:h10078/p2
2026-09-09 15:37:00 OK port 29080 [quick] height=10095 peers=2 p2p=aligned aligned=True failed=
2026-09-09 15:37:00 OK port 29081 [quick] height=10095 peers=2 p2p=inconsistent aligned=True failed=
2026-09-09 15:37:00 OK port 29082 [quick] height=10095 peers=2 p2p=inconsistent aligned=True failed=peer_probe_ok,p2p_state_consistent
2026-09-09 15:37:00 OK mesh aligned 29080:h10095/p2 29081:h10095/p2 29082:h10095/p2
2026-09-09 15:42:03 OK port 29080 [quick] height=10113 peers=2 p2p=aligned aligned=True failed=
2026-09-09 15:42:03 OK port 29081 [quick] height=10113 peers=2 p2p=aligned aligned=True failed=
2026-09-09 15:42:03 OK port 29082 [quick] height=10113 peers=2 p2p=aligned aligned=True failed=
2026-09-09 15:42:03 OK mesh aligned 29080:h10113/p2 29081:h10113/p2 29082:h10113/p2
2026-09-09 15:47:06 OK port 29080 [full] height=10131 peers=2 p2p=inconsistent aligned=True failed=
2026-09-09 15:47:06 OK port 29081 [full] height=10131 peers=2 p2p=aligned aligned=True failed=
2026-09-09 15:47:06 OK port 29082 [full] height=10131 peers=2 p2p=aligned aligned=True failed=
2026-09-09 15:47:06 OK mesh aligned 29080:h10131/p2 29081:h10131/p2 29082:h10131/p2
2026-09-09 15:52:07 OK port 29080 [quick] height=10149 peers=2 p2p=aligned aligned=True failed=
2026-09-09 15:52:07 OK port 29081 [quick] height=10149 peers=2 p2p=aligned aligned=True failed=
2026-09-09 15:52:07 OK port 29082 [quick] height=10149 peers=2 p2p=aligned aligned=True failed=
2026-09-09 15:52:07 OK mesh aligned 29080:h10149/p2 29081:h10149/p2 29082:h10149/p2
2026-09-09 15:57:08 OK port 29080 [quick] height=10168 peers=2 p2p=aligned aligned=True failed=
2026-09-09 15:57:08 OK port 29081 [quick] height=10168 peers=2 p2p=aligned aligned=True failed=
2026-09-09 15:57:08 OK port 29082 [quick] height=10168 peers=2 p2p=aligned aligned=True failed=
2026-09-09 15:57:08 OK mesh aligned 29080:h10168/p2 29081:h10168/p2 29082:h10168/p2
2026-09-09 16:02:12 OK port 29080 [quick] height=10185 peers=2 p2p=inconsistent aligned=True failed=
2026-09-09 16:02:12 OK port 29081 [quick] height=10185 peers=2 p2p=inconsistent aligned=True failed=
2026-09-09 16:02:12 OK port 29082 [quick] height=10185 peers=2 p2p=inconsistent aligned=True failed=
2026-09-09 16:02:13 OK mesh aligned 29080:h10185/p2 29081:h10185/p2 29082:h10185/p2
2026-09-09 16:07:18 OK port 29080 [quick] height=10203 peers=2 p2p=aligned aligned=True failed=
2026-09-09 16:07:18 OK port 29081 [quick] height=10203 peers=2 p2p=aligned aligned=True failed=
2026-09-09 16:07:18 OK port 29082 [quick] height=10203 peers=2 p2p=aligned aligned=True failed=
2026-09-09 16:07:18 OK mesh aligned 29080:h10203/p2 29081:h10203/p2 29082:h10203/p2
2026-09-09 16:12:23 OK port 29080 [quick] height=10221 peers=2 p2p=inconsistent aligned=True failed=
2026-09-09 16:12:23 OK port 29081 [quick] height=10221 peers=2 p2p=inconsistent aligned=True failed=
2026-09-09 16:12:23 OK port 29082 [quick] height=10221 peers=2 p2p=inconsistent aligned=True failed=
2026-09-09 16:12:23 OK mesh aligned 29080:h10221/p2 29081:h10221/p2 29082:h10221/p2
2026-09-09 16:17:34 OK port 29080 [full] height=10239 peers=2 p2p=inconsistent aligned=True failed=peer_probe_ok
2026-09-09 16:17:34 OK port 29081 [full] height=10239 peers=2 p2p=inconsistent aligned=True failed=peer_probe_ok
2026-09-09 16:17:34 OK port 29082 [full] height=10239 peers=2 p2p=inconsistent aligned=True failed=
2026-09-09 16:17:34 OK mesh aligned 29080:h10239/p2 29081:h10239/p2 29082:h10239/p2
2026-09-09 16:22:38 OK port 29080 [quick] height=10257 peers=2 p2p=aligned aligned=True failed=
2026-09-09 16:22:38 OK port 29081 [quick] height=10257 peers=2 p2p=aligned aligned=True failed=
2026-09-09 16:22:38 OK port 29082 [quick] height=10257 peers=2 p2p=aligned aligned=True failed=
2026-09-09 16:22:38 OK mesh aligned 29080:h10257/p2 29081:h10257/p2 29082:h10257/p2
2026-09-09 16:27:41 OK port 29080 [quick] height=10275 peers=2 p2p=aligned aligned=True failed=
2026-09-09 16:27:41 OK port 29081 [quick] height=10275 peers=2 p2p=aligned aligned=True failed=
2026-09-09 16:27:41 OK port 29082 [quick] height=10275 peers=2 p2p=aligned aligned=True failed=
2026-09-09 16:27:41 OK mesh aligned 29080:h10275/p2 29081:h10275/p2 29082:h10275/p2
2026-09-09 16:32:45 OK port 29080 [quick] height=10294 peers=2 p2p=inconsistent aligned=True failed=
2026-09-09 16:32:45 OK port 29081 [quick] height=10294 peers=2 p2p=inconsistent aligned=True failed=
2026-09-09 16:32:45 OK port 29082 [quick] height=10294 peers=2 p2p=inconsistent aligned=True failed=
2026-09-09 16:32:45 OK mesh aligned 29080:h10294/p2 29081:h10294/p2 29082:h10294/p2
2026-09-09 16:37:46 OK port 29080 [quick] height=10311 peers=2 p2p=inconsistent aligned=True failed=
2026-09-09 16:37:46 OK port 29081 [quick] height=10311 peers=2 p2p=aligned aligned=True failed=
2026-09-09 16:37:46 OK port 29082 [quick] height=10311 peers=2 p2p=aligned aligned=True failed=
2026-09-09 16:37:46 OK mesh aligned 29080:h10311/p2 29081:h10311/p2 29082:h10311/p2
2026-09-09 16:42:51 OK port 29080 [quick] height=10329 peers=2 p2p=inconsistent aligned=True failed=
2026-09-09 16:42:51 OK port 29081 [quick] height=10329 peers=2 p2p=inconsistent aligned=True failed=
2026-09-09 16:42:51 OK port 29082 [quick] height=10329 peers=2 p2p=inconsistent aligned=True failed=
2026-09-09 16:42:51 OK mesh aligned 29080:h10329/p2 29081:h10329/p2 29082:h10329/p2
2026-09-09 16:47:59 OK port 29080 [full] height=10347 peers=2 p2p=inconsistent aligned=True failed=peer_probe_ok
2026-09-09 16:47:59 OK port 29081 [full] height=10347 peers=2 p2p=inconsistent aligned=True failed=
2026-09-09 16:47:59 OK port 29082 [full] height=10347 peers=2 p2p=aligned aligned=True failed=peer_probe_ok
2026-09-09 16:47:59 OK mesh aligned 29080:h10347/p2 29081:h10347/p2 29082:h10347/p2
2026-09-09 16:53:06 OK port 29080 [quick] height=10365 peers=2 p2p=inconsistent aligned=True failed=
2026-09-09 16:53:06 OK port 29081 [quick] height=10364 peers=2 p2p=aligned aligned=True failed=
2026-09-09 16:53:06 OK port 29082 [quick] height=10364 peers=2 p2p=aligned aligned=True failed=
2026-09-09 16:53:06 OK mesh aligned 29080:h10365/p2 29081:h10364/p2 29082:h10364/p2 transient_delta=1
2026-09-09 16:58:09 OK port 29080 [quick] height=10382 peers=2 p2p=inconsistent aligned=True failed=
2026-09-09 16:58:09 OK port 29081 [quick] height=10382 peers=2 p2p=inconsistent aligned=True failed=
2026-09-09 16:58:09 OK port 29082 [quick] height=10382 peers=2 p2p=inconsistent aligned=True failed=
2026-09-09 16:58:09 OK mesh aligned 29080:h10382/p2 29081:h10382/p2 29082:h10382/p2
2026-09-09 17:03:14 OK port 29080 [quick] height=10399 peers=2 p2p=aligned aligned=True failed=peer_probe_ok,p2p_state_consistent
2026-09-09 17:03:14 OK port 29081 [quick] height=10399 peers=2 p2p=aligned aligned=True failed=
2026-09-09 17:03:14 OK port 29082 [quick] height=10399 peers=2 p2p=aligned aligned=True failed=
2026-09-09 17:03:14 OK mesh aligned 29080:h10399/p2 29081:h10399/p2 29082:h10399/p2
2026-09-09 17:08:18 OK port 29080 [quick] height=10416 peers=2 p2p=inconsistent aligned=True failed=
2026-09-09 17:08:18 OK port 29081 [quick] height=10416 peers=2 p2p=inconsistent aligned=True failed=
2026-09-09 17:08:18 OK port 29082 [quick] height=10416 peers=2 p2p=inconsistent aligned=True failed=
2026-09-09 17:08:18 OK mesh aligned 29080:h10416/p2 29081:h10416/p2 29082:h10416/p2
2026-09-09 17:13:23 OK port 29080 [quick] height=10433 peers=2 p2p=aligned aligned=True failed=
2026-09-09 17:13:23 OK port 29081 [quick] height=10433 peers=2 p2p=inconsistent aligned=True failed=
2026-09-09 17:13:23 OK port 29082 [quick] height=10433 peers=2 p2p=aligned aligned=True failed=
2026-09-09 17:13:23 OK mesh aligned 29080:h10433/p2 29081:h10433/p2 29082:h10433/p2
2026-09-09 17:18:28 OK port 29080 [full] height=10449 peers=2 p2p=aligned aligned=True failed=
2026-09-09 17:18:28 OK port 29081 [full] height=10449 peers=2 p2p=aligned aligned=True failed=
2026-09-09 17:18:28 OK port 29082 [full] height=10449 peers=2 p2p=aligned aligned=True failed=
2026-09-09 17:18:28 OK mesh aligned 29080:h10449/p2 29081:h10449/p2 29082:h10449/p2
2026-09-09 17:23:33 OK port 29080 [quick] height=10466 peers=2 p2p=inconsistent aligned=True failed=peer_probe_ok,p2p_state_consistent
2026-09-09 17:23:33 OK port 29081 [quick] height=10466 peers=2 p2p=aligned aligned=True failed=
2026-09-09 17:23:33 OK port 29082 [quick] height=10466 peers=2 p2p=aligned aligned=True failed=
2026-09-09 17:23:33 OK mesh aligned 29080:h10466/p2 29081:h10466/p2 29082:h10466/p2
2026-09-09 17:28:38 OK port 29080 [quick] height=10484 peers=2 p2p=inconsistent aligned=True failed=
2026-09-09 17:28:38 OK port 29081 [quick] height=10483 peers=2 p2p=aligned aligned=True failed=
2026-09-09 17:28:38 OK port 29082 [quick] height=10483 peers=2 p2p=aligned aligned=True failed=
2026-09-09 17:28:38 OK mesh aligned 29080:h10484/p2 29081:h10483/p2 29082:h10483/p2 transient_delta=1
2026-09-09 17:33:42 OK port 29080 [quick] height=10501 peers=2 p2p=aligned aligned=True failed=
2026-09-09 17:33:42 OK port 29081 [quick] height=10501 peers=2 p2p=aligned aligned=True failed=
2026-09-09 17:33:42 OK port 29082 [quick] height=10501 peers=2 p2p=aligned aligned=True failed=
2026-09-09 17:33:42 OK mesh aligned 29080:h10501/p2 29081:h10501/p2 29082:h10501/p2
2026-09-09 17:38:47 OK port 29080 [quick] height=10518 peers=2 p2p=aligned aligned=True failed=
2026-09-09 17:38:47 OK port 29081 [quick] height=10518 peers=2 p2p=aligned aligned=True failed=
2026-09-09 17:38:47 OK port 29082 [quick] height=10518 peers=2 p2p=aligned aligned=True failed=
2026-09-09 17:38:47 OK mesh aligned 29080:h10518/p2 29081:h10518/p2 29082:h10518/p2
2026-09-09 17:43:54 OK port 29080 [quick] height=10535 peers=2 p2p=inconsistent aligned=True failed=
2026-09-09 17:43:54 OK port 29081 [quick] height=10535 peers=2 p2p=inconsistent aligned=True failed=
2026-09-09 17:43:54 OK port 29082 [quick] height=10535 peers=2 p2p=inconsistent aligned=True failed=
2026-09-09 17:43:54 OK mesh aligned 29080:h10535/p2 29081:h10535/p2 29082:h10535/p2
2026-09-09 17:49:05 OK port 29080 [full] height=10552 peers=2 p2p=inconsistent aligned=True failed=peer_probe_ok
2026-09-09 17:49:05 OK port 29081 [full] height=10551 peers=2 p2p=aligned aligned=True failed=peer_probe_ok
2026-09-09 17:49:05 OK port 29082 [full] height=10551 peers=2 p2p=aligned aligned=True failed=peer_probe_ok
2026-09-09 17:49:05 OK mesh aligned 29080:h10552/p2 29081:h10551/p2 29082:h10551/p2 transient_delta=1
2026-09-09 17:54:10 OK port 29080 [quick] height=10569 peers=2 p2p=inconsistent aligned=True failed=
2026-09-09 17:54:10 OK port 29081 [quick] height=10568 peers=2 p2p=aligned aligned=True failed=
2026-09-09 17:54:10 OK port 29082 [quick] height=10568 peers=2 p2p=aligned aligned=True failed=
2026-09-09 17:54:10 OK mesh aligned 29080:h10569/p2 29081:h10568/p2 29082:h10568/p2 transient_delta=1
2026-09-09 17:59:14 OK port 29080 [quick] height=10585 peers=2 p2p=aligned aligned=True failed=
2026-09-09 17:59:14 OK port 29081 [quick] height=10585 peers=2 p2p=aligned aligned=True failed=
2026-09-09 17:59:14 OK port 29082 [quick] height=10585 peers=2 p2p=aligned aligned=True failed=
2026-09-09 17:59:14 OK mesh aligned 29080:h10585/p2 29081:h10585/p2 29082:h10585/p2
2026-09-09 18:04:17 OK port 29080 [quick] height=10601 peers=2 p2p=inconsistent aligned=True failed=
2026-09-09 18:04:17 OK port 29081 [quick] height=10601 peers=2 p2p=aligned aligned=True failed=
2026-09-09 18:04:17 OK port 29082 [quick] height=10601 peers=2 p2p=aligned aligned=True failed=
2026-09-09 18:04:17 OK mesh aligned 29080:h10601/p2 29081:h10601/p2 29082:h10601/p2
2026-09-09 18:09:21 OK port 29080 [quick] height=10618 peers=2 p2p=aligned aligned=True failed=
2026-09-09 18:09:21 OK port 29081 [quick] height=10618 peers=2 p2p=aligned aligned=True failed=
2026-09-09 18:09:21 OK port 29082 [quick] height=10618 peers=2 p2p=aligned aligned=True failed=
2026-09-09 18:09:21 OK mesh aligned 29080:h10618/p2 29081:h10618/p2 29082:h10618/p2
2026-09-09 18:14:25 OK port 29080 [quick] height=10635 peers=2 p2p=inconsistent aligned=True failed=
2026-09-09 18:14:25 OK port 29081 [quick] height=10634 peers=2 p2p=aligned aligned=True failed=
2026-09-09 18:14:25 OK port 29082 [quick] height=10634 peers=2 p2p=aligned aligned=True failed=
2026-09-09 18:14:25 OK mesh aligned 29080:h10635/p2 29081:h10634/p2 29082:h10634/p2 transient_delta=1
2026-09-09 18:19:34 OK port 29080 [full] height=10651 peers=2 p2p=aligned aligned=True failed=peer_probe_ok,p2p_state_consistent
2026-09-09 18:19:34 OK port 29081 [full] height=10651 peers=2 p2p=aligned aligned=True failed=
2026-09-09 18:19:34 OK port 29082 [full] height=10651 peers=2 p2p=aligned aligned=True failed=
2026-09-09 18:19:34 OK mesh aligned 29080:h10651/p2 29081:h10651/p2 29082:h10651/p2
2026-09-09 18:24:38 OK port 29080 [quick] height=10668 peers=2 p2p=inconsistent aligned=True failed=
2026-09-09 18:24:38 OK port 29081 [quick] height=10667 peers=2 p2p=aligned aligned=True failed=
2026-09-09 18:24:38 OK port 29082 [quick] height=10667 peers=2 p2p=aligned aligned=True failed=
2026-09-09 18:24:38 OK mesh aligned 29080:h10668/p2 29081:h10667/p2 29082:h10667/p2 transient_delta=1
2026-09-09 18:29:42 OK port 29080 [quick] height=10684 peers=2 p2p=aligned aligned=True failed=
2026-09-09 18:29:42 OK port 29081 [quick] height=10684 peers=2 p2p=aligned aligned=True failed=
2026-09-09 18:29:42 OK port 29082 [quick] height=10684 peers=2 p2p=aligned aligned=True failed=
2026-09-09 18:29:42 OK mesh aligned 29080:h10684/p2 29081:h10684/p2 29082:h10684/p2
2026-09-09 18:34:48 OK port 29080 [quick] height=10700 peers=2 p2p=aligned aligned=True failed=
2026-09-09 18:34:48 OK port 29081 [quick] height=10700 peers=2 p2p=aligned aligned=True failed=
2026-09-09 18:34:48 OK port 29082 [quick] height=10700 peers=2 p2p=aligned aligned=True failed=
2026-09-09 18:34:48 OK mesh aligned 29080:h10700/p2 29081:h10700/p2 29082:h10700/p2
2026-09-09 18:39:54 OK port 29080 [quick] height=10717 peers=2 p2p=aligned aligned=True failed=
2026-09-09 18:39:54 OK port 29081 [quick] height=10717 peers=2 p2p=aligned aligned=True failed=
2026-09-09 18:39:54 OK port 29082 [quick] height=10717 peers=2 p2p=inconsistent aligned=True failed=
2026-09-09 18:39:54 OK mesh aligned 29080:h10717/p2 29081:h10717/p2 29082:h10717/p2
2026-09-09 18:44:59 OK port 29080 [quick] height=10733 peers=2 p2p=inconsistent aligned=True failed=
2026-09-09 18:44:59 OK port 29081 [quick] height=10733 peers=2 p2p=inconsistent aligned=True failed=
2026-09-09 18:44:59 OK port 29082 [quick] height=10733 peers=2 p2p=inconsistent aligned=True failed=
2026-09-09 18:44:59 OK mesh aligned 29080:h10733/p2 29081:h10733/p2 29082:h10733/p2
2026-09-09 18:50:06 OK port 29080 [full] height=10749 peers=2 p2p=inconsistent aligned=True failed=
2026-09-09 18:50:06 OK port 29081 [full] height=10749 peers=2 p2p=aligned aligned=True failed=
2026-09-09 18:50:06 OK port 29082 [full] height=10749 peers=2 p2p=aligned aligned=True failed=
2026-09-09 18:50:06 OK mesh aligned 29080:h10749/p2 29081:h10749/p2 29082:h10749/p2
2026-09-09 18:55:14 OK port 29080 [quick] height=10765 peers=2 p2p=inconsistent aligned=True failed=
2026-09-09 18:55:14 OK port 29081 [quick] height=10765 peers=2 p2p=inconsistent aligned=True failed=
2026-09-09 18:55:14 OK port 29082 [quick] height=10765 peers=2 p2p=inconsistent aligned=True failed=
2026-09-09 18:55:14 OK mesh aligned 29080:h10765/p2 29081:h10765/p2 29082:h10765/p2
2026-09-09 19:00:19 OK port 29080 [quick] height=10780 peers=2 p2p=aligned aligned=True failed=
2026-09-09 19:00:19 OK port 29081 [quick] height=10780 peers=2 p2p=aligned aligned=True failed=
2026-09-09 19:00:19 OK port 29082 [quick] height=10780 peers=2 p2p=aligned aligned=True failed=
2026-09-09 19:00:19 OK mesh aligned 29080:h10780/p2 29081:h10780/p2 29082:h10780/p2
2026-09-09 19:05:23 OK port 29080 [quick] height=10796 peers=2 p2p=aligned aligned=True failed=
2026-09-09 19:05:23 OK port 29081 [quick] height=10796 peers=2 p2p=aligned aligned=True failed=
2026-09-09 19:05:23 OK port 29082 [quick] height=10796 peers=2 p2p=aligned aligned=True failed=
2026-09-09 19:05:23 OK mesh aligned 29080:h10796/p2 29081:h10796/p2 29082:h10796/p2
2026-09-09 19:10:27 OK port 29080 [quick] height=10812 peers=2 p2p=aligned aligned=True failed=
2026-09-09 19:10:27 OK port 29081 [quick] height=10812 peers=2 p2p=aligned aligned=True failed=
2026-09-09 19:10:27 OK port 29082 [quick] height=10812 peers=2 p2p=aligned aligned=True failed=
2026-09-09 19:10:27 OK mesh aligned 29080:h10812/p2 29081:h10812/p2 29082:h10812/p2
2026-09-09 19:15:31 OK port 29080 [quick] height=10828 peers=2 p2p=inconsistent aligned=True failed=peer_probe_ok,p2p_state_consistent
2026-09-09 19:15:31 OK port 29081 [quick] height=10828 peers=2 p2p=aligned aligned=True failed=
2026-09-09 19:15:31 OK port 29082 [quick] height=10828 peers=2 p2p=aligned aligned=True failed=
2026-09-09 19:15:31 OK mesh aligned 29080:h10828/p2 29081:h10828/p2 29082:h10828/p2
2026-09-09 19:20:33 OK port 29080 [full] height=10843 peers=2 p2p=inconsistent aligned=True failed=
2026-09-09 19:20:33 OK port 29081 [full] height=10843 peers=2 p2p=aligned aligned=True failed=
2026-09-09 19:20:33 OK port 29082 [full] height=10843 peers=2 p2p=aligned aligned=True failed=
2026-09-09 19:20:33 OK mesh aligned 29080:h10843/p2 29081:h10843/p2 29082:h10843/p2
2026-09-09 19:25:36 OK port 29080 [quick] height=10859 peers=2 p2p=inconsistent aligned=True failed=peer_probe_ok,p2p_state_consistent
2026-09-09 19:25:36 OK port 29081 [quick] height=10859 peers=2 p2p=aligned aligned=True failed=
2026-09-09 19:25:36 OK port 29082 [quick] height=10859 peers=2 p2p=aligned aligned=True failed=
2026-09-09 19:25:36 OK mesh aligned 29080:h10859/p2 29081:h10859/p2 29082:h10859/p2
2026-09-09 19:30:39 OK port 29080 [quick] height=10875 peers=2 p2p=aligned aligned=True failed=
2026-09-09 19:30:39 OK port 29081 [quick] height=10875 peers=2 p2p=aligned aligned=True failed=
2026-09-09 19:30:39 OK port 29082 [quick] height=10875 peers=2 p2p=aligned aligned=True failed=
2026-09-09 19:30:39 OK mesh aligned 29080:h10875/p2 29081:h10875/p2 29082:h10875/p2
2026-09-09 19:35:43 OK port 29080 [quick] height=10892 peers=2 p2p=aligned aligned=True failed=
2026-09-09 19:35:43 OK port 29081 [quick] height=10892 peers=2 p2p=inconsistent aligned=True failed=
2026-09-09 19:35:43 OK port 29082 [quick] height=10892 peers=2 p2p=aligned aligned=True failed=
2026-09-09 19:35:43 OK mesh aligned 29080:h10892/p2 29081:h10892/p2 29082:h10892/p2
2026-09-09 19:40:47 OK port 29080 [quick] height=10908 peers=2 p2p=aligned aligned=True failed=
2026-09-09 19:40:47 OK port 29081 [quick] height=10908 peers=2 p2p=aligned aligned=True failed=
2026-09-09 19:40:47 OK port 29082 [quick] height=10908 peers=2 p2p=aligned aligned=True failed=
2026-09-09 19:40:47 OK mesh aligned 29080:h10908/p2 29081:h10908/p2 29082:h10908/p2
2026-09-09 19:45:50 OK port 29080 [quick] height=10924 peers=2 p2p=aligned aligned=True failed=
2026-09-09 19:45:50 OK port 29081 [quick] height=10924 peers=2 p2p=aligned aligned=True failed=
2026-09-09 19:45:50 OK port 29082 [quick] height=10924 peers=2 p2p=aligned aligned=True failed=
2026-09-09 19:45:50 OK mesh aligned 29080:h10924/p2 29081:h10924/p2 29082:h10924/p2
2026-09-09 19:51:00 OK port 29080 [full] height=10939 peers=2 p2p=inconsistent aligned=True failed=peer_probe_ok
2026-09-09 19:51:00 OK port 29081 [full] height=10938 peers=2 p2p=aligned aligned=True failed=peer_probe_ok
2026-09-09 19:51:00 OK port 29082 [full] height=10938 peers=2 p2p=aligned aligned=True failed=peer_probe_ok
2026-09-09 19:51:00 OK mesh aligned 29080:h10939/p2 29081:h10938/p2 29082:h10938/p2 transient_delta=1
2026-09-09 19:56:01 OK port 29080 [quick] height=10954 peers=2 p2p=aligned aligned=True failed=
2026-09-09 19:56:01 OK port 29081 [quick] height=10954 peers=2 p2p=aligned aligned=True failed=
2026-09-09 19:56:01 OK port 29082 [quick] height=10954 peers=2 p2p=aligned aligned=True failed=
2026-09-09 19:56:01 OK mesh aligned 29080:h10954/p2 29081:h10954/p2 29082:h10954/p2
2026-09-09 20:01:04 OK port 29080 [quick] height=10970 peers=2 p2p=inconsistent aligned=True failed=peer_probe_ok,p2p_state_consistent
2026-09-09 20:01:04 OK port 29081 [quick] height=10970 peers=2 p2p=aligned aligned=True failed=
2026-09-09 20:01:04 OK port 29082 [quick] height=10970 peers=2 p2p=aligned aligned=True failed=
2026-09-09 20:01:04 OK mesh aligned 29080:h10970/p2 29081:h10970/p2 29082:h10970/p2
2026-09-09 20:06:10 OK port 29080 [quick] height=10986 peers=2 p2p=inconsistent aligned=True failed=peer_probe_ok,p2p_state_consistent
2026-09-09 20:06:10 OK port 29081 [quick] height=10986 peers=2 p2p=inconsistent aligned=True failed=
2026-09-09 20:06:10 OK port 29082 [quick] height=10986 peers=2 p2p=inconsistent aligned=True failed=
2026-09-09 20:06:10 OK mesh aligned 29080:h10986/p2 29081:h10986/p2 29082:h10986/p2
2026-09-09 20:11:13 OK port 29080 [quick] height=11002 peers=2 p2p=inconsistent aligned=True failed=peer_probe_ok,p2p_state_consistent
2026-09-09 20:11:13 OK port 29081 [quick] height=11002 peers=2 p2p=aligned aligned=True failed=
2026-09-09 20:11:13 OK port 29082 [quick] height=11002 peers=2 p2p=aligned aligned=True failed=
2026-09-09 20:11:13 OK mesh aligned 29080:h11002/p2 29081:h11002/p2 29082:h11002/p2
2026-09-09 20:16:17 OK port 29080 [quick] height=11019 peers=2 p2p=aligned aligned=True failed=peer_probe_ok,p2p_state_consistent
2026-09-09 20:16:17 OK port 29081 [quick] height=11019 peers=2 p2p=inconsistent aligned=True failed=
2026-09-09 20:16:17 OK port 29082 [quick] height=11019 peers=2 p2p=aligned aligned=True failed=
2026-09-09 20:16:17 OK mesh aligned 29080:h11019/p2 29081:h11019/p2 29082:h11019/p2
2026-09-09 20:21:28 OK port 29080 [full] height=11035 peers=2 p2p=inconsistent aligned=True failed=peer_probe_ok,p2p_state_consistent
2026-09-09 20:21:28 OK port 29081 [full] height=11035 peers=2 p2p=inconsistent aligned=True failed=
2026-09-09 20:21:28 OK port 29082 [full] height=11035 peers=2 p2p=inconsistent aligned=True failed=peer_probe_ok
2026-09-09 20:21:28 OK mesh aligned 29080:h11035/p2 29081:h11035/p2 29082:h11035/p2
2026-09-09 20:26:33 OK port 29080 [quick] height=11051 peers=2 p2p=inconsistent aligned=True failed=
2026-09-09 20:26:33 OK port 29081 [quick] height=11050 peers=2 p2p=aligned aligned=True failed=
2026-09-09 20:26:33 OK port 29082 [quick] height=11050 peers=2 p2p=aligned aligned=True failed=
2026-09-09 20:26:33 OK mesh aligned 29080:h11051/p2 29081:h11050/p2 29082:h11050/p2 transient_delta=1
2026-09-09 20:31:38 OK port 29080 [quick] height=11067 peers=2 p2p=inconsistent aligned=True failed=
2026-09-09 20:31:38 OK port 29081 [quick] height=11066 peers=2 p2p=aligned aligned=True failed=
2026-09-09 20:31:38 OK port 29082 [quick] height=11066 peers=2 p2p=aligned aligned=True failed=
2026-09-09 20:31:38 OK mesh aligned 29080:h11067/p2 29081:h11066/p2 29082:h11066/p2 transient_delta=1
2026-09-09 20:36:42 OK port 29080 [quick] height=11082 peers=2 p2p=inconsistent aligned=True failed=peer_probe_ok,p2p_state_consistent
2026-09-09 20:36:42 OK port 29081 [quick] height=11082 peers=2 p2p=aligned aligned=True failed=
2026-09-09 20:36:42 OK port 29082 [quick] height=11082 peers=2 p2p=aligned aligned=True failed=
2026-09-09 20:36:42 OK mesh aligned 29080:h11082/p2 29081:h11082/p2 29082:h11082/p2
2026-09-09 20:41:46 OK port 29080 [quick] height=11098 peers=2 p2p=inconsistent aligned=True failed=
2026-09-09 20:41:46 OK port 29081 [quick] height=11098 peers=2 p2p=inconsistent aligned=True failed=
2026-09-09 20:41:46 OK port 29082 [quick] height=11098 peers=2 p2p=inconsistent aligned=True failed=
2026-09-09 20:41:46 OK mesh aligned 29080:h11098/p2 29081:h11098/p2 29082:h11098/p2
2026-09-09 20:46:50 OK port 29080 [quick] height=11114 peers=2 p2p=inconsistent aligned=True failed=
2026-09-09 20:46:50 OK port 29081 [quick] height=11113 peers=2 p2p=aligned aligned=True failed=
2026-09-09 20:46:50 OK port 29082 [quick] height=11113 peers=2 p2p=aligned aligned=True failed=
2026-09-09 20:46:50 OK mesh aligned 29080:h11114/p2 29081:h11113/p2 29082:h11113/p2 transient_delta=1
2026-09-09 20:51:59 OK port 29080 [full] height=11128 peers=2 p2p=inconsistent aligned=True failed=peer_probe_ok
2026-09-09 20:51:59 OK port 29081 [full] height=11128 peers=2 p2p=inconsistent aligned=True failed=
2026-09-09 20:51:59 OK port 29082 [full] height=11128 peers=2 p2p=inconsistent aligned=True failed=peer_probe_ok
2026-09-09 20:51:59 OK mesh aligned 29080:h11128/p2 29081:h11128/p2 29082:h11128/p2
2026-09-09 20:57:06 OK port 29080 [quick] height=11143 peers=2 p2p=aligned aligned=True failed=
2026-09-09 20:57:06 OK port 29081 [quick] height=11143 peers=2 p2p=aligned aligned=True failed=
2026-09-09 20:57:06 OK port 29082 [quick] height=11143 peers=2 p2p=aligned aligned=True failed=
2026-09-09 20:57:06 OK mesh aligned 29080:h11143/p2 29081:h11143/p2 29082:h11143/p2
2026-09-09 21:02:10 OK port 29080 [quick] height=11158 peers=2 p2p=inconsistent aligned=True failed=peer_probe_ok,p2p_state_consistent
2026-09-09 21:02:10 OK port 29081 [quick] height=11158 peers=2 p2p=aligned aligned=True failed=
2026-09-09 21:02:10 OK port 29082 [quick] height=11158 peers=2 p2p=aligned aligned=True failed=
2026-09-09 21:02:10 OK mesh aligned 29080:h11158/p2 29081:h11158/p2 29082:h11158/p2
2026-09-09 21:07:16 OK port 29080 [quick] height=11172 peers=2 p2p=inconsistent aligned=True failed=peer_probe_ok,p2p_state_consistent
2026-09-09 21:07:16 OK port 29081 [quick] height=11172 peers=2 p2p=aligned aligned=True failed=
2026-09-09 21:07:16 OK port 29082 [quick] height=11172 peers=2 p2p=aligned aligned=True failed=
2026-09-09 21:07:16 OK mesh aligned 29080:h11172/p2 29081:h11172/p2 29082:h11172/p2
2026-09-09 21:12:23 OK port 29080 [quick] height=11188 peers=2 p2p=inconsistent aligned=True failed=
2026-09-09 21:12:23 OK port 29081 [quick] height=11187 peers=2 p2p=aligned aligned=True failed=
2026-09-09 21:12:23 OK port 29082 [quick] height=11187 peers=2 p2p=aligned aligned=True failed=
2026-09-09 21:12:23 OK mesh aligned 29080:h11188/p2 29081:h11187/p2 29082:h11187/p2 transient_delta=1
2026-09-09 21:17:27 OK port 29080 [quick] height=11203 peers=2 p2p=inconsistent aligned=True failed=
2026-09-09 21:17:27 OK port 29081 [quick] height=11202 peers=2 p2p=aligned aligned=True failed=
2026-09-09 21:17:27 OK port 29082 [quick] height=11202 peers=2 p2p=aligned aligned=True failed=
2026-09-09 21:17:27 OK mesh aligned 29080:h11203/p2 29081:h11202/p2 29082:h11202/p2 transient_delta=1
2026-09-09 21:22:37 OK port 29080 [full] height=11217 peers=2 p2p=aligned aligned=True failed=
2026-09-09 21:22:37 OK port 29081 [full] height=11217 peers=2 p2p=aligned aligned=True failed=
2026-09-09 21:22:37 OK port 29082 [full] height=11217 peers=2 p2p=aligned aligned=True failed=
2026-09-09 21:22:37 OK mesh aligned 29080:h11217/p2 29081:h11217/p2 29082:h11217/p2
2026-09-09 21:27:40 OK port 29080 [quick] height=11232 peers=2 p2p=aligned aligned=True failed=
2026-09-09 21:27:40 OK port 29081 [quick] height=11232 peers=2 p2p=aligned aligned=True failed=
2026-09-09 21:27:40 OK port 29082 [quick] height=11232 peers=2 p2p=aligned aligned=True failed=
2026-09-09 21:27:40 OK mesh aligned 29080:h11232/p2 29081:h11232/p2 29082:h11232/p2
2026-09-09 21:32:47 OK port 29080 [quick] height=11247 peers=2 p2p=aligned aligned=True failed=
2026-09-09 21:32:47 OK port 29081 [quick] height=11247 peers=2 p2p=aligned aligned=True failed=
2026-09-09 21:32:47 OK port 29082 [quick] height=11247 peers=2 p2p=aligned aligned=True failed=
2026-09-09 21:32:47 OK mesh aligned 29080:h11247/p2 29081:h11247/p2 29082:h11247/p2
2026-09-09 21:37:53 OK port 29080 [quick] height=11262 peers=2 p2p=inconsistent aligned=True failed=
2026-09-09 21:37:53 OK port 29081 [quick] height=11262 peers=2 p2p=inconsistent aligned=True failed=
2026-09-09 21:37:53 OK port 29082 [quick] height=11262 peers=2 p2p=inconsistent aligned=True failed=
2026-09-09 21:37:53 OK mesh aligned 29080:h11262/p2 29081:h11262/p2 29082:h11262/p2
2026-09-09 21:42:56 OK port 29080 [quick] height=11276 peers=2 p2p=inconsistent aligned=True failed=
2026-09-09 21:42:56 OK port 29081 [quick] height=11276 peers=2 p2p=aligned aligned=True failed=
2026-09-09 21:42:56 OK port 29082 [quick] height=11276 peers=2 p2p=aligned aligned=True failed=
2026-09-09 21:42:56 OK mesh aligned 29080:h11276/p2 29081:h11276/p2 29082:h11276/p2
2026-09-09 21:48:01 OK port 29080 [quick] height=11290 peers=2 p2p=aligned aligned=True failed=
2026-09-09 21:48:01 OK port 29081 [quick] height=11290 peers=2 p2p=aligned aligned=True failed=
2026-09-09 21:48:02 OK port 29082 [quick] height=11290 peers=2 p2p=aligned aligned=True failed=
2026-09-09 21:48:02 OK mesh aligned 29080:h11290/p2 29081:h11290/p2 29082:h11290/p2
2026-09-09 21:53:12 OK port 29080 [full] height=11304 peers=2 p2p=inconsistent aligned=True failed=
2026-09-09 21:53:12 OK port 29081 [full] height=11304 peers=2 p2p=aligned aligned=True failed=peer_probe_ok
2026-09-09 21:53:12 OK port 29082 [full] height=11304 peers=2 p2p=aligned aligned=True failed=
2026-09-09 21:53:12 OK mesh aligned 29080:h11304/p2 29081:h11304/p2 29082:h11304/p2
2026-09-09 21:58:16 OK port 29080 [quick] height=11320 peers=2 p2p=inconsistent aligned=True failed=
2026-09-09 21:58:16 OK port 29081 [quick] height=11320 peers=2 p2p=inconsistent aligned=True failed=
2026-09-09 21:58:16 OK port 29082 [quick] height=11320 peers=2 p2p=inconsistent aligned=True failed=
2026-09-09 21:58:16 OK mesh aligned 29080:h11320/p2 29081:h11320/p2 29082:h11320/p2
2026-09-09 22:03:20 OK port 29080 [quick] height=11335 peers=2 p2p=aligned aligned=True failed=
2026-09-09 22:03:20 OK port 29081 [quick] height=11335 peers=2 p2p=inconsistent aligned=True failed=
2026-09-09 22:03:20 OK port 29082 [quick] height=11335 peers=2 p2p=aligned aligned=True failed=
2026-09-09 22:03:20 OK mesh aligned 29080:h11335/p2 29081:h11335/p2 29082:h11335/p2
2026-09-09 22:08:27 OK port 29080 [quick] height=11344 peers=1 p2p=single_peer_dev aligned=True failed=
2026-09-09 22:08:27 OK port 29081 [quick] height=11344 peers=2 p2p=aligned aligned=True failed=
2026-09-09 22:08:27 OK port 29082 [quick] height=11344 peers=1 p2p=single_peer_dev aligned=True failed=
2026-09-09 22:08:27 OK mesh aligned 29080:h11344/p1 29081:h11344/p2 29082:h11344/p1
2026-09-09 22:13:31 OK port 29080 [quick] height=11344 peers=1 p2p=single_peer_dev aligned=True failed=
2026-09-09 22:13:31 OK port 29081 [quick] height=11344 peers=2 p2p=aligned aligned=True failed=
2026-09-09 22:13:31 OK port 29082 [quick] height=11344 peers=1 p2p=single_peer_dev aligned=True failed=
2026-09-09 22:13:31 OK mesh aligned 29080:h11344/p1 29081:h11344/p2 29082:h11344/p1
2026-09-09 22:18:35 OK port 29080 [quick] height=11344 peers=1 p2p=single_peer_dev aligned=True failed=
2026-09-09 22:18:35 OK port 29081 [quick] height=11344 peers=2 p2p=aligned aligned=True failed=
2026-09-09 22:18:35 OK port 29082 [quick] height=11344 peers=1 p2p=single_peer_dev aligned=True failed=
2026-09-09 22:18:35 OK mesh aligned 29080:h11344/p1 29081:h11344/p2 29082:h11344/p1
2026-09-09 22:23:43 OK port 29080 [full] height=11344 peers=1 p2p=single_peer_dev aligned=True failed=
2026-09-09 22:23:43 OK port 29081 [full] height=11344 peers=2 p2p=aligned aligned=True failed=peer_probe_ok
2026-09-09 22:23:43 OK port 29082 [full] height=11344 peers=1 p2p=single_peer_dev aligned=True failed=
2026-09-09 22:23:43 OK mesh aligned 29080:h11344/p1 29081:h11344/p2 29082:h11344/p1
2026-09-09 22:23:43 WARN tip stagnant max_h=11344 age=917s
2026-09-09 22:30:13 OK port 29080 [quick] height=11344 peers=1 p2p=single_peer_dev aligned=True failed=
2026-09-09 22:30:13 FAIL port 29081 ready: Время ожидания завершения операции истекло.; status: Время ожидания завершения операции истекло.
2026-09-09 22:30:13 OK port 29082 [quick] height=11344 peers=1 p2p=single_peer_dev aligned=True failed=
2026-09-09 22:30:13 WARN mesh partial aligned 29080:h11344/p1 29082:h11344/p1
2026-09-09 22:35:17 OK port 29080 [quick] height=11344 peers=1 p2p=single_peer_dev aligned=True failed=
2026-09-09 22:35:17 OK port 29081 [quick] height=11344 peers=2 p2p=aligned aligned=True failed=
2026-09-09 22:35:17 OK port 29082 [quick] height=11344 peers=1 p2p=single_peer_dev aligned=True failed=
2026-09-09 22:35:17 OK mesh aligned 29080:h11344/p1 29081:h11344/p2 29082:h11344/p1
2026-09-09 22:41:30 OK port 29080 [quick] height=11344 peers=1 p2p=single_peer_dev aligned=True failed=
2026-09-09 22:41:30 OK port 29081 [quick] height=11344 peers=2 p2p=aligned aligned=True failed=ready_flap
2026-09-09 22:41:30 OK port 29082 [quick] height=11344 peers=1 p2p=single_peer_dev aligned=True failed=
2026-09-09 22:41:30 OK mesh aligned 29080:h11344/p1 29081:h11344/p2 29082:h11344/p1
2026-09-09 22:46:35 OK port 29080 [quick] height=11346 peers=2 p2p=aligned aligned=True failed=
2026-09-09 22:46:35 OK port 29081 [quick] height=11346 peers=2 p2p=aligned aligned=True failed=
2026-09-09 22:46:35 OK port 29082 [quick] height=11346 peers=2 p2p=aligned aligned=True failed=
2026-09-09 22:46:35 OK mesh aligned 29080:h11346/p2 29081:h11346/p2 29082:h11346/p2
2026-09-09 22:51:42 OK port 29080 [quick] height=11361 peers=2 p2p=aligned aligned=True failed=
2026-09-09 22:51:42 OK port 29081 [quick] height=11361 peers=2 p2p=aligned aligned=True failed=
2026-09-09 22:51:42 OK port 29082 [quick] height=11361 peers=2 p2p=aligned aligned=True failed=
2026-09-09 22:51:42 OK mesh aligned 29080:h11361/p2 29081:h11361/p2 29082:h11361/p2
2026-09-09 22:56:50 OK port 29080 [full] height=11376 peers=2 p2p=aligned aligned=True failed=
2026-09-09 22:56:50 OK port 29081 [full] height=11376 peers=2 p2p=aligned aligned=True failed=
2026-09-09 22:56:50 OK port 29082 [full] height=11376 peers=2 p2p=aligned aligned=True failed=
2026-09-09 22:56:50 OK mesh aligned 29080:h11376/p2 29081:h11376/p2 29082:h11376/p2
2026-09-09 23:01:56 OK port 29080 [quick] height=11392 peers=2 p2p=inconsistent aligned=True failed=
2026-09-09 23:01:56 OK port 29081 [quick] height=11392 peers=2 p2p=inconsistent aligned=True failed=
2026-09-09 23:01:56 OK port 29082 [quick] height=11391 peers=2 p2p=aligned aligned=True failed=
2026-09-09 23:01:56 OK mesh aligned 29080:h11392/p2 29081:h11392/p2 29082:h11391/p2 transient_delta=1
2026-09-09 23:07:03 OK port 29080 [quick] height=11407 peers=2 p2p=inconsistent aligned=True failed=
2026-09-09 23:07:03 OK port 29081 [quick] height=11406 peers=2 p2p=aligned aligned=True failed=
2026-09-09 23:07:03 OK port 29082 [quick] height=11406 peers=2 p2p=aligned aligned=True failed=
2026-09-09 23:07:03 OK mesh aligned 29080:h11407/p2 29081:h11406/p2 29082:h11406/p2 transient_delta=1
2026-09-09 23:12:06 OK port 29080 [quick] height=11421 peers=2 p2p=inconsistent aligned=True failed=
2026-09-09 23:12:06 OK port 29081 [quick] height=11421 peers=2 p2p=aligned aligned=True failed=
2026-09-09 23:12:06 OK port 29082 [quick] height=11421 peers=2 p2p=aligned aligned=True failed=
2026-09-09 23:12:06 OK mesh aligned 29080:h11421/p2 29081:h11421/p2 29082:h11421/p2
2026-09-09 23:17:12 OK port 29080 [quick] height=11436 peers=2 p2p=inconsistent aligned=True failed=
2026-09-09 23:17:12 OK port 29081 [quick] height=11436 peers=2 p2p=aligned aligned=True failed=
2026-09-09 23:17:12 OK port 29082 [quick] height=11436 peers=2 p2p=aligned aligned=True failed=
2026-09-09 23:17:12 OK mesh aligned 29080:h11436/p2 29081:h11436/p2 29082:h11436/p2
2026-09-09 23:22:15 OK port 29080 [quick] height=11451 peers=2 p2p=inconsistent aligned=True failed=peer_probe_ok,p2p_state_consistent
2026-09-09 23:22:15 OK port 29081 [quick] height=11451 peers=2 p2p=aligned aligned=True failed=
2026-09-09 23:22:15 OK port 29082 [quick] height=11451 peers=2 p2p=aligned aligned=True failed=
2026-09-09 23:22:15 OK mesh aligned 29080:h11451/p2 29081:h11451/p2 29082:h11451/p2
2026-09-09 23:27:23 OK port 29080 [full] height=11465 peers=2 p2p=aligned aligned=True failed=
2026-09-09 23:27:23 OK port 29081 [full] height=11465 peers=2 p2p=aligned aligned=True failed=
2026-09-09 23:27:23 OK port 29082 [full] height=11465 peers=2 p2p=inconsistent aligned=True failed=
2026-09-09 23:27:23 OK mesh aligned 29080:h11465/p2 29081:h11465/p2 29082:h11465/p2
2026-09-09 23:32:27 OK port 29080 [quick] height=11480 peers=2 p2p=aligned aligned=True failed=
2026-09-09 23:32:27 OK port 29081 [quick] height=11480 peers=2 p2p=aligned aligned=True failed=
2026-09-09 23:32:27 OK port 29082 [quick] height=11480 peers=2 p2p=aligned aligned=True failed=
2026-09-09 23:32:27 OK mesh aligned 29080:h11480/p2 29081:h11480/p2 29082:h11480/p2
2026-09-09 23:37:32 OK port 29080 [quick] height=11495 peers=2 p2p=inconsistent aligned=True failed=
2026-09-09 23:37:32 OK port 29081 [quick] height=11494 peers=2 p2p=aligned aligned=True failed=
2026-09-09 23:37:32 OK port 29082 [quick] height=11494 peers=2 p2p=aligned aligned=True failed=
2026-09-09 23:37:32 OK mesh aligned 29080:h11495/p2 29081:h11494/p2 29082:h11494/p2 transient_delta=1
2026-09-09 23:42:37 OK port 29080 [quick] height=11509 peers=2 p2p=inconsistent aligned=True failed=peer_probe_ok,p2p_state_consistent
2026-09-09 23:42:37 OK port 29081 [quick] height=11509 peers=2 p2p=inconsistent aligned=True failed=
2026-09-09 23:42:37 OK port 29082 [quick] height=11509 peers=2 p2p=inconsistent aligned=True failed=
2026-09-09 23:42:37 OK mesh aligned 29080:h11509/p2 29081:h11509/p2 29082:h11509/p2
2026-09-09 23:47:41 OK port 29080 [quick] height=11523 peers=2 p2p=inconsistent aligned=True failed=peer_probe_ok,p2p_state_consistent
2026-09-09 23:47:41 OK port 29081 [quick] height=11523 peers=2 p2p=inconsistent aligned=True failed=
2026-09-09 23:47:41 OK port 29082 [quick] height=11523 peers=2 p2p=inconsistent aligned=True failed=
2026-09-09 23:47:41 OK mesh aligned 29080:h11523/p2 29081:h11523/p2 29082:h11523/p2
2026-09-09 23:52:41 OK port 29080 [quick] height=11536 peers=2 p2p=aligned aligned=True failed=
2026-09-09 23:52:41 OK port 29081 [quick] height=11536 peers=2 p2p=aligned aligned=True failed=
2026-09-09 23:52:41 OK port 29082 [quick] height=11536 peers=2 p2p=aligned aligned=True failed=
2026-09-09 23:52:41 OK mesh aligned 29080:h11536/p2 29081:h11536/p2 29082:h11536/p2
2026-09-09 23:57:47 OK port 29080 [full] height=11550 peers=2 p2p=inconsistent aligned=True failed=
2026-09-09 23:57:47 OK port 29081 [full] height=11550 peers=2 p2p=aligned aligned=True failed=
2026-09-09 23:57:47 OK port 29082 [full] height=11550 peers=2 p2p=aligned aligned=True failed=
2026-09-09 23:57:47 OK mesh aligned 29080:h11550/p2 29081:h11550/p2 29082:h11550/p2
2026-09-10 00:02:53 OK port 29080 [quick] height=11565 peers=2 p2p=aligned aligned=True failed=
2026-09-10 00:02:53 OK port 29081 [quick] height=11565 peers=2 p2p=aligned aligned=True failed=
2026-09-10 00:02:53 OK port 29082 [quick] height=11565 peers=2 p2p=aligned aligned=True failed=
2026-09-10 00:02:53 OK mesh aligned 29080:h11565/p2 29081:h11565/p2 29082:h11565/p2
2026-09-10 00:07:58 OK port 29080 [quick] height=11579 peers=2 p2p=inconsistent aligned=True failed=peer_probe_ok,p2p_state_consistent
2026-09-10 00:07:58 OK port 29081 [quick] height=11579 peers=2 p2p=aligned aligned=True failed=
2026-09-10 00:07:58 OK port 29082 [quick] height=11579 peers=2 p2p=inconsistent aligned=True failed=
2026-09-10 00:07:58 OK mesh aligned 29080:h11579/p2 29081:h11579/p2 29082:h11579/p2
2026-09-10 00:13:01 OK port 29080 [quick] height=11593 peers=2 p2p=inconsistent aligned=True failed=peer_probe_ok,p2p_state_consistent
2026-09-10 00:13:01 OK port 29081 [quick] height=11593 peers=2 p2p=aligned aligned=True failed=
2026-09-10 00:13:01 OK port 29082 [quick] height=11593 peers=2 p2p=aligned aligned=True failed=
2026-09-10 00:13:01 OK mesh aligned 29080:h11593/p2 29081:h11593/p2 29082:h11593/p2
2026-09-10 00:18:04 OK port 29080 [quick] height=11608 peers=2 p2p=aligned aligned=True failed=
2026-09-10 00:18:04 OK port 29081 [quick] height=11608 peers=2 p2p=aligned aligned=True failed=
2026-09-10 00:18:04 OK port 29082 [quick] height=11608 peers=2 p2p=aligned aligned=True failed=
2026-09-10 00:18:04 OK mesh aligned 29080:h11608/p2 29081:h11608/p2 29082:h11608/p2
2026-09-10 00:23:09 OK port 29080 [quick] height=11623 peers=2 p2p=inconsistent aligned=True failed=
2026-09-10 00:23:09 OK port 29081 [quick] height=11622 peers=2 p2p=aligned aligned=True failed=
2026-09-10 00:23:09 OK port 29082 [quick] height=11622 peers=2 p2p=aligned aligned=True failed=
2026-09-10 00:23:09 OK mesh aligned 29080:h11623/p2 29081:h11622/p2 29082:h11622/p2 transient_delta=1
2026-09-10 00:28:11 OK port 29080 [full] height=11636 peers=2 p2p=inconsistent aligned=True failed=
2026-09-10 00:28:11 OK port 29081 [full] height=11636 peers=2 p2p=aligned aligned=True failed=
2026-09-10 00:28:11 OK port 29082 [full] height=11636 peers=2 p2p=aligned aligned=True failed=
2026-09-10 00:28:11 OK mesh aligned 29080:h11636/p2 29081:h11636/p2 29082:h11636/p2
2026-09-10 00:33:18 OK port 29080 [quick] height=11650 peers=2 p2p=inconsistent aligned=True failed=
2026-09-10 00:33:18 OK port 29081 [quick] height=11649 peers=2 p2p=aligned aligned=True failed=
2026-09-10 00:33:18 OK port 29082 [quick] height=11649 peers=2 p2p=aligned aligned=True failed=
2026-09-10 00:33:18 OK mesh aligned 29080:h11650/p2 29081:h11649/p2 29082:h11649/p2 transient_delta=1
2026-09-10 00:38:23 OK port 29080 [quick] height=11663 peers=2 p2p=aligned aligned=True failed=peer_probe_ok,p2p_state_consistent
2026-09-10 00:38:23 OK port 29081 [quick] height=11663 peers=2 p2p=aligned aligned=True failed=
2026-09-10 00:38:23 OK port 29082 [quick] height=11663 peers=2 p2p=aligned aligned=True failed=
2026-09-10 00:38:23 OK mesh aligned 29080:h11663/p2 29081:h11663/p2 29082:h11663/p2
2026-09-10 00:43:28 OK port 29080 [quick] height=11677 peers=2 p2p=aligned aligned=True failed=
2026-09-10 00:43:28 OK port 29081 [quick] height=11677 peers=2 p2p=aligned aligned=True failed=
2026-09-10 00:43:28 OK port 29082 [quick] height=11677 peers=2 p2p=aligned aligned=True failed=
2026-09-10 00:43:28 OK mesh aligned 29080:h11677/p2 29081:h11677/p2 29082:h11677/p2
2026-09-10 00:48:33 OK port 29080 [quick] height=11691 peers=2 p2p=inconsistent aligned=True failed=
2026-09-10 00:48:33 OK port 29081 [quick] height=11690 peers=2 p2p=aligned aligned=True failed=
2026-09-10 00:48:33 OK port 29082 [quick] height=11690 peers=2 p2p=aligned aligned=True failed=
2026-09-10 00:48:33 OK mesh aligned 29080:h11691/p2 29081:h11690/p2 29082:h11690/p2 transient_delta=1
2026-09-10 00:53:36 OK port 29080 [quick] height=11704 peers=2 p2p=inconsistent aligned=True failed=
2026-09-10 00:53:36 OK port 29081 [quick] height=11704 peers=2 p2p=aligned aligned=True failed=
2026-09-10 00:53:36 OK port 29082 [quick] height=11704 peers=2 p2p=aligned aligned=True failed=
2026-09-10 00:53:36 OK mesh aligned 29080:h11704/p2 29081:h11704/p2 29082:h11704/p2
2026-09-10 00:58:45 OK port 29080 [full] height=11718 peers=2 p2p=inconsistent aligned=True failed=peer_probe_ok
2026-09-10 00:58:45 OK port 29081 [full] height=11718 peers=2 p2p=inconsistent aligned=True failed=
2026-09-10 00:58:45 OK port 29082 [full] height=11718 peers=2 p2p=inconsistent aligned=True failed=peer_probe_ok
2026-09-10 00:58:45 OK mesh aligned 29080:h11718/p2 29081:h11718/p2 29082:h11718/p2
2026-09-10 01:03:49 OK port 29080 [quick] height=11732 peers=2 p2p=inconsistent aligned=True failed=peer_probe_ok,p2p_state_consistent
2026-09-10 01:03:49 OK port 29081 [quick] height=11732 peers=2 p2p=aligned aligned=True failed=
2026-09-10 01:03:49 OK port 29082 [quick] height=11732 peers=2 p2p=aligned aligned=True failed=
2026-09-10 01:03:49 OK mesh aligned 29080:h11732/p2 29081:h11732/p2 29082:h11732/p2
2026-09-10 01:08:52 OK port 29080 [quick] height=11745 peers=2 p2p=inconsistent aligned=True failed=peer_probe_ok,p2p_state_consistent
2026-09-10 01:08:52 OK port 29081 [quick] height=11745 peers=2 p2p=aligned aligned=True failed=
2026-09-10 01:08:52 OK port 29082 [quick] height=11745 peers=2 p2p=aligned aligned=True failed=
2026-09-10 01:08:52 OK mesh aligned 29080:h11745/p2 29081:h11745/p2 29082:h11745/p2
2026-09-10 01:13:59 OK port 29080 [quick] height=11759 peers=2 p2p=inconsistent aligned=True failed=
2026-09-10 01:13:59 OK port 29081 [quick] height=11758 peers=2 p2p=aligned aligned=True failed=
2026-09-10 01:13:59 OK port 29082 [quick] height=11758 peers=2 p2p=aligned aligned=True failed=
2026-09-10 01:13:59 OK mesh aligned 29080:h11759/p2 29081:h11758/p2 29082:h11758/p2 transient_delta=1
2026-09-10 01:19:01 OK port 29080 [quick] height=11771 peers=2 p2p=aligned aligned=True failed=
2026-09-10 01:19:01 OK port 29081 [quick] height=11771 peers=2 p2p=aligned aligned=True failed=
2026-09-10 01:19:01 OK port 29082 [quick] height=11771 peers=2 p2p=aligned aligned=True failed=
2026-09-10 01:19:01 OK mesh aligned 29080:h11771/p2 29081:h11771/p2 29082:h11771/p2
2026-09-10 01:24:09 OK port 29080 [quick] height=11786 peers=2 p2p=inconsistent aligned=True failed=
2026-09-10 01:24:09 OK port 29081 [quick] height=11785 peers=2 p2p=aligned aligned=True failed=
2026-09-10 01:24:09 OK port 29082 [quick] height=11785 peers=2 p2p=aligned aligned=True failed=
2026-09-10 01:24:09 OK mesh aligned 29080:h11786/p2 29081:h11785/p2 29082:h11785/p2 transient_delta=1
2026-09-10 01:29:22 OK port 29080 [full] height=11799 peers=2 p2p=inconsistent aligned=True failed=peer_probe_ok
2026-09-10 01:29:22 OK port 29081 [full] height=11798 peers=2 p2p=aligned aligned=True failed=peer_probe_ok
2026-09-10 01:29:22 OK port 29082 [full] height=11798 peers=2 p2p=aligned aligned=True failed=peer_probe_ok
2026-09-10 01:29:22 OK mesh aligned 29080:h11799/p2 29081:h11798/p2 29082:h11798/p2 transient_delta=1
2026-09-10 01:34:27 OK port 29080 [quick] height=11813 peers=2 p2p=aligned aligned=True failed=
2026-09-10 01:34:27 OK port 29081 [quick] height=11813 peers=2 p2p=aligned aligned=True failed=
2026-09-10 01:34:27 OK port 29082 [quick] height=11813 peers=2 p2p=aligned aligned=True failed=
2026-09-10 01:34:27 OK mesh aligned 29080:h11813/p2 29081:h11813/p2 29082:h11813/p2
2026-09-10 01:39:31 OK port 29080 [quick] height=11826 peers=2 p2p=aligned aligned=True failed=
2026-09-10 01:39:31 OK port 29081 [quick] height=11826 peers=2 p2p=inconsistent aligned=True failed=
2026-09-10 01:39:31 OK port 29082 [quick] height=11826 peers=2 p2p=aligned aligned=True failed=
2026-09-10 01:39:31 OK mesh aligned 29080:h11826/p2 29081:h11826/p2 29082:h11826/p2
2026-09-10 01:44:35 OK port 29080 [quick] height=11838 peers=2 p2p=aligned aligned=True failed=
2026-09-10 01:44:35 OK port 29081 [quick] height=11838 peers=2 p2p=aligned aligned=True failed=
2026-09-10 01:44:35 OK port 29082 [quick] height=11838 peers=2 p2p=aligned aligned=True failed=
2026-09-10 01:44:35 OK mesh aligned 29080:h11838/p2 29081:h11838/p2 29082:h11838/p2
2026-09-10 01:49:40 OK port 29080 [quick] height=11851 peers=2 p2p=inconsistent aligned=True failed=peer_probe_ok,p2p_state_consistent
2026-09-10 01:49:40 OK port 29081 [quick] height=11851 peers=2 p2p=inconsistent aligned=True failed=
2026-09-10 01:49:40 OK port 29082 [quick] height=11851 peers=2 p2p=inconsistent aligned=True failed=
2026-09-10 01:49:40 OK mesh aligned 29080:h11851/p2 29081:h11851/p2 29082:h11851/p2
2026-09-10 01:54:47 OK port 29080 [quick] height=11864 peers=2 p2p=aligned aligned=True failed=
2026-09-10 01:54:47 OK port 29081 [quick] height=11864 peers=2 p2p=aligned aligned=True failed=
2026-09-10 01:54:47 OK port 29082 [quick] height=11864 peers=2 p2p=aligned aligned=True failed=
2026-09-10 01:54:47 OK mesh aligned 29080:h11864/p2 29081:h11864/p2 29082:h11864/p2
2026-09-10 01:59:55 OK port 29080 [full] height=11877 peers=2 p2p=aligned aligned=True failed=peer_probe_ok
2026-09-10 01:59:55 OK port 29081 [full] height=11877 peers=2 p2p=aligned aligned=True failed=
2026-09-10 01:59:56 OK port 29082 [full] height=11877 peers=2 p2p=aligned aligned=True failed=
2026-09-10 01:59:56 OK mesh aligned 29080:h11877/p2 29081:h11877/p2 29082:h11877/p2
2026-09-10 02:05:01 OK port 29080 [quick] height=11890 peers=2 p2p=inconsistent aligned=True failed=
2026-09-10 02:05:01 OK port 29081 [quick] height=11890 peers=2 p2p=aligned aligned=True failed=
2026-09-10 02:05:01 OK port 29082 [quick] height=11890 peers=2 p2p=inconsistent aligned=True failed=
2026-09-10 02:05:01 OK mesh aligned 29080:h11890/p2 29081:h11890/p2 29082:h11890/p2
2026-09-10 02:10:05 OK port 29080 [quick] height=11903 peers=2 p2p=aligned aligned=True failed=
2026-09-10 02:10:05 OK port 29081 [quick] height=11903 peers=2 p2p=aligned aligned=True failed=
2026-09-10 02:10:05 OK port 29082 [quick] height=11903 peers=2 p2p=aligned aligned=True failed=
2026-09-10 02:10:05 OK mesh aligned 29080:h11903/p2 29081:h11903/p2 29082:h11903/p2
2026-09-10 02:15:08 OK port 29080 [quick] height=11915 peers=2 p2p=inconsistent aligned=True failed=peer_probe_ok,p2p_state_consistent
2026-09-10 02:15:08 OK port 29081 [quick] height=11915 peers=2 p2p=aligned aligned=True failed=
2026-09-10 02:15:08 OK port 29082 [quick] height=11915 peers=2 p2p=aligned aligned=True failed=
2026-09-10 02:15:08 OK mesh aligned 29080:h11915/p2 29081:h11915/p2 29082:h11915/p2
2026-09-10 02:20:16 OK port 29080 [quick] height=11928 peers=2 p2p=aligned aligned=True failed=
2026-09-10 02:20:16 OK port 29081 [quick] height=11928 peers=2 p2p=inconsistent aligned=True failed=
2026-09-10 02:20:16 OK port 29082 [quick] height=11928 peers=2 p2p=inconsistent aligned=True failed=
2026-09-10 02:20:16 OK mesh aligned 29080:h11928/p2 29081:h11928/p2 29082:h11928/p2
2026-09-10 02:25:21 OK port 29080 [quick] height=11941 peers=2 p2p=aligned aligned=True failed=
2026-09-10 02:25:21 OK port 29081 [quick] height=11941 peers=2 p2p=inconsistent aligned=True failed=
2026-09-10 02:25:21 OK port 29082 [quick] height=11941 peers=2 p2p=inconsistent aligned=True failed=
2026-09-10 02:25:21 OK mesh aligned 29080:h11941/p2 29081:h11941/p2 29082:h11941/p2
2026-09-10 02:30:34 OK port 29080 [full] height=11954 peers=2 p2p=inconsistent aligned=True failed=peer_probe_ok
2026-09-10 02:30:34 OK port 29081 [full] height=11953 peers=2 p2p=aligned aligned=True failed=peer_probe_ok
2026-09-10 02:30:34 OK port 29082 [full] height=11953 peers=2 p2p=aligned aligned=True failed=peer_probe_ok
2026-09-10 02:30:34 OK mesh aligned 29080:h11954/p2 29081:h11953/p2 29082:h11953/p2 transient_delta=1
2026-09-10 02:35:45 OK port 29080 [quick] height=11967 peers=2 p2p=inconsistent aligned=True failed=peer_probe_ok,p2p_state_consistent
2026-09-10 02:35:45 OK port 29081 [quick] height=11966 peers=2 p2p=aligned aligned=True failed=
2026-09-10 02:35:45 OK port 29082 [quick] height=11966 peers=2 p2p=aligned aligned=True failed=
2026-09-10 02:35:45 OK mesh aligned 29080:h11967/p2 29081:h11966/p2 29082:h11966/p2 transient_delta=1
2026-09-10 02:40:50 OK port 29080 [quick] height=11979 peers=2 p2p=aligned aligned=True failed=
2026-09-10 02:40:50 OK port 29081 [quick] height=11979 peers=2 p2p=aligned aligned=True failed=
2026-09-10 02:40:50 OK port 29082 [quick] height=11979 peers=2 p2p=aligned aligned=True failed=
2026-09-10 02:40:50 OK mesh aligned 29080:h11979/p2 29081:h11979/p2 29082:h11979/p2
2026-09-10 02:46:02 OK port 29080 [quick] height=11991 peers=1 p2p=single_peer_dev aligned=True failed=
2026-09-10 02:46:02 OK port 29081 [quick] height=11991 peers=2 p2p=aligned aligned=True failed=
2026-09-10 02:46:02 OK port 29082 [quick] height=11991 peers=2 p2p=aligned aligned=True failed=
2026-09-10 02:46:02 OK mesh aligned 29080:h11991/p1 29081:h11991/p2 29082:h11991/p2
2026-09-10 02:51:11 OK port 29080 [quick] height=11991 peers=1 p2p=single_peer_dev aligned=True failed=
2026-09-10 02:51:11 OK port 29081 [quick] height=11991 peers=1 p2p=single_peer_dev aligned=True failed=
2026-09-10 02:51:11 OK port 29082 [quick] height=11991 peers=2 p2p=aligned aligned=True failed=
2026-09-10 02:51:11 OK mesh aligned 29080:h11991/p1 29081:h11991/p1 29082:h11991/p2
2026-09-10 02:56:15 OK port 29080 [quick] height=11991 peers=1 p2p=single_peer_dev aligned=True failed=
2026-09-10 02:56:15 OK port 29081 [quick] height=11991 peers=1 p2p=single_peer_dev aligned=True failed=
2026-09-10 02:56:15 OK port 29082 [quick] height=11991 peers=2 p2p=aligned aligned=True failed=
2026-09-10 02:56:15 OK mesh aligned 29080:h11991/p1 29081:h11991/p1 29082:h11991/p2
2026-09-10 03:01:35 OK port 29080 [full] height=11991 peers=1 p2p=single_peer_dev aligned=True failed=
2026-09-10 03:01:35 OK port 29081 [full] height=11991 peers=1 p2p=single_peer_dev aligned=True failed=
2026-09-10 03:01:35 WARN OK port 29082 [full] height=11991 peers=2 p2p=aligned aligned=False failed=harness_timeout
2026-09-10 03:01:35 OK mesh aligned 29080:h11991/p1 29081:h11991/p1 29082:h11991/p2
2026-09-10 03:01:35 WARN tip stagnant max_h=11991 age=933s
2026-09-10 03:06:39 OK port 29080 [quick] height=11991 peers=1 p2p=single_peer_dev aligned=True failed=
2026-09-10 03:06:39 OK port 29081 [quick] height=11991 peers=1 p2p=single_peer_dev aligned=True failed=
2026-09-10 03:06:39 OK port 29082 [quick] height=11991 peers=2 p2p=aligned aligned=True failed=
2026-09-10 03:06:39 OK mesh aligned 29080:h11991/p1 29081:h11991/p1 29082:h11991/p2
2026-09-10 03:12:32 OK port 29080 [quick] height=11991 peers=1 p2p=single_peer_dev aligned=True failed=
2026-09-10 03:12:32 OK port 29081 [quick] height=11991 peers=1 p2p=single_peer_dev aligned=True failed=
2026-09-10 03:12:32 OK port 29082 [quick] height=11991 peers=2 p2p=aligned aligned=True failed=ready_flap
2026-09-10 03:12:32 OK mesh aligned 29080:h11991/p1 29081:h11991/p1 29082:h11991/p2
2026-09-10 03:19:02 OK port 29080 [quick] height=11991 peers=1 p2p=single_peer_dev aligned=True failed=
2026-09-10 03:19:02 OK port 29081 [quick] height=11991 peers=1 p2p=single_peer_dev aligned=True failed=
2026-09-10 03:19:02 FAIL port 29082 ready: Время ожидания завершения операции истекло.; status: Время ожидания завершения операции истекло.
2026-09-10 03:19:02 WARN mesh partial aligned 29080:h11991/p1 29081:h11991/p1
2026-09-10 03:24:06 OK port 29080 [quick] height=11991 peers=1 p2p=single_peer_dev aligned=True failed=
2026-09-10 03:24:06 OK port 29081 [quick] height=11991 peers=1 p2p=single_peer_dev aligned=True failed=
2026-09-10 03:24:06 OK port 29082 [quick] height=11991 peers=2 p2p=aligned aligned=True failed=
2026-09-10 03:24:06 OK mesh aligned 29080:h11991/p1 29081:h11991/p1 29082:h11991/p2
2026-09-10 03:29:09 OK port 29080 [quick] height=11997 peers=2 p2p=inconsistent aligned=True failed=
2026-09-10 03:29:09 OK port 29081 [quick] height=11997 peers=2 p2p=aligned aligned=True failed=
2026-09-10 03:29:09 OK port 29082 [quick] height=11997 peers=2 p2p=aligned aligned=True failed=
2026-09-10 03:29:09 OK mesh aligned 29080:h11997/p2 29081:h11997/p2 29082:h11997/p2
2026-09-10 03:34:19 OK port 29080 [full] height=12012 peers=2 p2p=inconsistent aligned=True failed=peer_probe_ok,p2p_state_consistent
2026-09-10 03:34:19 OK port 29081 [full] height=12012 peers=2 p2p=aligned aligned=True failed=
2026-09-10 03:34:19 OK port 29082 [full] height=12012 peers=2 p2p=inconsistent aligned=True failed=
2026-09-10 03:34:19 OK mesh aligned 29080:h12012/p2 29081:h12012/p2 29082:h12012/p2
2026-09-10 03:39:25 OK port 29080 [quick] height=12027 peers=2 p2p=inconsistent aligned=True failed=
2026-09-10 03:39:25 OK port 29081 [quick] height=12026 peers=2 p2p=aligned aligned=True failed=
2026-09-10 03:39:25 OK port 29082 [quick] height=12026 peers=2 p2p=aligned aligned=True failed=
2026-09-10 03:39:25 OK mesh aligned 29080:h12027/p2 29081:h12026/p2 29082:h12026/p2 transient_delta=1
2026-09-10 03:44:29 OK port 29080 [quick] height=12041 peers=2 p2p=aligned aligned=True failed=
2026-09-10 03:44:29 OK port 29081 [quick] height=12041 peers=2 p2p=aligned aligned=True failed=
2026-09-10 03:44:29 OK port 29082 [quick] height=12041 peers=2 p2p=aligned aligned=True failed=
2026-09-10 03:44:29 OK mesh aligned 29080:h12041/p2 29081:h12041/p2 29082:h12041/p2
2026-09-10 03:49:38 OK port 29080 [quick] height=12055 peers=2 p2p=aligned aligned=True failed=
2026-09-10 03:49:38 OK port 29081 [quick] height=12055 peers=2 p2p=aligned aligned=True failed=
2026-09-10 03:49:38 OK port 29082 [quick] height=12055 peers=2 p2p=aligned aligned=True failed=
2026-09-10 03:49:38 OK mesh aligned 29080:h12055/p2 29081:h12055/p2 29082:h12055/p2
2026-09-10 03:54:42 OK port 29080 [quick] height=12069 peers=2 p2p=aligned aligned=True failed=
2026-09-10 03:54:42 OK port 29081 [quick] height=12069 peers=2 p2p=aligned aligned=True failed=
2026-09-10 03:54:42 OK port 29082 [quick] height=12069 peers=2 p2p=aligned aligned=True failed=
2026-09-10 03:54:42 OK mesh aligned 29080:h12069/p2 29081:h12069/p2 29082:h12069/p2
2026-09-10 03:59:48 OK port 29080 [quick] height=12083 peers=2 p2p=inconsistent aligned=True failed=peer_probe_ok,p2p_state_consistent
2026-09-10 03:59:48 OK port 29081 [quick] height=12083 peers=2 p2p=aligned aligned=True failed=
2026-09-10 03:59:48 OK port 29082 [quick] height=12083 peers=2 p2p=aligned aligned=True failed=
2026-09-10 03:59:48 OK mesh aligned 29080:h12083/p2 29081:h12083/p2 29082:h12083/p2
2026-09-10 04:04:59 OK port 29080 [full] height=12098 peers=2 p2p=inconsistent aligned=True failed=peer_probe_ok,p2p_state_consistent
2026-09-10 04:04:59 OK port 29081 [full] height=12097 peers=2 p2p=aligned aligned=True failed=peer_probe_ok
2026-09-10 04:04:59 OK port 29082 [full] height=12097 peers=2 p2p=aligned aligned=True failed=peer_probe_ok
2026-09-10 04:04:59 OK mesh aligned 29080:h12098/p2 29081:h12097/p2 29082:h12097/p2 transient_delta=1
2026-09-10 04:10:05 OK port 29080 [quick] height=12112 peers=2 p2p=inconsistent aligned=True failed=
2026-09-10 04:10:05 OK port 29081 [quick] height=12111 peers=2 p2p=aligned aligned=True failed=
2026-09-10 04:10:05 OK port 29082 [quick] height=12111 peers=2 p2p=aligned aligned=True failed=
2026-09-10 04:10:05 OK mesh aligned 29080:h12112/p2 29081:h12111/p2 29082:h12111/p2 transient_delta=1
2026-09-10 04:15:08 OK port 29080 [quick] height=12126 peers=2 p2p=aligned aligned=True failed=
2026-09-10 04:15:08 OK port 29081 [quick] height=12126 peers=2 p2p=aligned aligned=True failed=
2026-09-10 04:15:08 OK port 29082 [quick] height=12126 peers=2 p2p=aligned aligned=True failed=
2026-09-10 04:15:08 OK mesh aligned 29080:h12126/p2 29081:h12126/p2 29082:h12126/p2
2026-09-10 04:20:12 OK port 29080 [quick] height=12140 peers=2 p2p=inconsistent aligned=True failed=
2026-09-10 04:20:12 OK port 29081 [quick] height=12139 peers=2 p2p=aligned aligned=True failed=
2026-09-10 04:20:12 OK port 29082 [quick] height=12139 peers=2 p2p=aligned aligned=True failed=
2026-09-10 04:20:12 OK mesh aligned 29080:h12140/p2 29081:h12139/p2 29082:h12139/p2 transient_delta=1
2026-09-10 04:25:17 OK port 29080 [quick] height=12154 peers=2 p2p=inconsistent aligned=True failed=peer_probe_ok,p2p_state_consistent
2026-09-10 04:25:17 OK port 29081 [quick] height=12154 peers=2 p2p=inconsistent aligned=True failed=
2026-09-10 04:25:17 OK port 29082 [quick] height=12154 peers=2 p2p=inconsistent aligned=True failed=
2026-09-10 04:25:17 OK mesh aligned 29080:h12154/p2 29081:h12154/p2 29082:h12154/p2
2026-09-10 04:30:22 OK port 29080 [quick] height=12168 peers=2 p2p=aligned aligned=True failed=peer_probe_ok,p2p_state_consistent
2026-09-10 04:30:22 OK port 29081 [quick] height=12168 peers=2 p2p=aligned aligned=True failed=
2026-09-10 04:30:22 OK port 29082 [quick] height=12168 peers=2 p2p=aligned aligned=True failed=
2026-09-10 04:30:22 OK mesh aligned 29080:h12168/p2 29081:h12168/p2 29082:h12168/p2
2026-09-10 04:35:27 OK port 29080 [full] height=12181 peers=2 p2p=aligned aligned=True failed=
2026-09-10 04:35:27 OK port 29081 [full] height=12181 peers=2 p2p=aligned aligned=True failed=
2026-09-10 04:35:27 OK port 29082 [full] height=12181 peers=2 p2p=aligned aligned=True failed=
2026-09-10 04:35:27 OK mesh aligned 29080:h12181/p2 29081:h12181/p2 29082:h12181/p2
2026-09-10 04:40:32 OK port 29080 [quick] height=12194 peers=2 p2p=inconsistent aligned=True failed=
2026-09-10 04:40:32 OK port 29081 [quick] height=12194 peers=2 p2p=inconsistent aligned=True failed=
2026-09-10 04:40:32 OK port 29082 [quick] height=12194 peers=2 p2p=inconsistent aligned=True failed=
2026-09-10 04:40:32 OK mesh aligned 29080:h12194/p2 29081:h12194/p2 29082:h12194/p2
2026-09-10 04:45:38 OK port 29080 [quick] height=12207 peers=2 p2p=inconsistent aligned=True failed=
2026-09-10 04:45:38 OK port 29081 [quick] height=12206 peers=2 p2p=aligned aligned=True failed=
2026-09-10 04:45:38 OK port 29082 [quick] height=12206 peers=2 p2p=aligned aligned=True failed=
2026-09-10 04:45:38 OK mesh aligned 29080:h12207/p2 29081:h12206/p2 29082:h12206/p2 transient_delta=1
2026-09-10 04:50:43 OK port 29080 [quick] height=12220 peers=2 p2p=aligned aligned=True failed=
2026-09-10 04:50:43 OK port 29081 [quick] height=12220 peers=2 p2p=aligned aligned=True failed=
2026-09-10 04:50:43 OK port 29082 [quick] height=12220 peers=2 p2p=aligned aligned=True failed=
2026-09-10 04:50:43 OK mesh aligned 29080:h12220/p2 29081:h12220/p2 29082:h12220/p2
2026-09-10 04:55:46 OK port 29080 [quick] height=12234 peers=2 p2p=inconsistent aligned=True failed=peer_probe_ok,p2p_state_consistent
2026-09-10 04:55:46 OK port 29081 [quick] height=12234 peers=2 p2p=aligned aligned=True failed=
2026-09-10 04:55:46 OK port 29082 [quick] height=12234 peers=2 p2p=aligned aligned=True failed=
2026-09-10 04:55:46 OK mesh aligned 29080:h12234/p2 29081:h12234/p2 29082:h12234/p2
2026-09-10 05:00:52 OK port 29080 [quick] height=12247 peers=2 p2p=inconsistent aligned=True failed=peer_probe_ok,p2p_state_consistent
2026-09-10 05:00:52 OK port 29081 [quick] height=12247 peers=2 p2p=aligned aligned=True failed=
2026-09-10 05:00:52 OK port 29082 [quick] height=12247 peers=2 p2p=aligned aligned=True failed=
2026-09-10 05:00:52 OK mesh aligned 29080:h12247/p2 29081:h12247/p2 29082:h12247/p2
2026-09-10 05:06:02 OK port 29080 [full] height=12261 peers=2 p2p=aligned aligned=True failed=
2026-09-10 05:06:02 OK port 29081 [full] height=12261 peers=2 p2p=aligned aligned=True failed=
2026-09-10 05:06:02 OK port 29082 [full] height=12261 peers=2 p2p=aligned aligned=True failed=
2026-09-10 05:06:02 OK mesh aligned 29080:h12261/p2 29081:h12261/p2 29082:h12261/p2
2026-09-10 05:11:06 OK port 29080 [quick] height=12274 peers=2 p2p=aligned aligned=True failed=
2026-09-10 05:11:06 OK port 29081 [quick] height=12274 peers=2 p2p=aligned aligned=True failed=
2026-09-10 05:11:06 OK port 29082 [quick] height=12274 peers=2 p2p=aligned aligned=True failed=
2026-09-10 05:11:06 OK mesh aligned 29080:h12274/p2 29081:h12274/p2 29082:h12274/p2
2026-09-10 05:16:13 OK port 29080 [quick] height=12288 peers=2 p2p=inconsistent aligned=True failed=
2026-09-10 05:16:13 OK port 29081 [quick] height=12287 peers=2 p2p=aligned aligned=True failed=
2026-09-10 05:16:13 OK port 29082 [quick] height=12287 peers=2 p2p=aligned aligned=True failed=
2026-09-10 05:16:13 OK mesh aligned 29080:h12288/p2 29081:h12287/p2 29082:h12287/p2 transient_delta=1
2026-09-10 05:21:16 OK port 29080 [quick] height=12301 peers=2 p2p=inconsistent aligned=True failed=
2026-09-10 05:21:16 OK port 29081 [quick] height=12301 peers=2 p2p=aligned aligned=True failed=
2026-09-10 05:21:16 OK port 29082 [quick] height=12301 peers=2 p2p=aligned aligned=True failed=
2026-09-10 05:21:16 OK mesh aligned 29080:h12301/p2 29081:h12301/p2 29082:h12301/p2
2026-09-10 05:26:20 OK port 29080 [quick] height=12314 peers=2 p2p=aligned aligned=True failed=
2026-09-10 05:26:20 OK port 29081 [quick] height=12314 peers=2 p2p=aligned aligned=True failed=
2026-09-10 05:26:20 OK port 29082 [quick] height=12314 peers=2 p2p=aligned aligned=True failed=
2026-09-10 05:26:20 OK mesh aligned 29080:h12314/p2 29081:h12314/p2 29082:h12314/p2
2026-09-10 05:31:32 OK port 29080 [quick] height=12328 peers=2 p2p=inconsistent aligned=True failed=peer_probe_ok,p2p_state_consistent
2026-09-10 05:31:32 OK port 29081 [quick] height=12328 peers=2 p2p=aligned aligned=True failed=
2026-09-10 05:31:32 OK port 29082 [quick] height=12328 peers=2 p2p=aligned aligned=True failed=
2026-09-10 05:31:32 OK mesh aligned 29080:h12328/p2 29081:h12328/p2 29082:h12328/p2
2026-09-10 05:36:41 OK port 29080 [full] height=12342 peers=2 p2p=inconsistent aligned=True failed=peer_probe_ok
2026-09-10 05:36:41 OK port 29081 [full] height=12341 peers=2 p2p=aligned aligned=True failed=peer_probe_ok
2026-09-10 05:36:41 OK port 29082 [full] height=12341 peers=2 p2p=aligned aligned=True failed=peer_probe_ok
2026-09-10 05:36:41 OK mesh aligned 29080:h12342/p2 29081:h12341/p2 29082:h12341/p2 transient_delta=1
2026-09-10 05:41:50 OK port 29080 [quick] height=12355 peers=2 p2p=inconsistent aligned=True failed=
2026-09-10 05:41:50 OK port 29081 [quick] height=12354 peers=2 p2p=aligned aligned=True failed=
2026-09-10 05:41:50 OK port 29082 [quick] height=12354 peers=2 p2p=aligned aligned=True failed=
2026-09-10 05:41:50 OK mesh aligned 29080:h12355/p2 29081:h12354/p2 29082:h12354/p2 transient_delta=1
2026-09-10 05:46:57 OK port 29080 [quick] height=12367 peers=2 p2p=inconsistent aligned=True failed=
2026-09-10 05:46:57 OK port 29081 [quick] height=12367 peers=2 p2p=inconsistent aligned=True failed=
2026-09-10 05:46:57 OK port 29082 [quick] height=12367 peers=2 p2p=inconsistent aligned=True failed=
2026-09-10 05:46:57 OK mesh aligned 29080:h12367/p2 29081:h12367/p2 29082:h12367/p2
2026-09-10 05:52:00 OK port 29080 [quick] height=12380 peers=2 p2p=aligned aligned=True failed=
2026-09-10 05:52:00 OK port 29081 [quick] height=12380 peers=2 p2p=aligned aligned=True failed=
2026-09-10 05:52:00 OK port 29082 [quick] height=12380 peers=2 p2p=aligned aligned=True failed=
2026-09-10 05:52:00 OK mesh aligned 29080:h12380/p2 29081:h12380/p2 29082:h12380/p2
2026-09-10 05:57:07 OK port 29080 [quick] height=12393 peers=2 p2p=aligned aligned=True failed=
2026-09-10 05:57:07 OK port 29081 [quick] height=12393 peers=2 p2p=aligned aligned=True failed=
2026-09-10 05:57:07 OK port 29082 [quick] height=12393 peers=2 p2p=aligned aligned=True failed=
2026-09-10 05:57:07 OK mesh aligned 29080:h12393/p2 29081:h12393/p2 29082:h12393/p2
2026-09-10 06:02:18 OK port 29080 [quick] height=12405 peers=2 p2p=inconsistent aligned=True failed=peer_probe_ok,p2p_state_consistent
2026-09-10 06:02:18 OK port 29081 [quick] height=12405 peers=2 p2p=inconsistent aligned=True failed=
2026-09-10 06:02:18 OK port 29082 [quick] height=12405 peers=2 p2p=inconsistent aligned=True failed=
2026-09-10 06:02:18 OK mesh aligned 29080:h12405/p2 29081:h12405/p2 29082:h12405/p2
2026-09-10 06:07:19 OK port 29080 [full] height=12417 peers=2 p2p=inconsistent aligned=True failed=
2026-09-10 06:07:19 OK port 29081 [full] height=12417 peers=2 p2p=aligned aligned=True failed=
2026-09-10 06:07:19 OK port 29082 [full] height=12417 peers=2 p2p=aligned aligned=True failed=
2026-09-10 06:07:19 OK mesh aligned 29080:h12417/p2 29081:h12417/p2 29082:h12417/p2
2026-09-10 06:12:24 OK port 29080 [quick] height=12430 peers=2 p2p=inconsistent aligned=True failed=
2026-09-10 06:12:24 OK port 29081 [quick] height=12429 peers=2 p2p=aligned aligned=True failed=
2026-09-10 06:12:24 OK port 29082 [quick] height=12429 peers=2 p2p=aligned aligned=True failed=
2026-09-10 06:12:24 OK mesh aligned 29080:h12430/p2 29081:h12429/p2 29082:h12429/p2 transient_delta=1
2026-09-10 06:17:27 OK port 29080 [quick] height=12442 peers=2 p2p=inconsistent aligned=True failed=peer_probe_ok,p2p_state_consistent
2026-09-10 06:17:27 OK port 29081 [quick] height=12442 peers=2 p2p=aligned aligned=True failed=
2026-09-10 06:17:27 OK port 29082 [quick] height=12442 peers=2 p2p=aligned aligned=True failed=
2026-09-10 06:17:27 OK mesh aligned 29080:h12442/p2 29081:h12442/p2 29082:h12442/p2
2026-09-10 06:22:30 OK port 29080 [quick] height=12454 peers=2 p2p=inconsistent aligned=True failed=
2026-09-10 06:22:30 OK port 29081 [quick] height=12454 peers=2 p2p=aligned aligned=True failed=
2026-09-10 06:22:30 OK port 29082 [quick] height=12454 peers=2 p2p=aligned aligned=True failed=
2026-09-10 06:22:30 OK mesh aligned 29080:h12454/p2 29081:h12454/p2 29082:h12454/p2
2026-09-10 06:27:34 OK port 29080 [quick] height=12467 peers=2 p2p=inconsistent aligned=True failed=
2026-09-10 06:27:34 OK port 29081 [quick] height=12467 peers=2 p2p=inconsistent aligned=True failed=
2026-09-10 06:27:34 OK port 29082 [quick] height=12467 peers=2 p2p=inconsistent aligned=True failed=
2026-09-10 06:27:34 OK mesh aligned 29080:h12467/p2 29081:h12467/p2 29082:h12467/p2
2026-09-10 06:32:38 OK port 29080 [quick] height=12479 peers=2 p2p=aligned aligned=True failed=
2026-09-10 06:32:38 OK port 29081 [quick] height=12479 peers=2 p2p=aligned aligned=True failed=
2026-09-10 06:32:38 OK port 29082 [quick] height=12479 peers=2 p2p=aligned aligned=True failed=
2026-09-10 06:32:38 OK mesh aligned 29080:h12479/p2 29081:h12479/p2 29082:h12479/p2
2026-09-10 06:37:46 OK port 29080 [full] height=12492 peers=2 p2p=inconsistent aligned=True failed=
2026-09-10 06:37:46 OK port 29081 [full] height=12492 peers=2 p2p=aligned aligned=True failed=
2026-09-10 06:37:46 OK port 29082 [full] height=12492 peers=2 p2p=aligned aligned=True failed=
2026-09-10 06:37:46 OK mesh aligned 29080:h12492/p2 29081:h12492/p2 29082:h12492/p2
2026-09-10 06:42:49 OK port 29080 [quick] height=12502 peers=1 p2p=single_peer_dev aligned=True failed=
2026-09-10 06:42:49 OK port 29081 [quick] height=12502 peers=1 p2p=single_peer_dev aligned=True failed=peer_probe_ok,p2p_state_consistent
2026-09-10 06:42:49 OK port 29082 [quick] height=12502 peers=1 p2p=single_peer_dev aligned=True failed=
2026-09-10 06:42:49 OK mesh aligned 29080:h12502/p1 29081:h12502/p1 29082:h12502/p1
2026-09-10 06:47:53 OK port 29080 [quick] height=12502 peers=1 p2p=single_peer_dev aligned=True failed=
2026-09-10 06:47:53 OK port 29081 [quick] height=12502 peers=1 p2p=single_peer_dev aligned=True failed=peer_probe_ok,p2p_state_consistent
2026-09-10 06:47:53 OK port 29082 [quick] height=12502 peers=1 p2p=single_peer_dev aligned=True failed=
2026-09-10 06:47:53 OK mesh aligned 29080:h12502/p1 29081:h12502/p1 29082:h12502/p1
2026-09-10 06:52:57 OK port 29080 [quick] height=12502 peers=1 p2p=single_peer_dev aligned=True failed=
2026-09-10 06:52:57 OK port 29081 [quick] height=12502 peers=1 p2p=single_peer_dev aligned=True failed=peer_probe_ok,p2p_state_consistent
2026-09-10 06:52:57 OK port 29082 [quick] height=12502 peers=1 p2p=single_peer_dev aligned=True failed=
2026-09-10 06:52:57 OK mesh aligned 29080:h12502/p1 29081:h12502/p1 29082:h12502/p1
2026-09-10 06:59:27 OK port 29080 [quick] height=12502 peers=1 p2p=single_peer_dev aligned=True failed=
2026-09-10 06:59:27 FAIL port 29081 ready: Время ожидания завершения операции истекло.; status: Время ожидания завершения операции истекло.
2026-09-10 06:59:27 OK port 29082 [quick] height=12502 peers=1 p2p=single_peer_dev aligned=True failed=
2026-09-10 06:59:27 WARN mesh partial aligned 29080:h12502/p1 29082:h12502/p1
2026-09-10 07:05:56 OK port 29080 [quick] height=12502 peers=1 p2p=single_peer_dev aligned=True failed=
2026-09-10 07:05:56 FAIL port 29081 ready: Время ожидания завершения операции истекло.; status: Время ожидания завершения операции истекло.
2026-09-10 07:05:56 OK port 29082 [quick] height=12502 peers=1 p2p=single_peer_dev aligned=True failed=
2026-09-10 07:05:56 WARN mesh partial aligned 29080:h12502/p1 29082:h12502/p1
2026-09-10 07:11:05 OK port 29080 [full] height=12502 peers=1 p2p=single_peer_dev aligned=True failed=
2026-09-10 07:11:05 OK port 29081 [full] height=12502 peers=1 p2p=single_peer_dev aligned=True failed=peer_probe_ok,p2p_state_consistent
2026-09-10 07:11:05 OK port 29082 [full] height=12502 peers=1 p2p=single_peer_dev aligned=True failed=
2026-09-10 07:11:05 OK mesh aligned 29080:h12502/p1 29081:h12502/p1 29082:h12502/p1
2026-09-10 07:11:05 WARN tip stagnant max_h=12502 age=1696s
2026-09-10 07:17:35 OK port 29080 [quick] height=12502 peers=1 p2p=single_peer_dev aligned=True failed=
2026-09-10 07:17:35 FAIL port 29081 ready: Время ожидания завершения операции истекло.; status: Время ожидания завершения операции истекло.
2026-09-10 07:17:35 OK port 29082 [quick] height=12502 peers=1 p2p=single_peer_dev aligned=True failed=
2026-09-10 07:17:35 WARN mesh partial aligned 29080:h12502/p1 29082:h12502/p1
2026-09-10 07:22:39 OK port 29080 [quick] height=12503 peers=2 p2p=aligned aligned=True failed=
2026-09-10 07:22:39 OK port 29081 [quick] height=12503 peers=2 p2p=aligned aligned=True failed=
2026-09-10 07:22:39 OK port 29082 [quick] height=12503 peers=2 p2p=aligned aligned=True failed=
2026-09-10 07:22:39 OK mesh aligned 29080:h12503/p2 29081:h12503/p2 29082:h12503/p2
2026-09-10 07:27:43 OK port 29080 [quick] height=12516 peers=2 p2p=aligned aligned=True failed=
2026-09-10 07:27:43 OK port 29081 [quick] height=12516 peers=2 p2p=aligned aligned=True failed=
2026-09-10 07:27:43 OK port 29082 [quick] height=12516 peers=2 p2p=aligned aligned=True failed=
2026-09-10 07:27:43 OK mesh aligned 29080:h12516/p2 29081:h12516/p2 29082:h12516/p2
2026-09-10 07:32:49 OK port 29080 [quick] height=12529 peers=2 p2p=aligned aligned=True failed=
2026-09-10 07:32:49 OK port 29081 [quick] height=12529 peers=2 p2p=aligned aligned=True failed=
2026-09-10 07:32:49 OK port 29082 [quick] height=12529 peers=2 p2p=aligned aligned=True failed=
2026-09-10 07:32:49 OK mesh aligned 29080:h12529/p2 29081:h12529/p2 29082:h12529/p2
2026-09-10 07:37:52 OK port 29080 [quick] height=12542 peers=2 p2p=aligned aligned=True failed=
2026-09-10 07:37:52 OK port 29081 [quick] height=12542 peers=2 p2p=aligned aligned=True failed=
2026-09-10 07:37:52 OK port 29082 [quick] height=12542 peers=2 p2p=aligned aligned=True failed=
2026-09-10 07:37:52 OK mesh aligned 29080:h12542/p2 29081:h12542/p2 29082:h12542/p2
2026-09-10 07:43:00 OK port 29080 [full] height=12554 peers=2 p2p=aligned aligned=True failed=
2026-09-10 07:43:00 OK port 29081 [full] height=12554 peers=2 p2p=aligned aligned=True failed=
2026-09-10 07:43:00 OK port 29082 [full] height=12554 peers=2 p2p=aligned aligned=True failed=
2026-09-10 07:43:00 OK mesh aligned 29080:h12554/p2 29081:h12554/p2 29082:h12554/p2
2026-09-10 07:48:10 OK port 29080 [quick] height=12566 peers=2 p2p=inconsistent aligned=True failed=peer_probe_ok,p2p_state_consistent
2026-09-10 07:48:10 OK port 29081 [quick] height=12566 peers=2 p2p=aligned aligned=True failed=
2026-09-10 07:48:10 OK port 29082 [quick] height=12566 peers=2 p2p=aligned aligned=True failed=
2026-09-10 07:48:10 OK mesh aligned 29080:h12566/p2 29081:h12566/p2 29082:h12566/p2
2026-09-10 07:53:13 OK port 29080 [quick] height=12579 peers=2 p2p=inconsistent aligned=True failed=peer_probe_ok,p2p_state_consistent
2026-09-10 07:53:13 OK port 29081 [quick] height=12579 peers=2 p2p=aligned aligned=True failed=
2026-09-10 07:53:13 OK port 29082 [quick] height=12579 peers=2 p2p=aligned aligned=True failed=
2026-09-10 07:53:13 OK mesh aligned 29080:h12579/p2 29081:h12579/p2 29082:h12579/p2
2026-09-10 07:58:14 OK port 29080 [quick] height=12591 peers=2 p2p=inconsistent aligned=True failed=
2026-09-10 07:58:14 OK port 29081 [quick] height=12591 peers=2 p2p=aligned aligned=True failed=
2026-09-10 07:58:14 OK port 29082 [quick] height=12591 peers=2 p2p=aligned aligned=True failed=
2026-09-10 07:58:14 OK mesh aligned 29080:h12591/p2 29081:h12591/p2 29082:h12591/p2
2026-09-10 08:03:18 OK port 29080 [quick] height=12604 peers=2 p2p=inconsistent aligned=True failed=
2026-09-10 08:03:18 OK port 29081 [quick] height=12603 peers=2 p2p=aligned aligned=True failed=
2026-09-10 08:03:18 OK port 29082 [quick] height=12603 peers=2 p2p=aligned aligned=True failed=
2026-09-10 08:03:18 OK mesh aligned 29080:h12604/p2 29081:h12603/p2 29082:h12603/p2 transient_delta=1
2026-09-10 08:08:23 OK port 29080 [quick] height=12617 peers=2 p2p=inconsistent aligned=True failed=
2026-09-10 08:08:23 OK port 29081 [quick] height=12617 peers=2 p2p=inconsistent aligned=True failed=
2026-09-10 08:08:23 OK port 29082 [quick] height=12617 peers=2 p2p=inconsistent aligned=True failed=
2026-09-10 08:08:23 OK mesh aligned 29080:h12617/p2 29081:h12617/p2 29082:h12617/p2
2026-09-10 08:13:25 OK port 29080 [full] height=12629 peers=2 p2p=aligned aligned=True failed=
2026-09-10 08:13:25 OK port 29081 [full] height=12629 peers=2 p2p=aligned aligned=True failed=
2026-09-10 08:13:25 OK port 29082 [full] height=12629 peers=2 p2p=aligned aligned=True failed=
2026-09-10 08:13:25 OK mesh aligned 29080:h12629/p2 29081:h12629/p2 29082:h12629/p2
2026-09-10 08:18:26 OK port 29080 [quick] height=12641 peers=2 p2p=inconsistent aligned=True failed=
2026-09-10 08:18:26 OK port 29081 [quick] height=12641 peers=2 p2p=aligned aligned=True failed=
2026-09-10 08:18:26 OK port 29082 [quick] height=12641 peers=2 p2p=aligned aligned=True failed=
2026-09-10 08:18:26 OK mesh aligned 29080:h12641/p2 29081:h12641/p2 29082:h12641/p2
2026-09-10 08:23:29 OK port 29080 [quick] height=12653 peers=2 p2p=aligned aligned=True failed=
2026-09-10 08:23:29 OK port 29081 [quick] height=12653 peers=2 p2p=aligned aligned=True failed=
2026-09-10 08:23:29 OK port 29082 [quick] height=12653 peers=2 p2p=aligned aligned=True failed=
2026-09-10 08:23:29 OK mesh aligned 29080:h12653/p2 29081:h12653/p2 29082:h12653/p2
2026-09-10 08:28:33 OK port 29080 [quick] height=12666 peers=2 p2p=inconsistent aligned=True failed=peer_probe_ok,p2p_state_consistent
2026-09-10 08:28:33 OK port 29081 [quick] height=12666 peers=2 p2p=aligned aligned=True failed=
2026-09-10 08:28:33 OK port 29082 [quick] height=12666 peers=2 p2p=aligned aligned=True failed=
2026-09-10 08:28:33 OK mesh aligned 29080:h12666/p2 29081:h12666/p2 29082:h12666/p2
2026-09-10 08:33:38 OK port 29080 [quick] height=12678 peers=2 p2p=aligned aligned=True failed=peer_probe_ok,p2p_state_consistent
2026-09-10 08:33:38 OK port 29081 [quick] height=12678 peers=2 p2p=inconsistent aligned=True failed=
2026-09-10 08:33:38 OK port 29082 [quick] height=12678 peers=2 p2p=inconsistent aligned=True failed=
2026-09-10 08:33:38 OK mesh aligned 29080:h12678/p2 29081:h12678/p2 29082:h12678/p2
2026-09-10 08:38:42 OK port 29080 [quick] height=12690 peers=2 p2p=aligned aligned=True failed=
2026-09-10 08:38:42 OK port 29081 [quick] height=12690 peers=2 p2p=aligned aligned=True failed=
2026-09-10 08:38:42 OK port 29082 [quick] height=12690 peers=2 p2p=aligned aligned=True failed=
2026-09-10 08:38:42 OK mesh aligned 29080:h12690/p2 29081:h12690/p2 29082:h12690/p2
2026-09-10 08:43:50 OK port 29080 [full] height=12702 peers=2 p2p=inconsistent aligned=True failed=peer_probe_ok,p2p_state_consistent
2026-09-10 08:43:50 OK port 29081 [full] height=12702 peers=2 p2p=aligned aligned=True failed=
2026-09-10 08:43:50 OK port 29082 [full] height=12702 peers=2 p2p=aligned aligned=True failed=peer_probe_ok
2026-09-10 08:43:50 OK mesh aligned 29080:h12702/p2 29081:h12702/p2 29082:h12702/p2
2026-09-10 08:48:55 OK port 29080 [quick] height=12715 peers=2 p2p=inconsistent aligned=True failed=
2026-09-10 08:48:55 OK port 29081 [quick] height=12715 peers=2 p2p=inconsistent aligned=True failed=
2026-09-10 08:48:55 OK port 29082 [quick] height=12715 peers=2 p2p=inconsistent aligned=True failed=
2026-09-10 08:48:55 OK mesh aligned 29080:h12715/p2 29081:h12715/p2 29082:h12715/p2
2026-09-10 08:53:59 OK port 29080 [quick] height=12727 peers=2 p2p=aligned aligned=True failed=
2026-09-10 08:53:59 OK port 29081 [quick] height=12727 peers=2 p2p=aligned aligned=True failed=
2026-09-10 08:53:59 OK port 29082 [quick] height=12727 peers=2 p2p=aligned aligned=True failed=
2026-09-10 08:53:59 OK mesh aligned 29080:h12727/p2 29081:h12727/p2 29082:h12727/p2
2026-09-10 08:59:04 OK port 29080 [quick] height=12740 peers=2 p2p=inconsistent aligned=True failed=
2026-09-10 08:59:04 OK port 29081 [quick] height=12739 peers=2 p2p=aligned aligned=True failed=
2026-09-10 08:59:04 OK port 29082 [quick] height=12739 peers=2 p2p=aligned aligned=True failed=
2026-09-10 08:59:04 OK mesh aligned 29080:h12740/p2 29081:h12739/p2 29082:h12739/p2 transient_delta=1
2026-09-10 09:04:08 OK port 29080 [quick] height=12752 peers=2 p2p=aligned aligned=True failed=
2026-09-10 09:04:08 OK port 29081 [quick] height=12752 peers=2 p2p=aligned aligned=True failed=
2026-09-10 09:04:08 OK port 29082 [quick] height=12752 peers=2 p2p=aligned aligned=True failed=
2026-09-10 09:04:08 OK mesh aligned 29080:h12752/p2 29081:h12752/p2 29082:h12752/p2
2026-09-10 09:09:13 OK port 29080 [quick] height=12764 peers=2 p2p=inconsistent aligned=True failed=
2026-09-10 09:09:13 OK port 29081 [quick] height=12764 peers=2 p2p=inconsistent aligned=True failed=
2026-09-10 09:09:13 OK port 29082 [quick] height=12764 peers=2 p2p=inconsistent aligned=True failed=
2026-09-10 09:09:13 OK mesh aligned 29080:h12764/p2 29081:h12764/p2 29082:h12764/p2
2026-09-10 09:14:22 OK port 29080 [full] height=12776 peers=2 p2p=inconsistent aligned=True failed=peer_probe_ok
2026-09-10 09:14:22 OK port 29081 [full] height=12776 peers=2 p2p=inconsistent aligned=True failed=peer_probe_ok
2026-09-10 09:14:22 OK port 29082 [full] height=12776 peers=2 p2p=inconsistent aligned=True failed=peer_probe_ok
2026-09-10 09:14:22 OK mesh aligned 29080:h12776/p2 29081:h12776/p2 29082:h12776/p2
2026-09-10 09:19:26 OK port 29080 [quick] height=12788 peers=2 p2p=aligned aligned=True failed=
2026-09-10 09:19:26 OK port 29081 [quick] height=12788 peers=2 p2p=aligned aligned=True failed=
2026-09-10 09:19:26 OK port 29082 [quick] height=12788 peers=2 p2p=aligned aligned=True failed=
2026-09-10 09:19:26 OK mesh aligned 29080:h12788/p2 29081:h12788/p2 29082:h12788/p2
2026-09-10 09:24:30 OK port 29080 [quick] height=12800 peers=2 p2p=inconsistent aligned=True failed=peer_probe_ok,p2p_state_consistent
2026-09-10 09:24:30 OK port 29081 [quick] height=12800 peers=2 p2p=aligned aligned=True failed=
2026-09-10 09:24:30 OK port 29082 [quick] height=12800 peers=2 p2p=aligned aligned=True failed=
2026-09-10 09:24:30 OK mesh aligned 29080:h12800/p2 29081:h12800/p2 29082:h12800/p2
2026-09-10 09:29:35 OK port 29080 [quick] height=12812 peers=2 p2p=inconsistent aligned=True failed=
2026-09-10 09:29:35 OK port 29081 [quick] height=12812 peers=2 p2p=aligned aligned=True failed=
2026-09-10 09:29:35 OK port 29082 [quick] height=12812 peers=2 p2p=aligned aligned=True failed=
2026-09-10 09:29:35 OK mesh aligned 29080:h12812/p2 29081:h12812/p2 29082:h12812/p2
2026-09-10 09:34:40 OK port 29080 [quick] height=12824 peers=2 p2p=inconsistent aligned=True failed=
2026-09-10 09:34:40 OK port 29081 [quick] height=12824 peers=2 p2p=aligned aligned=True failed=
2026-09-10 09:34:40 OK port 29082 [quick] height=12824 peers=2 p2p=inconsistent aligned=True failed=
2026-09-10 09:34:40 OK mesh aligned 29080:h12824/p2 29081:h12824/p2 29082:h12824/p2
2026-09-10 09:39:44 OK port 29080 [quick] height=12836 peers=2 p2p=aligned aligned=True failed=
2026-09-10 09:39:44 OK port 29081 [quick] height=12836 peers=2 p2p=aligned aligned=True failed=
2026-09-10 09:39:44 OK port 29082 [quick] height=12836 peers=2 p2p=aligned aligned=True failed=
2026-09-10 09:39:44 OK mesh aligned 29080:h12836/p2 29081:h12836/p2 29082:h12836/p2
2026-09-10 09:44:52 OK port 29080 [full] height=12848 peers=2 p2p=aligned aligned=True failed=peer_probe_ok,p2p_state_consistent
2026-09-10 09:44:52 OK port 29081 [full] height=12848 peers=2 p2p=aligned aligned=True failed=peer_probe_ok
2026-09-10 09:44:52 OK port 29082 [full] height=12848 peers=2 p2p=aligned aligned=True failed=
2026-09-10 09:44:52 OK mesh aligned 29080:h12848/p2 29081:h12848/p2 29082:h12848/p2
2026-09-10 09:49:55 OK port 29080 [quick] height=12860 peers=2 p2p=aligned aligned=True failed=peer_probe_ok,p2p_state_consistent
2026-09-10 09:49:55 OK port 29081 [quick] height=12860 peers=2 p2p=aligned aligned=True failed=
2026-09-10 09:49:55 OK port 29082 [quick] height=12860 peers=2 p2p=aligned aligned=True failed=
2026-09-10 09:49:55 OK mesh aligned 29080:h12860/p2 29081:h12860/p2 29082:h12860/p2
2026-09-10 09:55:00 OK port 29080 [quick] height=12872 peers=2 p2p=aligned aligned=True failed=
2026-09-10 09:55:00 OK port 29081 [quick] height=12872 peers=2 p2p=aligned aligned=True failed=
2026-09-10 09:55:00 OK port 29082 [quick] height=12872 peers=2 p2p=inconsistent aligned=True failed=
2026-09-10 09:55:00 OK mesh aligned 29080:h12872/p2 29081:h12872/p2 29082:h12872/p2
2026-09-10 10:00:10 OK port 29080 [quick] height=12884 peers=2 p2p=aligned aligned=True failed=
2026-09-10 10:00:10 OK port 29081 [quick] height=12884 peers=2 p2p=aligned aligned=True failed=
2026-09-10 10:00:10 OK port 29082 [quick] height=12884 peers=2 p2p=aligned aligned=True failed=
2026-09-10 10:00:10 OK mesh aligned 29080:h12884/p2 29081:h12884/p2 29082:h12884/p2
2026-09-10 10:05:19 OK port 29080 [quick] height=12896 peers=2 p2p=aligned aligned=True failed=
2026-09-10 10:05:19 OK port 29081 [quick] height=12896 peers=2 p2p=aligned aligned=True failed=
2026-09-10 10:05:19 OK port 29082 [quick] height=12896 peers=2 p2p=aligned aligned=True failed=
2026-09-10 10:05:19 OK mesh aligned 29080:h12896/p2 29081:h12896/p2 29082:h12896/p2
2026-09-10 10:10:30 WARN OK port 29080 [quick] height=12909 peers=2 p2p=inconsistent aligned=False failed=harness_timeout
2026-09-10 10:10:30 OK port 29081 [quick] height=12908 peers=2 p2p=aligned aligned=True failed=
2026-09-10 10:10:30 OK port 29082 [quick] height=12908 peers=2 p2p=aligned aligned=True failed=
2026-09-10 10:10:30 OK mesh aligned 29080:h12909/p2 29081:h12908/p2 29082:h12908/p2 transient_delta=1
2026-09-10 10:15:44 OK port 29080 [full] height=12921 peers=2 p2p=aligned aligned=True failed=peer_probe_ok
2026-09-10 10:15:44 OK port 29081 [full] height=12921 peers=2 p2p=aligned aligned=True failed=
2026-09-10 10:15:44 OK port 29082 [full] height=12921 peers=2 p2p=aligned aligned=True failed=
2026-09-10 10:15:44 OK mesh aligned 29080:h12921/p2 29081:h12921/p2 29082:h12921/p2
2026-09-10 10:20:51 OK port 29080 [quick] height=12934 peers=2 p2p=inconsistent aligned=True failed=
2026-09-10 10:20:51 OK port 29081 [quick] height=12934 peers=2 p2p=inconsistent aligned=True failed=
2026-09-10 10:20:51 OK port 29082 [quick] height=12934 peers=2 p2p=aligned aligned=True failed=
2026-09-10 10:20:51 OK mesh aligned 29080:h12934/p2 29081:h12934/p2 29082:h12934/p2
2026-09-10 10:25:55 OK port 29080 [quick] height=12946 peers=2 p2p=inconsistent aligned=True failed=peer_probe_ok,p2p_state_consistent
2026-09-10 10:25:55 OK port 29081 [quick] height=12946 peers=2 p2p=aligned aligned=True failed=
2026-09-10 10:25:55 OK port 29082 [quick] height=12946 peers=2 p2p=aligned aligned=True failed=
2026-09-10 10:25:55 OK mesh aligned 29080:h12946/p2 29081:h12946/p2 29082:h12946/p2
2026-09-10 10:31:00 OK port 29080 [quick] height=12958 peers=2 p2p=inconsistent aligned=True failed=
2026-09-10 10:31:00 OK port 29081 [quick] height=12957 peers=2 p2p=aligned aligned=True failed=
2026-09-10 10:31:00 OK port 29082 [quick] height=12957 peers=2 p2p=aligned aligned=True failed=
2026-09-10 10:31:00 OK mesh aligned 29080:h12958/p2 29081:h12957/p2 29082:h12957/p2 transient_delta=1
2026-09-10 10:36:04 OK port 29080 [quick] height=12963 peers=1 p2p=single_peer_dev aligned=True failed=
2026-09-10 10:36:04 OK port 29081 [quick] height=12963 peers=1 p2p=single_peer_dev aligned=True failed=
2026-09-10 10:36:04 OK port 29082 [quick] height=12963 peers=2 p2p=aligned aligned=True failed=
2026-09-10 10:36:04 OK mesh aligned 29080:h12963/p1 29081:h12963/p1 29082:h12963/p2
2026-09-10 10:41:08 OK port 29080 [quick] height=12963 peers=1 p2p=single_peer_dev aligned=True failed=
2026-09-10 10:41:08 OK port 29081 [quick] height=12963 peers=1 p2p=single_peer_dev aligned=True failed=
2026-09-10 10:41:08 OK port 29082 [quick] height=12963 peers=2 p2p=aligned aligned=True failed=
2026-09-10 10:41:08 OK mesh aligned 29080:h12963/p1 29081:h12963/p1 29082:h12963/p2
2026-09-10 10:46:17 OK port 29080 [full] height=12963 peers=1 p2p=single_peer_dev aligned=True failed=
2026-09-10 10:46:17 OK port 29081 [full] height=12963 peers=1 p2p=single_peer_dev aligned=True failed=
2026-09-10 10:46:17 OK port 29082 [full] height=12963 peers=2 p2p=aligned aligned=True failed=peer_probe_ok
2026-09-10 10:46:17 OK mesh aligned 29080:h12963/p1 29081:h12963/p1 29082:h12963/p2
2026-09-10 10:46:17 WARN tip stagnant max_h=12963 age=612s
2026-09-10 10:52:46 OK port 29080 [quick] height=12963 peers=1 p2p=single_peer_dev aligned=True failed=
2026-09-10 10:52:46 OK port 29081 [quick] height=12963 peers=1 p2p=single_peer_dev aligned=True failed=
2026-09-10 10:52:46 FAIL port 29082 ready: Время ожидания завершения операции истекло.; status: Время ожидания завершения операции истекло.
2026-09-10 10:52:46 WARN mesh partial aligned 29080:h12963/p1 29081:h12963/p1
2026-09-10 10:59:16 OK port 29080 [quick] height=12963 peers=1 p2p=single_peer_dev aligned=True failed=
2026-09-10 10:59:16 OK port 29081 [quick] height=12963 peers=1 p2p=single_peer_dev aligned=True failed=
2026-09-10 10:59:16 FAIL port 29082 ready: Время ожидания завершения операции истекло.; status: Время ожидания завершения операции истекло.
2026-09-10 10:59:16 WARN mesh partial aligned 29080:h12963/p1 29081:h12963/p1
2026-09-10 11:04:20 OK port 29080 [quick] height=12963 peers=1 p2p=single_peer_dev aligned=True failed=
2026-09-10 11:04:20 OK port 29081 [quick] height=12963 peers=1 p2p=single_peer_dev aligned=True failed=
2026-09-10 11:04:20 OK port 29082 [quick] height=12963 peers=2 p2p=aligned aligned=True failed=
2026-09-10 11:04:20 OK mesh aligned 29080:h12963/p1 29081:h12963/p1 29082:h12963/p2
2026-09-10 11:10:50 OK port 29080 [quick] height=12963 peers=1 p2p=single_peer_dev aligned=True failed=
2026-09-10 11:10:50 OK port 29081 [quick] height=12963 peers=1 p2p=single_peer_dev aligned=True failed=
2026-09-10 11:10:50 FAIL port 29082 ready: Время ожидания завершения операции истекло.; status: Время ожидания завершения операции истекло.
2026-09-10 11:10:50 WARN mesh partial aligned 29080:h12963/p1 29081:h12963/p1
2026-09-10 11:15:56 OK port 29080 [quick] height=12965 peers=2 p2p=inconsistent aligned=True failed=
2026-09-10 11:15:56 OK port 29081 [quick] height=12964 peers=2 p2p=aligned aligned=True failed=
2026-09-10 11:15:56 OK port 29082 [quick] height=12964 peers=2 p2p=aligned aligned=True failed=
2026-09-10 11:15:56 OK mesh aligned 29080:h12965/p2 29081:h12964/p2 29082:h12964/p2 transient_delta=1
2026-09-10 11:21:07 OK port 29080 [full] height=12977 peers=2 p2p=inconsistent aligned=True failed=peer_probe_ok
2026-09-10 11:21:07 OK port 29081 [full] height=12976 peers=2 p2p=aligned aligned=True failed=peer_probe_ok
2026-09-10 11:21:07 OK port 29082 [full] height=12976 peers=2 p2p=aligned aligned=True failed=peer_probe_ok
2026-09-10 11:21:07 OK mesh aligned 29080:h12977/p2 29081:h12976/p2 29082:h12976/p2 transient_delta=1
2026-09-10 11:26:14 OK port 29080 [quick] height=12988 peers=2 p2p=aligned aligned=True failed=
2026-09-10 11:26:14 OK port 29081 [quick] height=12988 peers=2 p2p=aligned aligned=True failed=
2026-09-10 11:26:14 OK port 29082 [quick] height=12988 peers=2 p2p=aligned aligned=True failed=
2026-09-10 11:26:14 OK mesh aligned 29080:h12988/p2 29081:h12988/p2 29082:h12988/p2
2026-09-10 11:31:19 OK port 29080 [quick] height=13000 peers=2 p2p=aligned aligned=True failed=
2026-09-10 11:31:19 OK port 29081 [quick] height=13000 peers=2 p2p=aligned aligned=True failed=
2026-09-10 11:31:19 OK port 29082 [quick] height=13000 peers=2 p2p=aligned aligned=True failed=
2026-09-10 11:31:19 OK mesh aligned 29080:h13000/p2 29081:h13000/p2 29082:h13000/p2
2026-09-10 11:36:24 OK port 29080 [quick] height=13012 peers=2 p2p=inconsistent aligned=True failed=
2026-09-10 11:36:24 OK port 29081 [quick] height=13011 peers=2 p2p=aligned aligned=True failed=
2026-09-10 11:36:24 OK port 29082 [quick] height=13011 peers=2 p2p=aligned aligned=True failed=
2026-09-10 11:36:24 OK mesh aligned 29080:h13012/p2 29081:h13011/p2 29082:h13011/p2 transient_delta=1
2026-09-10 11:41:30 OK port 29080 [quick] height=13024 peers=2 p2p=inconsistent aligned=True failed=
2026-09-10 11:41:30 OK port 29081 [quick] height=13023 peers=2 p2p=aligned aligned=True failed=
2026-09-10 11:41:30 OK port 29082 [quick] height=13023 peers=2 p2p=aligned aligned=True failed=
2026-09-10 11:41:30 OK mesh aligned 29080:h13024/p2 29081:h13023/p2 29082:h13023/p2 transient_delta=1
2026-09-10 11:46:41 WARN OK port 29080 [quick] height=13035 peers=2 p2p=inconsistent aligned=False failed=harness_timeout
2026-09-10 11:46:41 OK port 29081 [quick] height=13035 peers=2 p2p=aligned aligned=True failed=
2026-09-10 11:46:41 OK port 29082 [quick] height=13035 peers=2 p2p=aligned aligned=True failed=
2026-09-10 11:46:41 OK mesh aligned 29080:h13035/p2 29081:h13035/p2 29082:h13035/p2
2026-09-10 11:51:56 OK port 29080 [full] height=13047 peers=2 p2p=inconsistent aligned=True failed=peer_probe_ok
2026-09-10 11:51:56 OK port 29081 [full] height=13046 peers=2 p2p=aligned aligned=True failed=peer_probe_ok
2026-09-10 11:51:56 OK port 29082 [full] height=13046 peers=2 p2p=aligned aligned=True failed=peer_probe_ok
2026-09-10 11:51:56 OK mesh aligned 29080:h13047/p2 29081:h13046/p2 29082:h13046/p2 transient_delta=1
2026-09-10 11:56:59 OK port 29080 [quick] height=13059 peers=2 p2p=aligned aligned=True failed=
2026-09-10 11:56:59 OK port 29081 [quick] height=13059 peers=2 p2p=aligned aligned=True failed=
2026-09-10 11:56:59 OK port 29082 [quick] height=13059 peers=2 p2p=aligned aligned=True failed=
2026-09-10 11:56:59 OK mesh aligned 29080:h13059/p2 29081:h13059/p2 29082:h13059/p2
2026-09-10 12:02:04 OK port 29080 [quick] height=13070 peers=2 p2p=inconsistent aligned=True failed=peer_probe_ok,p2p_state_consistent
2026-09-10 12:02:04 OK port 29081 [quick] height=13070 peers=2 p2p=aligned aligned=True failed=
2026-09-10 12:02:04 OK port 29082 [quick] height=13070 peers=2 p2p=aligned aligned=True failed=
2026-09-10 12:02:04 OK mesh aligned 29080:h13070/p2 29081:h13070/p2 29082:h13070/p2
2026-09-10 12:07:09 OK port 29080 [quick] height=13083 peers=2 p2p=aligned aligned=True failed=
2026-09-10 12:07:09 OK port 29081 [quick] height=13083 peers=2 p2p=aligned aligned=True failed=
2026-09-10 12:07:09 OK port 29082 [quick] height=13083 peers=2 p2p=aligned aligned=True failed=
2026-09-10 12:07:09 OK mesh aligned 29080:h13083/p2 29081:h13083/p2 29082:h13083/p2
2026-09-10 12:12:13 OK port 29080 [quick] height=13094 peers=2 p2p=inconsistent aligned=True failed=peer_probe_ok,p2p_state_consistent
2026-09-10 12:12:13 OK port 29081 [quick] height=13094 peers=2 p2p=aligned aligned=True failed=
2026-09-10 12:12:13 OK port 29082 [quick] height=13094 peers=2 p2p=aligned aligned=True failed=
2026-09-10 12:12:13 OK mesh aligned 29080:h13094/p2 29081:h13094/p2 29082:h13094/p2
2026-09-10 12:17:17 OK port 29080 [quick] height=13106 peers=2 p2p=inconsistent aligned=True failed=peer_probe_ok,p2p_state_consistent
2026-09-10 12:17:17 OK port 29081 [quick] height=13105 peers=2 p2p=aligned aligned=True failed=
2026-09-10 12:17:17 OK port 29082 [quick] height=13105 peers=2 p2p=aligned aligned=True failed=
2026-09-10 12:17:17 OK mesh aligned 29080:h13106/p2 29081:h13105/p2 29082:h13105/p2 transient_delta=1
2026-09-10 12:22:26 OK port 29080 [full] height=13117 peers=2 p2p=inconsistent aligned=True failed=
2026-09-10 12:22:26 OK port 29081 [full] height=13117 peers=2 p2p=inconsistent aligned=True failed=
2026-09-10 12:22:26 OK port 29082 [full] height=13117 peers=2 p2p=aligned aligned=True failed=
2026-09-10 12:22:26 OK mesh aligned 29080:h13117/p2 29081:h13117/p2 29082:h13117/p2
2026-09-10 12:27:32 OK port 29080 [quick] height=13128 peers=2 p2p=aligned aligned=True failed=
2026-09-10 12:27:32 OK port 29081 [quick] height=13128 peers=2 p2p=aligned aligned=True failed=
2026-09-10 12:27:32 OK port 29082 [quick] height=13128 peers=2 p2p=aligned aligned=True failed=
2026-09-10 12:27:32 OK mesh aligned 29080:h13128/p2 29081:h13128/p2 29082:h13128/p2
2026-09-10 12:32:38 OK port 29080 [quick] height=13140 peers=2 p2p=inconsistent aligned=True failed=
2026-09-10 12:32:38 OK port 29081 [quick] height=13140 peers=2 p2p=aligned aligned=True failed=
2026-09-10 12:32:38 OK port 29082 [quick] height=13140 peers=2 p2p=inconsistent aligned=True failed=
2026-09-10 12:32:38 OK mesh aligned 29080:h13140/p2 29081:h13140/p2 29082:h13140/p2
2026-09-10 12:37:43 OK port 29080 [quick] height=13152 peers=2 p2p=inconsistent aligned=True failed=
2026-09-10 12:37:43 OK port 29081 [quick] height=13151 peers=2 p2p=aligned aligned=True failed=
2026-09-10 12:37:43 OK port 29082 [quick] height=13151 peers=2 p2p=aligned aligned=True failed=
2026-09-10 12:37:43 OK mesh aligned 29080:h13152/p2 29081:h13151/p2 29082:h13151/p2 transient_delta=1
2026-09-10 12:42:46 OK port 29080 [quick] height=13163 peers=2 p2p=inconsistent aligned=True failed=
2026-09-10 12:42:46 OK port 29081 [quick] height=13163 peers=2 p2p=aligned aligned=True failed=
2026-09-10 12:42:46 OK port 29082 [quick] height=13163 peers=2 p2p=aligned aligned=True failed=
2026-09-10 12:42:46 OK mesh aligned 29080:h13163/p2 29081:h13163/p2 29082:h13163/p2
2026-09-10 12:47:53 OK port 29080 [quick] height=13175 peers=2 p2p=inconsistent aligned=True failed=
2026-09-10 12:47:53 OK port 29081 [quick] height=13175 peers=2 p2p=inconsistent aligned=True failed=
2026-09-10 12:47:53 OK port 29082 [quick] height=13175 peers=2 p2p=inconsistent aligned=True failed=
2026-09-10 12:47:53 OK mesh aligned 29080:h13175/p2 29081:h13175/p2 29082:h13175/p2
2026-09-10 12:53:03 OK port 29080 [full] height=13186 peers=2 p2p=inconsistent aligned=True failed=peer_probe_ok
2026-09-10 12:53:03 OK port 29081 [full] height=13185 peers=2 p2p=aligned aligned=True failed=
2026-09-10 12:53:03 OK port 29082 [full] height=13185 peers=2 p2p=aligned aligned=True failed=
2026-09-10 12:53:03 OK mesh aligned 29080:h13186/p2 29081:h13185/p2 29082:h13185/p2 transient_delta=1
2026-09-10 12:58:14 WARN OK port 29080 [quick] height=13197 peers=2 p2p=aligned aligned=False failed=harness_timeout
2026-09-10 12:58:14 OK port 29081 [quick] height=13197 peers=2 p2p=aligned aligned=True failed=
2026-09-10 12:58:14 OK port 29082 [quick] height=13197 peers=2 p2p=aligned aligned=True failed=
2026-09-10 12:58:14 OK mesh aligned 29080:h13197/p2 29081:h13197/p2 29082:h13197/p2
2026-09-10 13:03:20 OK port 29080 [quick] height=13209 peers=2 p2p=inconsistent aligned=True failed=peer_probe_ok,p2p_state_consistent
2026-09-10 13:03:20 OK port 29081 [quick] height=13209 peers=2 p2p=inconsistent aligned=True failed=
2026-09-10 13:03:20 OK port 29082 [quick] height=13209 peers=2 p2p=inconsistent aligned=True failed=
2026-09-10 13:03:20 OK mesh aligned 29080:h13209/p2 29081:h13209/p2 29082:h13209/p2
2026-09-10 13:08:24 OK port 29080 [quick] height=13219 peers=2 p2p=inconsistent aligned=True failed=peer_probe_ok,p2p_state_consistent
2026-09-10 13:08:24 OK port 29081 [quick] height=13219 peers=2 p2p=inconsistent aligned=True failed=
2026-09-10 13:08:24 OK port 29082 [quick] height=13219 peers=2 p2p=aligned aligned=True failed=
2026-09-10 13:08:24 OK mesh aligned 29080:h13219/p2 29081:h13219/p2 29082:h13219/p2
2026-09-10 13:13:30 OK port 29080 [quick] height=13230 peers=2 p2p=aligned aligned=True failed=
2026-09-10 13:13:30 OK port 29081 [quick] height=13230 peers=2 p2p=aligned aligned=True failed=
2026-09-10 13:13:30 OK port 29082 [quick] height=13230 peers=2 p2p=aligned aligned=True failed=
2026-09-10 13:13:30 OK mesh aligned 29080:h13230/p2 29081:h13230/p2 29082:h13230/p2
2026-09-10 13:18:36 OK port 29080 [quick] height=13242 peers=2 p2p=inconsistent aligned=True failed=peer_probe_ok,p2p_state_consistent
2026-09-10 13:18:36 OK port 29081 [quick] height=13242 peers=2 p2p=inconsistent aligned=True failed=
2026-09-10 13:18:36 OK port 29082 [quick] height=13242 peers=2 p2p=inconsistent aligned=True failed=
2026-09-10 13:18:36 OK mesh aligned 29080:h13242/p2 29081:h13242/p2 29082:h13242/p2
2026-09-10 13:23:47 OK port 29080 [full] height=13252 peers=2 p2p=aligned aligned=True failed=peer_probe_ok
2026-09-10 13:23:47 OK port 29081 [full] height=13252 peers=2 p2p=aligned aligned=True failed=
2026-09-10 13:23:47 OK port 29082 [full] height=13252 peers=2 p2p=aligned aligned=True failed=
2026-09-10 13:23:47 OK mesh aligned 29080:h13252/p2 29081:h13252/p2 29082:h13252/p2
2026-09-10 13:28:52 OK port 29080 [quick] height=13263 peers=2 p2p=aligned aligned=True failed=
2026-09-10 13:28:52 OK port 29081 [quick] height=13263 peers=2 p2p=aligned aligned=True failed=
2026-09-10 13:28:52 OK port 29082 [quick] height=13263 peers=2 p2p=aligned aligned=True failed=
2026-09-10 13:28:52 OK mesh aligned 29080:h13263/p2 29081:h13263/p2 29082:h13263/p2
2026-09-10 13:34:03 OK port 29080 [quick] height=13275 peers=2 p2p=inconsistent aligned=True failed=peer_probe_ok,p2p_state_consistent
2026-09-10 13:34:03 OK port 29081 [quick] height=13275 peers=2 p2p=inconsistent aligned=True failed=
2026-09-10 13:34:03 OK port 29082 [quick] height=13275 peers=2 p2p=inconsistent aligned=True failed=
2026-09-10 13:34:03 OK mesh aligned 29080:h13275/p2 29081:h13275/p2 29082:h13275/p2
2026-09-10 13:39:08 OK port 29080 [quick] height=13286 peers=2 p2p=inconsistent aligned=True failed=
2026-09-10 13:39:08 OK port 29081 [quick] height=13286 peers=2 p2p=inconsistent aligned=True failed=
2026-09-10 13:39:08 OK port 29082 [quick] height=13286 peers=2 p2p=inconsistent aligned=True failed=
2026-09-10 13:39:08 OK mesh aligned 29080:h13286/p2 29081:h13286/p2 29082:h13286/p2
2026-09-10 13:44:11 OK port 29080 [quick] height=13297 peers=2 p2p=inconsistent aligned=True failed=peer_probe_ok,p2p_state_consistent
2026-09-10 13:44:11 OK port 29081 [quick] height=13297 peers=2 p2p=aligned aligned=True failed=
2026-09-10 13:44:11 OK port 29082 [quick] height=13297 peers=2 p2p=aligned aligned=True failed=
2026-09-10 13:44:11 OK mesh aligned 29080:h13297/p2 29081:h13297/p2 29082:h13297/p2
2026-09-10 13:49:16 OK port 29080 [quick] height=13307 peers=2 p2p=aligned aligned=True failed=
2026-09-10 13:49:16 OK port 29081 [quick] height=13307 peers=2 p2p=aligned aligned=True failed=
2026-09-10 13:49:16 OK port 29082 [quick] height=13307 peers=2 p2p=aligned aligned=True failed=
2026-09-10 13:49:16 OK mesh aligned 29080:h13307/p2 29081:h13307/p2 29082:h13307/p2
2026-09-10 13:54:25 OK port 29080 [full] height=13319 peers=2 p2p=inconsistent aligned=True failed=peer_probe_ok
2026-09-10 13:54:25 OK port 29081 [full] height=13318 peers=2 p2p=aligned aligned=True failed=peer_probe_ok
2026-09-10 13:54:25 OK port 29082 [full] height=13318 peers=2 p2p=aligned aligned=True failed=peer_probe_ok
2026-09-10 13:54:25 OK mesh aligned 29080:h13319/p2 29081:h13318/p2 29082:h13318/p2 transient_delta=1
2026-09-10 13:59:36 WARN OK port 29080 [quick] height=13330 peers=2 p2p=inconsistent aligned=False failed=harness_timeout
2026-09-10 13:59:36 OK port 29081 [quick] height=13330 peers=2 p2p=aligned aligned=True failed=
2026-09-10 13:59:36 OK port 29082 [quick] height=13330 peers=2 p2p=aligned aligned=True failed=
2026-09-10 13:59:36 OK mesh aligned 29080:h13330/p2 29081:h13330/p2 29082:h13330/p2
2026-09-10 14:04:37 OK port 29080 [quick] height=13341 peers=2 p2p=inconsistent aligned=True failed=
2026-09-10 14:04:37 OK port 29081 [quick] height=13341 peers=2 p2p=aligned aligned=True failed=
2026-09-10 14:04:37 OK port 29082 [quick] height=13341 peers=2 p2p=aligned aligned=True failed=
2026-09-10 14:04:37 OK mesh aligned 29080:h13341/p2 29081:h13341/p2 29082:h13341/p2
2026-09-10 14:09:43 OK port 29080 [quick] height=13352 peers=2 p2p=inconsistent aligned=True failed=peer_probe_ok,p2p_state_consistent
2026-09-10 14:09:43 OK port 29081 [quick] height=13352 peers=2 p2p=aligned aligned=True failed=
2026-09-10 14:09:43 OK port 29082 [quick] height=13352 peers=2 p2p=aligned aligned=True failed=
2026-09-10 14:09:43 OK mesh aligned 29080:h13352/p2 29081:h13352/p2 29082:h13352/p2
2026-09-10 14:14:49 OK port 29080 [quick] height=13363 peers=2 p2p=inconsistent aligned=True failed=
2026-09-10 14:14:49 OK port 29081 [quick] height=13362 peers=2 p2p=aligned aligned=True failed=
2026-09-10 14:14:49 OK port 29082 [quick] height=13362 peers=2 p2p=aligned aligned=True failed=
2026-09-10 14:14:49 OK mesh aligned 29080:h13363/p2 29081:h13362/p2 29082:h13362/p2 transient_delta=1
2026-09-10 14:19:52 OK port 29080 [quick] height=13373 peers=2 p2p=aligned aligned=True failed=
2026-09-10 14:19:52 OK port 29081 [quick] height=13373 peers=2 p2p=aligned aligned=True failed=
2026-09-10 14:19:52 OK port 29082 [quick] height=13373 peers=2 p2p=aligned aligned=True failed=
2026-09-10 14:19:52 OK mesh aligned 29080:h13373/p2 29081:h13373/p2 29082:h13373/p2
2026-09-10 14:25:01 OK port 29080 [full] height=13384 peers=2 p2p=aligned aligned=True failed=peer_probe_ok,p2p_state_consistent
2026-09-10 14:25:01 OK port 29081 [full] height=13384 peers=2 p2p=aligned aligned=True failed=
2026-09-10 14:25:01 OK port 29082 [full] height=13384 peers=2 p2p=aligned aligned=True failed=peer_probe_ok
2026-09-10 14:25:01 OK mesh aligned 29080:h13384/p2 29081:h13384/p2 29082:h13384/p2
2026-09-10 14:30:04 OK port 29080 [quick] height=13394 peers=2 p2p=aligned aligned=True failed=
2026-09-10 14:30:04 OK port 29081 [quick] height=13394 peers=2 p2p=aligned aligned=True failed=
2026-09-10 14:30:04 OK port 29082 [quick] height=13394 peers=2 p2p=aligned aligned=True failed=
2026-09-10 14:30:04 OK mesh aligned 29080:h13394/p2 29081:h13394/p2 29082:h13394/p2
2026-09-10 14:35:10 OK port 29080 [quick] height=13405 peers=2 p2p=aligned aligned=True failed=
2026-09-10 14:35:10 OK port 29081 [quick] height=13405 peers=2 p2p=inconsistent aligned=True failed=
2026-09-10 14:35:10 OK port 29082 [quick] height=13405 peers=2 p2p=aligned aligned=True failed=
2026-09-10 14:35:10 OK mesh aligned 29080:h13405/p2 29081:h13405/p2 29082:h13405/p2
2026-09-10 14:40:14 OK port 29080 [quick] height=13415 peers=2 p2p=inconsistent aligned=True failed=peer_probe_ok,p2p_state_consistent
2026-09-10 14:40:14 OK port 29081 [quick] height=13415 peers=2 p2p=inconsistent aligned=True failed=
2026-09-10 14:40:14 OK port 29082 [quick] height=13415 peers=2 p2p=inconsistent aligned=True failed=
2026-09-10 14:40:14 OK mesh aligned 29080:h13415/p2 29081:h13415/p2 29082:h13415/p2
2026-09-10 14:45:25 WARN OK port 29080 [quick] height=13426 peers=2 p2p=aligned aligned=False failed=harness_timeout
2026-09-10 14:45:25 OK port 29081 [quick] height=13426 peers=2 p2p=aligned aligned=True failed=
2026-09-10 14:45:25 OK port 29082 [quick] height=13426 peers=2 p2p=inconsistent aligned=True failed=
2026-09-10 14:45:25 OK mesh aligned 29080:h13426/p2 29081:h13426/p2 29082:h13426/p2
2026-09-10 14:50:31 OK port 29080 [quick] height=13436 peers=2 p2p=inconsistent aligned=True failed=peer_probe_ok,p2p_state_consistent
2026-09-10 14:50:31 OK port 29081 [quick] height=13436 peers=2 p2p=aligned aligned=True failed=
2026-09-10 14:50:31 OK port 29082 [quick] height=13436 peers=2 p2p=aligned aligned=True failed=
2026-09-10 14:50:31 OK mesh aligned 29080:h13436/p2 29081:h13436/p2 29082:h13436/p2
2026-09-10 14:55:47 OK port 29080 [full] height=13446 peers=2 p2p=aligned aligned=True failed=peer_probe_ok
2026-09-10 14:55:47 OK port 29081 [full] height=13446 peers=2 p2p=aligned aligned=True failed=
2026-09-10 14:55:47 OK port 29082 [full] height=13446 peers=2 p2p=aligned aligned=True failed=
2026-09-10 14:55:47 OK mesh aligned 29080:h13446/p2 29081:h13446/p2 29082:h13446/p2
2026-09-10 15:00:51 OK port 29080 [quick] height=13457 peers=2 p2p=aligned aligned=True failed=
2026-09-10 15:00:51 OK port 29081 [quick] height=13457 peers=2 p2p=aligned aligned=True failed=
2026-09-10 15:00:51 OK port 29082 [quick] height=13457 peers=2 p2p=aligned aligned=True failed=
2026-09-10 15:00:51 OK mesh aligned 29080:h13457/p2 29081:h13457/p2 29082:h13457/p2
2026-09-10 15:06:01 WARN OK port 29080 [quick] height=13468 peers=2 p2p=inconsistent aligned=False failed=harness_timeout
2026-09-10 15:06:01 OK port 29081 [quick] height=13467 peers=2 p2p=aligned aligned=True failed=
2026-09-10 15:06:01 OK port 29082 [quick] height=13467 peers=2 p2p=aligned aligned=True failed=
2026-09-10 15:06:01 OK mesh aligned 29080:h13468/p2 29081:h13467/p2 29082:h13467/p2 transient_delta=1
2026-09-10 15:11:03 OK port 29080 [quick] height=13478 peers=2 p2p=aligned aligned=True failed=
2026-09-10 15:11:03 OK port 29081 [quick] height=13478 peers=2 p2p=aligned aligned=True failed=
2026-09-10 15:11:03 OK port 29082 [quick] height=13478 peers=2 p2p=aligned aligned=True failed=
2026-09-10 15:11:03 OK mesh aligned 29080:h13478/p2 29081:h13478/p2 29082:h13478/p2
2026-09-10 15:16:07 OK port 29080 [quick] height=13489 peers=2 p2p=inconsistent aligned=True failed=
2026-09-10 15:16:07 OK port 29081 [quick] height=13489 peers=2 p2p=inconsistent aligned=True failed=
2026-09-10 15:16:07 OK port 29082 [quick] height=13489 peers=2 p2p=inconsistent aligned=True failed=
2026-09-10 15:16:07 OK mesh aligned 29080:h13489/p2 29081:h13489/p2 29082:h13489/p2
2026-09-10 15:21:17 OK port 29080 [quick] height=13499 peers=2 p2p=inconsistent aligned=True failed=
2026-09-10 15:21:17 OK port 29081 [quick] height=13499 peers=2 p2p=aligned aligned=True failed=
2026-09-10 15:21:17 OK port 29082 [quick] height=13499 peers=2 p2p=aligned aligned=True failed=
2026-09-10 15:21:17 OK mesh aligned 29080:h13499/p2 29081:h13499/p2 29082:h13499/p2
2026-09-10 15:26:19 OK port 29080 [full] height=13510 peers=2 p2p=aligned aligned=True failed=
2026-09-10 15:26:19 OK port 29081 [full] height=13510 peers=2 p2p=aligned aligned=True failed=
2026-09-10 15:26:19 OK port 29082 [full] height=13510 peers=2 p2p=aligned aligned=True failed=
2026-09-10 15:26:19 OK mesh aligned 29080:h13510/p2 29081:h13510/p2 29082:h13510/p2
2026-09-10 15:31:24 OK port 29080 [quick] height=13521 peers=2 p2p=inconsistent aligned=True failed=
2026-09-10 15:31:24 OK port 29081 [quick] height=13520 peers=2 p2p=aligned aligned=True failed=
2026-09-10 15:31:24 OK port 29082 [quick] height=13520 peers=2 p2p=inconsistent aligned=True failed=
2026-09-10 15:31:24 OK mesh aligned 29080:h13521/p2 29081:h13520/p2 29082:h13520/p2 transient_delta=1
2026-09-10 15:36:45 OK port 29080 [quick] height=13531 peers=2 p2p=inconsistent aligned=True failed=
2026-09-10 15:36:45 OK port 29081 [quick] height=13530 peers=2 p2p=aligned aligned=True failed=
2026-09-10 15:36:45 OK port 29082 [quick] height=13530 peers=2 p2p=aligned aligned=True failed=
2026-09-10 15:36:45 OK mesh aligned 29080:h13531/p2 29081:h13530/p2 29082:h13530/p2 transient_delta=1
2026-09-10 15:41:51 OK port 29080 [quick] height=13541 peers=2 p2p=inconsistent aligned=True failed=
2026-09-10 15:41:51 OK port 29081 [quick] height=13541 peers=2 p2p=inconsistent aligned=True failed=
2026-09-10 15:41:51 OK port 29082 [quick] height=13541 peers=2 p2p=inconsistent aligned=True failed=
2026-09-10 15:41:51 OK mesh aligned 29080:h13541/p2 29081:h13541/p2 29082:h13541/p2
2026-09-10 15:46:57 OK port 29080 [quick] height=13550 peers=2 p2p=aligned aligned=True failed=
2026-09-10 15:46:57 OK port 29081 [quick] height=13550 peers=2 p2p=aligned aligned=True failed=
2026-09-10 15:46:57 OK port 29082 [quick] height=13550 peers=2 p2p=aligned aligned=True failed=
2026-09-10 15:46:57 OK mesh aligned 29080:h13550/p2 29081:h13550/p2 29082:h13550/p2
2026-09-10 15:52:02 OK port 29080 [quick] height=13559 peers=2 p2p=aligned aligned=True failed=
2026-09-10 15:52:02 OK port 29081 [quick] height=13559 peers=2 p2p=aligned aligned=True failed=
2026-09-10 15:52:02 OK port 29082 [quick] height=13559 peers=2 p2p=aligned aligned=True failed=
2026-09-10 15:52:02 OK mesh aligned 29080:h13559/p2 29081:h13559/p2 29082:h13559/p2
2026-09-10 15:57:09 OK port 29080 [full] height=13568 peers=2 p2p=aligned aligned=True failed=
2026-09-10 15:57:09 OK port 29081 [full] height=13568 peers=2 p2p=aligned aligned=True failed=
2026-09-10 15:57:09 OK port 29082 [full] height=13568 peers=2 p2p=aligned aligned=True failed=
2026-09-10 15:57:09 OK mesh aligned 29080:h13568/p2 29081:h13568/p2 29082:h13568/p2
2026-09-10 16:02:19 OK port 29080 [quick] height=13577 peers=2 p2p=inconsistent aligned=True failed=
2026-09-10 16:02:19 OK port 29081 [quick] height=13577 peers=2 p2p=inconsistent aligned=True failed=peer_probe_ok,p2p_state_consistent
2026-09-10 16:02:19 OK port 29082 [quick] height=13577 peers=2 p2p=aligned aligned=True failed=
2026-09-10 16:02:19 OK mesh aligned 29080:h13577/p2 29081:h13577/p2 29082:h13577/p2
2026-09-10 16:07:24 OK port 29080 [quick] height=13587 peers=2 p2p=aligned aligned=True failed=
2026-09-10 16:07:24 OK port 29081 [quick] height=13587 peers=2 p2p=aligned aligned=True failed=
2026-09-10 16:07:24 OK port 29082 [quick] height=13587 peers=2 p2p=aligned aligned=True failed=
2026-09-10 16:07:24 OK mesh aligned 29080:h13587/p2 29081:h13587/p2 29082:h13587/p2
2026-09-10 16:12:27 OK port 29080 [quick] height=13597 peers=2 p2p=aligned aligned=True failed=
2026-09-10 16:12:27 OK port 29081 [quick] height=13597 peers=2 p2p=aligned aligned=True failed=
2026-09-10 16:12:27 OK port 29082 [quick] height=13597 peers=2 p2p=inconsistent aligned=True failed=
2026-09-10 16:12:27 OK mesh aligned 29080:h13597/p2 29081:h13597/p2 29082:h13597/p2
2026-09-10 16:17:32 OK port 29080 [quick] height=13607 peers=2 p2p=aligned aligned=True failed=
2026-09-10 16:17:32 OK port 29081 [quick] height=13607 peers=2 p2p=inconsistent aligned=True failed=
2026-09-10 16:17:32 OK port 29082 [quick] height=13607 peers=2 p2p=inconsistent aligned=True failed=
2026-09-10 16:17:32 OK mesh aligned 29080:h13607/p2 29081:h13607/p2 29082:h13607/p2
2026-09-10 16:22:39 OK port 29080 [quick] height=13617 peers=2 p2p=inconsistent aligned=True failed=peer_probe_ok,p2p_state_consistent
2026-09-10 16:22:39 OK port 29081 [quick] height=13617 peers=2 p2p=inconsistent aligned=True failed=
2026-09-10 16:22:39 OK port 29082 [quick] height=13617 peers=2 p2p=inconsistent aligned=True failed=
2026-09-10 16:22:39 OK mesh aligned 29080:h13617/p2 29081:h13617/p2 29082:h13617/p2
2026-09-10 16:27:47 OK port 29080 [full] height=13626 peers=2 p2p=aligned aligned=True failed=
2026-09-10 16:27:47 OK port 29081 [full] height=13626 peers=2 p2p=aligned aligned=True failed=
2026-09-10 16:27:47 OK port 29082 [full] height=13626 peers=2 p2p=inconsistent aligned=True failed=
2026-09-10 16:27:47 OK mesh aligned 29080:h13626/p2 29081:h13626/p2 29082:h13626/p2
2026-09-10 16:32:51 OK port 29080 [quick] height=13636 peers=2 p2p=inconsistent aligned=True failed=peer_probe_ok,p2p_state_consistent
2026-09-10 16:32:51 OK port 29081 [quick] height=13636 peers=2 p2p=aligned aligned=True failed=
2026-09-10 16:32:51 OK port 29082 [quick] height=13636 peers=2 p2p=aligned aligned=True failed=
2026-09-10 16:32:51 OK mesh aligned 29080:h13636/p2 29081:h13636/p2 29082:h13636/p2
2026-09-10 16:37:53 OK port 29080 [quick] height=13647 peers=2 p2p=inconsistent aligned=True failed=
2026-09-10 16:37:53 OK port 29081 [quick] height=13647 peers=2 p2p=aligned aligned=True failed=
2026-09-10 16:37:53 OK port 29082 [quick] height=13647 peers=2 p2p=aligned aligned=True failed=
2026-09-10 16:37:53 OK mesh aligned 29080:h13647/p2 29081:h13647/p2 29082:h13647/p2
2026-09-10 16:42:57 OK port 29080 [quick] height=13657 peers=2 p2p=aligned aligned=True failed=
2026-09-10 16:42:57 OK port 29081 [quick] height=13657 peers=2 p2p=aligned aligned=True failed=
2026-09-10 16:42:57 OK port 29082 [quick] height=13657 peers=2 p2p=aligned aligned=True failed=
2026-09-10 16:42:57 OK mesh aligned 29080:h13657/p2 29081:h13657/p2 29082:h13657/p2
2026-09-10 16:48:04 OK port 29080 [quick] height=13668 peers=2 p2p=inconsistent aligned=True failed=peer_probe_ok,p2p_state_consistent
2026-09-10 16:48:04 OK port 29081 [quick] height=13667 peers=2 p2p=aligned aligned=True failed=
2026-09-10 16:48:04 OK port 29082 [quick] height=13667 peers=2 p2p=aligned aligned=True failed=
2026-09-10 16:48:04 OK mesh aligned 29080:h13668/p2 29081:h13667/p2 29082:h13667/p2 transient_delta=1
2026-09-10 16:53:08 OK port 29080 [quick] height=13678 peers=2 p2p=inconsistent aligned=True failed=peer_probe_ok,p2p_state_consistent
2026-09-10 16:53:08 OK port 29081 [quick] height=13678 peers=2 p2p=aligned aligned=True failed=
2026-09-10 16:53:08 OK port 29082 [quick] height=13678 peers=2 p2p=aligned aligned=True failed=
2026-09-10 16:53:08 OK mesh aligned 29080:h13678/p2 29081:h13678/p2 29082:h13678/p2
2026-09-10 16:58:16 OK port 29080 [full] height=13688 peers=2 p2p=aligned aligned=True failed=
2026-09-10 16:58:16 OK port 29081 [full] height=13688 peers=2 p2p=aligned aligned=True failed=
2026-09-10 16:58:16 OK port 29082 [full] height=13688 peers=2 p2p=aligned aligned=True failed=
2026-09-10 16:58:16 OK mesh aligned 29080:h13688/p2 29081:h13688/p2 29082:h13688/p2
2026-09-10 17:03:25 OK port 29080 [quick] height=13698 peers=2 p2p=aligned aligned=True failed=
2026-09-10 17:03:25 OK port 29081 [quick] height=13698 peers=2 p2p=aligned aligned=True failed=
2026-09-10 17:03:25 OK port 29082 [quick] height=13698 peers=2 p2p=aligned aligned=True failed=
2026-09-10 17:03:25 OK mesh aligned 29080:h13698/p2 29081:h13698/p2 29082:h13698/p2
2026-09-10 17:08:32 OK port 29080 [quick] height=13710 peers=2 p2p=inconsistent aligned=True failed=
2026-09-10 17:08:32 OK port 29081 [quick] height=13710 peers=2 p2p=inconsistent aligned=True failed=
2026-09-10 17:08:32 OK port 29082 [quick] height=13710 peers=2 p2p=inconsistent aligned=True failed=
2026-09-10 17:08:32 OK mesh aligned 29080:h13710/p2 29081:h13710/p2 29082:h13710/p2
2026-09-10 17:13:37 OK port 29080 [quick] height=13721 peers=2 p2p=inconsistent aligned=True failed=
2026-09-10 17:13:37 OK port 29081 [quick] height=13720 peers=2 p2p=aligned aligned=True failed=
2026-09-10 17:13:37 OK port 29082 [quick] height=13720 peers=2 p2p=aligned aligned=True failed=
2026-09-10 17:13:37 OK mesh aligned 29080:h13721/p2 29081:h13720/p2 29082:h13720/p2 transient_delta=1
2026-09-10 17:18:42 OK port 29080 [quick] height=13731 peers=2 p2p=inconsistent aligned=True failed=peer_probe_ok,p2p_state_consistent
2026-09-10 17:18:42 OK port 29081 [quick] height=13731 peers=2 p2p=aligned aligned=True failed=
2026-09-10 17:18:42 OK port 29082 [quick] height=13731 peers=2 p2p=aligned aligned=True failed=
2026-09-10 17:18:42 OK mesh aligned 29080:h13731/p2 29081:h13731/p2 29082:h13731/p2
2026-09-10 17:23:48 OK port 29080 [quick] height=13741 peers=2 p2p=inconsistent aligned=True failed=
2026-09-10 17:23:48 OK port 29081 [quick] height=13740 peers=2 p2p=aligned aligned=True failed=
2026-09-10 17:23:48 OK port 29082 [quick] height=13740 peers=2 p2p=aligned aligned=True failed=
2026-09-10 17:23:48 OK mesh aligned 29080:h13741/p2 29081:h13740/p2 29082:h13740/p2 transient_delta=1
2026-09-10 17:29:03 OK port 29080 [full] height=13750 peers=2 p2p=aligned aligned=True failed=peer_probe_ok
2026-09-10 17:29:03 OK port 29081 [full] height=13750 peers=2 p2p=aligned aligned=True failed=
2026-09-10 17:29:03 OK port 29082 [full] height=13750 peers=2 p2p=aligned aligned=True failed=
2026-09-10 17:29:03 OK mesh aligned 29080:h13750/p2 29081:h13750/p2 29082:h13750/p2
2026-09-10 17:34:09 OK port 29080 [quick] height=13760 peers=2 p2p=inconsistent aligned=True failed=peer_probe_ok,p2p_state_consistent
2026-09-10 17:34:09 OK port 29081 [quick] height=13760 peers=2 p2p=aligned aligned=True failed=
2026-09-10 17:34:09 OK port 29082 [quick] height=13760 peers=2 p2p=aligned aligned=True failed=
2026-09-10 17:34:09 OK mesh aligned 29080:h13760/p2 29081:h13760/p2 29082:h13760/p2
2026-09-10 17:39:13 OK port 29080 [quick] height=13771 peers=2 p2p=inconsistent aligned=True failed=
2026-09-10 17:39:13 OK port 29081 [quick] height=13770 peers=2 p2p=aligned aligned=True failed=
2026-09-10 17:39:13 OK port 29082 [quick] height=13770 peers=2 p2p=aligned aligned=True failed=
2026-09-10 17:39:13 OK mesh aligned 29080:h13771/p2 29081:h13770/p2 29082:h13770/p2 transient_delta=1
2026-09-10 17:44:19 OK port 29080 [quick] height=13781 peers=2 p2p=inconsistent aligned=True failed=
2026-09-10 17:44:19 OK port 29081 [quick] height=13780 peers=2 p2p=aligned aligned=True failed=
2026-09-10 17:44:19 OK port 29082 [quick] height=13780 peers=2 p2p=aligned aligned=True failed=
2026-09-10 17:44:19 OK mesh aligned 29080:h13781/p2 29081:h13780/p2 29082:h13780/p2 transient_delta=1
2026-09-10 17:49:32 OK port 29080 [quick] height=13791 peers=2 p2p=aligned aligned=True failed=
2026-09-10 17:49:32 OK port 29081 [quick] height=13791 peers=2 p2p=inconsistent aligned=True failed=
2026-09-10 17:49:32 OK port 29082 [quick] height=13791 peers=2 p2p=inconsistent aligned=True failed=
2026-09-10 17:49:32 OK mesh aligned 29080:h13791/p2 29081:h13791/p2 29082:h13791/p2
2026-09-10 17:54:37 OK port 29080 [quick] height=13801 peers=2 p2p=inconsistent aligned=True failed=
2026-09-10 17:54:37 OK port 29081 [quick] height=13800 peers=2 p2p=aligned aligned=True failed=
2026-09-10 17:54:37 OK port 29082 [quick] height=13800 peers=2 p2p=inconsistent aligned=True failed=
2026-09-10 17:54:37 OK mesh aligned 29080:h13801/p2 29081:h13800/p2 29082:h13800/p2 transient_delta=1
2026-09-10 17:59:46 OK port 29080 [full] height=13810 peers=2 p2p=aligned aligned=True failed=peer_probe_ok
2026-09-10 17:59:46 OK port 29081 [full] height=13810 peers=2 p2p=aligned aligned=True failed=
2026-09-10 17:59:46 OK port 29082 [full] height=13810 peers=2 p2p=aligned aligned=True failed=
2026-09-10 17:59:46 OK mesh aligned 29080:h13810/p2 29081:h13810/p2 29082:h13810/p2
2026-09-10 18:04:50 OK port 29080 [quick] height=13820 peers=2 p2p=aligned aligned=True failed=
2026-09-10 18:04:50 OK port 29081 [quick] height=13820 peers=2 p2p=aligned aligned=True failed=
2026-09-10 18:04:50 OK port 29082 [quick] height=13820 peers=2 p2p=aligned aligned=True failed=
2026-09-10 18:04:50 OK mesh aligned 29080:h13820/p2 29081:h13820/p2 29082:h13820/p2
2026-09-10 18:09:54 OK port 29080 [quick] height=13830 peers=2 p2p=inconsistent aligned=True failed=
2026-09-10 18:09:54 OK port 29081 [quick] height=13830 peers=2 p2p=inconsistent aligned=True failed=
2026-09-10 18:09:54 OK port 29082 [quick] height=13830 peers=2 p2p=inconsistent aligned=True failed=
2026-09-10 18:09:54 OK mesh aligned 29080:h13830/p2 29081:h13830/p2 29082:h13830/p2
2026-09-10 18:14:57 OK port 29080 [quick] height=13840 peers=2 p2p=inconsistent aligned=True failed=
2026-09-10 18:14:57 OK port 29081 [quick] height=13840 peers=2 p2p=inconsistent aligned=True failed=
2026-09-10 18:14:57 OK port 29082 [quick] height=13840 peers=2 p2p=aligned aligned=True failed=
2026-09-10 18:14:57 OK mesh aligned 29080:h13840/p2 29081:h13840/p2 29082:h13840/p2
2026-09-10 18:20:19 OK port 29080 [quick] height=13852 peers=2 p2p=inconsistent aligned=True failed=
2026-09-10 18:20:19 OK port 29081 [quick] height=13851 peers=2 p2p=aligned aligned=True failed=
2026-09-10 18:20:19 OK port 29082 [quick] height=13851 peers=2 p2p=aligned aligned=True failed=
2026-09-10 18:20:19 OK mesh aligned 29080:h13852/p2 29081:h13851/p2 29082:h13851/p2 transient_delta=1
2026-09-10 18:25:24 OK port 29080 [quick] height=13862 peers=2 p2p=inconsistent aligned=True failed=
2026-09-10 18:25:24 OK port 29081 [quick] height=13861 peers=2 p2p=aligned aligned=True failed=
2026-09-10 18:25:24 OK port 29082 [quick] height=13861 peers=2 p2p=aligned aligned=True failed=
2026-09-10 18:25:24 OK mesh aligned 29080:h13862/p2 29081:h13861/p2 29082:h13861/p2 transient_delta=1
2026-09-10 18:30:33 OK port 29080 [full] height=13871 peers=2 p2p=aligned aligned=True failed=peer_probe_ok
2026-09-10 18:30:33 OK port 29081 [full] height=13871 peers=2 p2p=aligned aligned=True failed=peer_probe_ok
2026-09-10 18:30:33 OK port 29082 [full] height=13871 peers=2 p2p=inconsistent aligned=True failed=
2026-09-10 18:30:33 OK mesh aligned 29080:h13871/p2 29081:h13871/p2 29082:h13871/p2
2026-09-10 18:35:36 OK port 29080 [quick] height=13881 peers=2 p2p=aligned aligned=True failed=
2026-09-10 18:35:36 OK port 29081 [quick] height=13881 peers=2 p2p=aligned aligned=True failed=
2026-09-10 18:35:36 OK port 29082 [quick] height=13881 peers=2 p2p=aligned aligned=True failed=
2026-09-10 18:35:36 OK mesh aligned 29080:h13881/p2 29081:h13881/p2 29082:h13881/p2
2026-09-10 18:40:41 OK port 29080 [quick] height=13891 peers=2 p2p=aligned aligned=True failed=
2026-09-10 18:40:41 OK port 29081 [quick] height=13891 peers=2 p2p=aligned aligned=True failed=
2026-09-10 18:40:41 OK port 29082 [quick] height=13891 peers=2 p2p=aligned aligned=True failed=
2026-09-10 18:40:41 OK mesh aligned 29080:h13891/p2 29081:h13891/p2 29082:h13891/p2
2026-09-10 18:45:45 OK port 29080 [quick] height=13901 peers=2 p2p=aligned aligned=True failed=
2026-09-10 18:45:45 OK port 29081 [quick] height=13901 peers=2 p2p=inconsistent aligned=True failed=
2026-09-10 18:45:45 OK port 29082 [quick] height=13901 peers=2 p2p=aligned aligned=True failed=
2026-09-10 18:45:45 OK mesh aligned 29080:h13901/p2 29081:h13901/p2 29082:h13901/p2
2026-09-10 18:50:49 OK port 29080 [quick] height=13911 peers=2 p2p=aligned aligned=True failed=
2026-09-10 18:50:49 OK port 29081 [quick] height=13911 peers=2 p2p=aligned aligned=True failed=
2026-09-10 18:50:49 OK port 29082 [quick] height=13911 peers=2 p2p=aligned aligned=True failed=
2026-09-10 18:50:49 OK mesh aligned 29080:h13911/p2 29081:h13911/p2 29082:h13911/p2
2026-09-10 18:55:52 OK port 29080 [quick] height=13920 peers=2 p2p=aligned aligned=True failed=
2026-09-10 18:55:52 OK port 29081 [quick] height=13920 peers=2 p2p=aligned aligned=True failed=
2026-09-10 18:55:52 OK port 29082 [quick] height=13920 peers=2 p2p=inconsistent aligned=True failed=peer_probe_ok,p2p_state_consistent
2026-09-10 18:55:52 OK mesh aligned 29080:h13920/p2 29081:h13920/p2 29082:h13920/p2
2026-09-10 19:01:02 OK port 29080 [full] height=13930 peers=2 p2p=inconsistent aligned=True failed=peer_probe_ok
2026-09-10 19:01:02 OK port 29081 [full] height=13930 peers=2 p2p=inconsistent aligned=True failed=peer_probe_ok
2026-09-10 19:01:03 OK port 29082 [full] height=13930 peers=2 p2p=inconsistent aligned=True failed=peer_probe_ok
2026-09-10 19:01:03 OK mesh aligned 29080:h13930/p2 29081:h13930/p2 29082:h13930/p2
2026-09-10 19:06:10 OK port 29080 [quick] height=13940 peers=2 p2p=inconsistent aligned=True failed=
2026-09-10 19:06:10 OK port 29081 [quick] height=13939 peers=2 p2p=aligned aligned=True failed=
2026-09-10 19:06:10 OK port 29082 [quick] height=13939 peers=2 p2p=aligned aligned=True failed=
2026-09-10 19:06:10 OK mesh aligned 29080:h13940/p2 29081:h13939/p2 29082:h13939/p2 transient_delta=1
2026-09-10 19:11:13 OK port 29080 [quick] height=13949 peers=2 p2p=aligned aligned=True failed=
2026-09-10 19:11:13 OK port 29081 [quick] height=13949 peers=2 p2p=aligned aligned=True failed=
2026-09-10 19:11:13 OK port 29082 [quick] height=13949 peers=2 p2p=inconsistent aligned=True failed=
2026-09-10 19:11:13 OK mesh aligned 29080:h13949/p2 29081:h13949/p2 29082:h13949/p2
2026-09-10 19:16:25 OK port 29080 [quick] height=13959 peers=2 p2p=inconsistent aligned=True failed=
2026-09-10 19:16:25 OK port 29081 [quick] height=13958 peers=2 p2p=aligned aligned=True failed=
2026-09-10 19:16:25 OK port 29082 [quick] height=13958 peers=2 p2p=aligned aligned=True failed=
2026-09-10 19:16:25 OK mesh aligned 29080:h13959/p2 29081:h13958/p2 29082:h13958/p2 transient_delta=1
2026-09-10 19:21:29 OK port 29080 [quick] height=13966 peers=2 p2p=aligned aligned=True failed=
2026-09-10 19:21:29 OK port 29081 [quick] height=13966 peers=2 p2p=aligned aligned=True failed=
2026-09-10 19:21:29 OK port 29082 [quick] height=13966 peers=2 p2p=aligned aligned=True failed=
2026-09-10 19:21:29 OK mesh aligned 29080:h13966/p2 29081:h13966/p2 29082:h13966/p2
2026-09-10 19:26:41 OK port 29080 [quick] height=13975 peers=2 p2p=aligned aligned=True failed=
2026-09-10 19:26:41 OK port 29081 [quick] height=13975 peers=2 p2p=inconsistent aligned=True failed=
2026-09-10 19:26:41 OK port 29082 [quick] height=13975 peers=2 p2p=inconsistent aligned=True failed=
2026-09-10 19:26:41 OK mesh aligned 29080:h13975/p2 29081:h13975/p2 29082:h13975/p2
2026-09-10 19:32:04 OK port 29080 [full] height=13985 peers=2 p2p=aligned aligned=True failed=
2026-09-10 19:32:04 OK port 29081 [full] height=13984 peers=2 p2p=aligned aligned=True failed=peer_probe_ok
2026-09-10 19:32:04 OK port 29082 [full] height=13984 peers=2 p2p=inconsistent aligned=True failed=peer_probe_ok,p2p_state_consistent
2026-09-10 19:32:04 OK mesh aligned 29080:h13985/p2 29081:h13984/p2 29082:h13984/p2 transient_delta=1
2026-09-10 19:37:11 OK port 29080 [quick] height=13995 peers=2 p2p=inconsistent aligned=True failed=
2026-09-10 19:37:11 OK port 29081 [quick] height=13994 peers=2 p2p=aligned aligned=True failed=
2026-09-10 19:37:12 OK port 29082 [quick] height=13994 peers=2 p2p=aligned aligned=True failed=
2026-09-10 19:37:12 OK mesh aligned 29080:h13995/p2 29081:h13994/p2 29082:h13994/p2 transient_delta=1
2026-09-10 19:42:14 OK port 29080 [quick] height=14004 peers=2 p2p=inconsistent aligned=True failed=peer_probe_ok,p2p_state_consistent
2026-09-10 19:42:14 OK port 29081 [quick] height=14004 peers=2 p2p=aligned aligned=True failed=
2026-09-10 19:42:14 OK port 29082 [quick] height=14004 peers=2 p2p=aligned aligned=True failed=
2026-09-10 19:42:14 OK mesh aligned 29080:h14004/p2 29081:h14004/p2 29082:h14004/p2
2026-09-10 19:47:24 WARN OK port 29080 [quick] height=14014 peers=2 p2p=aligned aligned=False failed=harness_timeout
2026-09-10 19:47:24 OK port 29081 [quick] height=14014 peers=2 p2p=aligned aligned=True failed=
2026-09-10 19:47:24 OK port 29082 [quick] height=14014 peers=2 p2p=aligned aligned=True failed=
2026-09-10 19:47:24 OK mesh aligned 29080:h14014/p2 29081:h14014/p2 29082:h14014/p2
2026-09-10 19:52:28 OK port 29080 [quick] height=14024 peers=2 p2p=inconsistent aligned=True failed=
2026-09-10 19:52:28 OK port 29081 [quick] height=14024 peers=2 p2p=inconsistent aligned=True failed=
2026-09-10 19:52:28 OK port 29082 [quick] height=14024 peers=2 p2p=inconsistent aligned=True failed=
2026-09-10 19:52:28 OK mesh aligned 29080:h14024/p2 29081:h14024/p2 29082:h14024/p2
2026-09-10 19:57:31 OK port 29080 [quick] height=14033 peers=2 p2p=aligned aligned=True failed=
2026-09-10 19:57:31 OK port 29081 [quick] height=14033 peers=2 p2p=aligned aligned=True failed=
2026-09-10 19:57:31 OK port 29082 [quick] height=14033 peers=2 p2p=aligned aligned=True failed=
2026-09-10 19:57:31 OK mesh aligned 29080:h14033/p2 29081:h14033/p2 29082:h14033/p2
2026-09-10 20:02:40 OK port 29080 [full] height=14042 peers=2 p2p=inconsistent aligned=True failed=peer_probe_ok,p2p_state_consistent
2026-09-10 20:02:40 OK port 29081 [full] height=14041 peers=2 p2p=aligned aligned=True failed=peer_probe_ok
2026-09-10 20:02:40 OK port 29082 [full] height=14041 peers=2 p2p=aligned aligned=True failed=peer_probe_ok
2026-09-10 20:02:40 OK mesh aligned 29080:h14042/p2 29081:h14041/p2 29082:h14041/p2 transient_delta=1
2026-09-10 20:07:47 OK port 29080 [quick] height=14052 peers=2 p2p=inconsistent aligned=True failed=
2026-09-10 20:07:47 OK port 29081 [quick] height=14051 peers=2 p2p=aligned aligned=True failed=
2026-09-10 20:07:47 OK port 29082 [quick] height=14051 peers=2 p2p=aligned aligned=True failed=
2026-09-10 20:07:47 OK mesh aligned 29080:h14052/p2 29081:h14051/p2 29082:h14051/p2 transient_delta=1
2026-09-10 20:12:57 WARN OK port 29080 [quick] height=14062 peers=2 p2p=inconsistent aligned=False failed=harness_timeout
2026-09-10 20:12:57 OK port 29081 [quick] height=14061 peers=2 p2p=aligned aligned=True failed=
2026-09-10 20:12:57 OK port 29082 [quick] height=14061 peers=2 p2p=aligned aligned=True failed=
2026-09-10 20:12:57 OK mesh aligned 29080:h14062/p2 29081:h14061/p2 29082:h14061/p2 transient_delta=1
2026-09-10 20:18:01 OK port 29080 [quick] height=14070 peers=2 p2p=inconsistent aligned=True failed=
2026-09-10 20:18:01 OK port 29081 [quick] height=14069 peers=2 p2p=aligned aligned=True failed=
2026-09-10 20:18:01 OK port 29082 [quick] height=14069 peers=2 p2p=aligned aligned=True failed=
2026-09-10 20:18:01 OK mesh aligned 29080:h14070/p2 29081:h14069/p2 29082:h14069/p2 transient_delta=1
2026-09-10 20:23:08 OK port 29080 [quick] height=14079 peers=2 p2p=inconsistent aligned=True failed=
2026-09-10 20:23:08 OK port 29081 [quick] height=14078 peers=2 p2p=aligned aligned=True failed=
2026-09-10 20:23:08 OK port 29082 [quick] height=14078 peers=2 p2p=aligned aligned=True failed=
2026-09-10 20:23:08 OK mesh aligned 29080:h14079/p2 29081:h14078/p2 29082:h14078/p2 transient_delta=1
2026-09-10 20:28:19 OK port 29080 [quick] height=14087 peers=2 p2p=inconsistent aligned=True failed=
2026-09-10 20:28:19 OK port 29081 [quick] height=14086 peers=2 p2p=aligned aligned=True failed=
2026-09-10 20:28:19 OK port 29082 [quick] height=14086 peers=2 p2p=aligned aligned=True failed=
2026-09-10 20:28:19 OK mesh aligned 29080:h14087/p2 29081:h14086/p2 29082:h14086/p2 transient_delta=1
2026-09-10 20:33:36 OK port 29080 [full] height=14094 peers=2 p2p=aligned aligned=True failed=peer_probe_ok
2026-09-10 20:33:36 OK port 29081 [full] height=14094 peers=2 p2p=aligned aligned=True failed=
2026-09-10 20:33:36 OK port 29082 [full] height=14094 peers=2 p2p=aligned aligned=True failed=peer_probe_ok
2026-09-10 20:33:36 OK mesh aligned 29080:h14094/p2 29081:h14094/p2 29082:h14094/p2
2026-09-10 20:38:42 OK port 29080 [quick] height=14102 peers=2 p2p=inconsistent aligned=True failed=peer_probe_ok,p2p_state_consistent
2026-09-10 20:38:42 OK port 29081 [quick] height=14102 peers=2 p2p=inconsistent aligned=True failed=
2026-09-10 20:38:42 OK port 29082 [quick] height=14102 peers=2 p2p=inconsistent aligned=True failed=
2026-09-10 20:38:42 OK mesh aligned 29080:h14102/p2 29081:h14102/p2 29082:h14102/p2
2026-09-10 20:43:46 OK port 29080 [quick] height=14110 peers=2 p2p=aligned aligned=True failed=
2026-09-10 20:43:46 OK port 29081 [quick] height=14110 peers=2 p2p=aligned aligned=True failed=
2026-09-10 20:43:46 OK port 29082 [quick] height=14110 peers=2 p2p=aligned aligned=True failed=
2026-09-10 20:43:46 OK mesh aligned 29080:h14110/p2 29081:h14110/p2 29082:h14110/p2
2026-09-10 20:48:58 OK port 29080 [quick] height=14119 peers=2 p2p=inconsistent aligned=True failed=
2026-09-10 20:48:58 OK port 29081 [quick] height=14118 peers=2 p2p=aligned aligned=True failed=
2026-09-10 20:48:58 OK port 29082 [quick] height=14118 peers=2 p2p=aligned aligned=True failed=
2026-09-10 20:48:58 OK mesh aligned 29080:h14119/p2 29081:h14118/p2 29082:h14118/p2 transient_delta=1
2026-09-10 20:54:19 OK port 29080 [quick] height=14127 peers=2 p2p=inconsistent aligned=True failed=
2026-09-10 20:54:19 OK port 29081 [quick] height=14126 peers=2 p2p=aligned aligned=True failed=
2026-09-10 20:54:19 OK port 29082 [quick] height=14126 peers=2 p2p=aligned aligned=True failed=
2026-09-10 20:54:19 OK mesh aligned 29080:h14127/p2 29081:h14126/p2 29082:h14126/p2 transient_delta=1
2026-09-10 20:59:21 OK port 29080 [quick] height=14135 peers=2 p2p=aligned aligned=True failed=
2026-09-10 20:59:21 OK port 29081 [quick] height=14135 peers=2 p2p=aligned aligned=True failed=
2026-09-10 20:59:21 OK port 29082 [quick] height=14135 peers=2 p2p=aligned aligned=True failed=
2026-09-10 20:59:21 OK mesh aligned 29080:h14135/p2 29081:h14135/p2 29082:h14135/p2
2026-09-10 21:04:24 OK port 29080 [full] height=14143 peers=2 p2p=aligned aligned=True failed=
2026-09-10 21:04:24 OK port 29081 [full] height=14143 peers=2 p2p=aligned aligned=True failed=
2026-09-10 21:04:24 OK port 29082 [full] height=14143 peers=2 p2p=aligned aligned=True failed=
2026-09-10 21:04:24 OK mesh aligned 29080:h14143/p2 29081:h14143/p2 29082:h14143/p2
2026-09-10 21:09:34 WARN OK port 29080 [quick] height=14152 peers=2 p2p=inconsistent aligned=False failed=harness_timeout
2026-09-10 21:09:34 OK port 29081 [quick] height=14152 peers=2 p2p=aligned aligned=True failed=
2026-09-10 21:09:34 OK port 29082 [quick] height=14152 peers=2 p2p=aligned aligned=True failed=
2026-09-10 21:09:34 OK mesh aligned 29080:h14152/p2 29081:h14152/p2 29082:h14152/p2
2026-09-10 21:14:39 OK port 29080 [quick] height=14161 peers=2 p2p=inconsistent aligned=True failed=peer_probe_ok,p2p_state_consistent
2026-09-10 21:14:39 OK port 29081 [quick] height=14161 peers=2 p2p=inconsistent aligned=True failed=
2026-09-10 21:14:39 OK port 29082 [quick] height=14161 peers=2 p2p=inconsistent aligned=True failed=
2026-09-10 21:14:40 OK mesh aligned 29080:h14161/p2 29081:h14161/p2 29082:h14161/p2
2026-09-10 21:19:46 OK port 29080 [quick] height=14168 peers=2 p2p=inconsistent aligned=True failed=peer_probe_ok,p2p_state_consistent
2026-09-10 21:19:46 OK port 29081 [quick] height=14168 peers=2 p2p=aligned aligned=True failed=
2026-09-10 21:19:46 OK port 29082 [quick] height=14168 peers=2 p2p=aligned aligned=True failed=
2026-09-10 21:19:46 OK mesh aligned 29080:h14168/p2 29081:h14168/p2 29082:h14168/p2
2026-09-10 21:25:00 OK port 29080 [quick] height=14177 peers=2 p2p=inconsistent aligned=True failed=
2026-09-10 21:25:00 OK port 29081 [quick] height=14176 peers=2 p2p=aligned aligned=True failed=
2026-09-10 21:25:00 OK port 29082 [quick] height=14176 peers=2 p2p=aligned aligned=True failed=
2026-09-10 21:25:00 OK mesh aligned 29080:h14177/p2 29081:h14176/p2 29082:h14176/p2 transient_delta=1
2026-09-10 21:30:10 WARN OK port 29080 [quick] height=14184 peers=2 p2p=aligned aligned=False failed=harness_timeout
2026-09-10 21:30:10 OK port 29081 [quick] height=14184 peers=2 p2p=aligned aligned=True failed=
2026-09-10 21:30:10 OK port 29082 [quick] height=14184 peers=2 p2p=aligned aligned=True failed=
2026-09-10 21:30:10 OK mesh aligned 29080:h14184/p2 29081:h14184/p2 29082:h14184/p2
2026-09-10 21:35:22 OK port 29080 [full] height=14193 peers=2 p2p=inconsistent aligned=True failed=peer_probe_ok
2026-09-10 21:35:22 OK port 29081 [full] height=14192 peers=2 p2p=aligned aligned=True failed=peer_probe_ok
2026-09-10 21:35:22 OK port 29082 [full] height=14192 peers=2 p2p=aligned aligned=True failed=peer_probe_ok
2026-09-10 21:35:22 OK mesh aligned 29080:h14193/p2 29081:h14192/p2 29082:h14192/p2 transient_delta=1
2026-09-10 21:40:30 OK port 29080 [quick] height=14201 peers=2 p2p=aligned aligned=True failed=
2026-09-10 21:40:30 OK port 29081 [quick] height=14201 peers=2 p2p=aligned aligned=True failed=
2026-09-10 21:40:30 OK port 29082 [quick] height=14201 peers=2 p2p=aligned aligned=True failed=
2026-09-10 21:40:30 OK mesh aligned 29080:h14201/p2 29081:h14201/p2 29082:h14201/p2
2026-09-10 21:45:43 OK port 29080 [quick] height=14208 peers=2 p2p=aligned aligned=True failed=
2026-09-10 21:45:43 OK port 29081 [quick] height=14208 peers=2 p2p=aligned aligned=True failed=
2026-09-10 21:45:43 OK port 29082 [quick] height=14208 peers=2 p2p=aligned aligned=True failed=
2026-09-10 21:45:43 OK mesh aligned 29080:h14208/p2 29081:h14208/p2 29082:h14208/p2
2026-09-10 21:50:50 OK port 29080 [quick] height=14217 peers=2 p2p=inconsistent aligned=True failed=peer_probe_ok,p2p_state_consistent
2026-09-10 21:50:50 OK port 29081 [quick] height=14217 peers=2 p2p=inconsistent aligned=True failed=
2026-09-10 21:50:50 OK port 29082 [quick] height=14217 peers=2 p2p=inconsistent aligned=True failed=
2026-09-10 21:50:50 OK mesh aligned 29080:h14217/p2 29081:h14217/p2 29082:h14217/p2
2026-09-10 21:56:06 OK port 29080 [quick] height=14224 peers=2 p2p=inconsistent aligned=True failed=
2026-09-10 21:56:06 OK port 29081 [quick] height=14223 peers=2 p2p=aligned aligned=True failed=
2026-09-10 21:56:06 OK port 29082 [quick] height=14223 peers=2 p2p=aligned aligned=True failed=
2026-09-10 21:56:06 OK mesh aligned 29080:h14224/p2 29081:h14223/p2 29082:h14223/p2 transient_delta=1
2026-09-10 22:01:10 OK port 29080 [quick] height=14231 peers=2 p2p=aligned aligned=True failed=
2026-09-10 22:01:10 OK port 29081 [quick] height=14231 peers=2 p2p=aligned aligned=True failed=
2026-09-10 22:01:10 OK port 29082 [quick] height=14231 peers=2 p2p=aligned aligned=True failed=
2026-09-10 22:01:10 OK mesh aligned 29080:h14231/p2 29081:h14231/p2 29082:h14231/p2
2026-09-10 22:06:23 OK port 29080 [full] height=14238 peers=2 p2p=inconsistent aligned=True failed=peer_probe_ok,p2p_state_consistent
2026-09-10 22:06:23 OK port 29081 [full] height=14237 peers=2 p2p=aligned aligned=True failed=peer_probe_ok
2026-09-10 22:06:23 OK port 29082 [full] height=14237 peers=2 p2p=aligned aligned=True failed=peer_probe_ok
2026-09-10 22:06:23 OK mesh aligned 29080:h14238/p2 29081:h14237/p2 29082:h14237/p2 transient_delta=1
2026-09-10 22:11:35 OK port 29080 [quick] height=14245 peers=2 p2p=aligned aligned=True failed=
2026-09-10 22:11:35 OK port 29081 [quick] height=14245 peers=2 p2p=aligned aligned=True failed=
2026-09-10 22:11:35 OK port 29082 [quick] height=14245 peers=2 p2p=inconsistent aligned=True failed=
2026-09-10 22:11:35 OK mesh aligned 29080:h14245/p2 29081:h14245/p2 29082:h14245/p2
2026-09-10 22:16:45 WARN OK port 29080 [quick] height=14252 peers=2 p2p=aligned aligned=False failed=harness_timeout
2026-09-10 22:16:45 OK port 29081 [quick] height=14252 peers=2 p2p=aligned aligned=True failed=
2026-09-10 22:16:45 OK port 29082 [quick] height=14252 peers=2 p2p=aligned aligned=True failed=
2026-09-10 22:16:45 OK mesh aligned 29080:h14252/p2 29081:h14252/p2 29082:h14252/p2
2026-09-10 22:21:50 OK port 29080 [quick] height=14260 peers=2 p2p=inconsistent aligned=True failed=
2026-09-10 22:21:50 OK port 29081 [quick] height=14260 peers=2 p2p=inconsistent aligned=True failed=
2026-09-10 22:21:50 OK port 29082 [quick] height=14260 peers=2 p2p=inconsistent aligned=True failed=
2026-09-10 22:21:50 OK mesh aligned 29080:h14260/p2 29081:h14260/p2 29082:h14260/p2
2026-09-10 22:26:55 OK port 29080 [quick] height=14267 peers=2 p2p=aligned aligned=True failed=
2026-09-10 22:26:55 OK port 29081 [quick] height=14267 peers=2 p2p=aligned aligned=True failed=
2026-09-10 22:26:55 OK port 29082 [quick] height=14267 peers=2 p2p=aligned aligned=True failed=
2026-09-10 22:26:55 OK mesh aligned 29080:h14267/p2 29081:h14267/p2 29082:h14267/p2
2026-09-10 22:32:01 OK port 29080 [quick] height=14275 peers=2 p2p=aligned aligned=True failed=
2026-09-10 22:32:01 OK port 29081 [quick] height=14275 peers=2 p2p=aligned aligned=True failed=
2026-09-10 22:32:01 OK port 29082 [quick] height=14275 peers=2 p2p=aligned aligned=True failed=
2026-09-10 22:32:01 OK mesh aligned 29080:h14275/p2 29081:h14275/p2 29082:h14275/p2
2026-09-10 22:37:11 OK port 29080 [full] height=14283 peers=2 p2p=inconsistent aligned=True failed=peer_probe_ok
2026-09-10 22:37:11 OK port 29081 [full] height=14282 peers=2 p2p=aligned aligned=True failed=peer_probe_ok
2026-09-10 22:37:11 OK port 29082 [full] height=14282 peers=2 p2p=aligned aligned=True failed=peer_probe_ok
2026-09-10 22:37:11 OK mesh aligned 29080:h14283/p2 29081:h14282/p2 29082:h14282/p2 transient_delta=1
2026-09-10 22:42:23 OK port 29080 [quick] height=14290 peers=2 p2p=aligned aligned=True failed=
2026-09-10 22:42:23 OK port 29081 [quick] height=14290 peers=2 p2p=aligned aligned=True failed=
2026-09-10 22:42:23 OK port 29082 [quick] height=14290 peers=2 p2p=aligned aligned=True failed=
2026-09-10 22:42:23 OK mesh aligned 29080:h14290/p2 29081:h14290/p2 29082:h14290/p2
2026-09-10 22:47:28 OK port 29080 [quick] height=14298 peers=2 p2p=inconsistent aligned=True failed=peer_probe_ok,p2p_state_consistent
2026-09-10 22:47:28 OK port 29081 [quick] height=14298 peers=2 p2p=aligned aligned=True failed=
2026-09-10 22:47:28 OK port 29082 [quick] height=14298 peers=2 p2p=aligned aligned=True failed=
2026-09-10 22:47:28 OK mesh aligned 29080:h14298/p2 29081:h14298/p2 29082:h14298/p2
2026-09-10 22:52:34 OK port 29080 [quick] height=14305 peers=2 p2p=inconsistent aligned=True failed=
2026-09-10 22:52:34 OK port 29081 [quick] height=14304 peers=2 p2p=aligned aligned=True failed=
2026-09-10 22:52:34 OK port 29082 [quick] height=14304 peers=2 p2p=aligned aligned=True failed=
2026-09-10 22:52:34 OK mesh aligned 29080:h14305/p2 29081:h14304/p2 29082:h14304/p2 transient_delta=1
2026-09-10 22:57:56 OK port 29080 [quick] height=14313 peers=2 p2p=inconsistent aligned=True failed=
2026-09-10 22:57:56 OK port 29081 [quick] height=14312 peers=2 p2p=aligned aligned=True failed=
2026-09-10 22:57:56 OK port 29082 [quick] height=14312 peers=2 p2p=aligned aligned=True failed=
2026-09-10 22:57:56 OK mesh aligned 29080:h14313/p2 29081:h14312/p2 29082:h14312/p2 transient_delta=1
2026-09-10 23:03:18 OK port 29080 [quick] height=14320 peers=2 p2p=inconsistent aligned=True failed=
2026-09-10 23:03:18 OK port 29081 [quick] height=14319 peers=2 p2p=aligned aligned=True failed=
2026-09-10 23:03:18 OK port 29082 [quick] height=14319 peers=2 p2p=aligned aligned=True failed=
2026-09-10 23:03:18 OK mesh aligned 29080:h14320/p2 29081:h14319/p2 29082:h14319/p2 transient_delta=1
2026-09-10 23:08:44 OK port 29080 [full] height=14327 peers=2 p2p=inconsistent aligned=True failed=peer_probe_ok
2026-09-10 23:08:44 OK port 29081 [full] height=14326 peers=2 p2p=aligned aligned=True failed=
2026-09-10 23:08:44 OK port 29082 [full] height=14326 peers=2 p2p=aligned aligned=True failed=peer_probe_ok
2026-09-10 23:08:44 OK mesh aligned 29080:h14327/p2 29081:h14326/p2 29082:h14326/p2 transient_delta=1
2026-09-10 23:13:49 OK port 29080 [quick] height=14333 peers=2 p2p=aligned aligned=True failed=
2026-09-10 23:13:49 OK port 29081 [quick] height=14333 peers=2 p2p=aligned aligned=True failed=
2026-09-10 23:13:49 OK port 29082 [quick] height=14333 peers=2 p2p=aligned aligned=True failed=
2026-09-10 23:13:49 OK mesh aligned 29080:h14333/p2 29081:h14333/p2 29082:h14333/p2
2026-09-10 23:18:54 OK port 29080 [quick] height=14340 peers=2 p2p=inconsistent aligned=True failed=peer_probe_ok,p2p_state_consistent
2026-09-10 23:18:54 OK port 29081 [quick] height=14340 peers=2 p2p=inconsistent aligned=True failed=
2026-09-10 23:18:54 OK port 29082 [quick] height=14340 peers=2 p2p=inconsistent aligned=True failed=
2026-09-10 23:18:54 OK mesh aligned 29080:h14340/p2 29081:h14340/p2 29082:h14340/p2
2026-09-10 23:24:15 OK port 29080 [quick] height=14347 peers=2 p2p=inconsistent aligned=True failed=
2026-09-10 23:24:15 OK port 29081 [quick] height=14346 peers=2 p2p=aligned aligned=True failed=
2026-09-10 23:24:15 OK port 29082 [quick] height=14346 peers=2 p2p=aligned aligned=True failed=
2026-09-10 23:24:15 OK mesh aligned 29080:h14347/p2 29081:h14346/p2 29082:h14346/p2 transient_delta=1
2026-09-10 23:29:20 OK port 29080 [quick] height=14354 peers=2 p2p=aligned aligned=True failed=
2026-09-10 23:29:20 OK port 29081 [quick] height=14354 peers=2 p2p=aligned aligned=True failed=
2026-09-10 23:29:20 OK port 29082 [quick] height=14354 peers=2 p2p=aligned aligned=True failed=
2026-09-10 23:29:20 OK mesh aligned 29080:h14354/p2 29081:h14354/p2 29082:h14354/p2
2026-09-10 23:34:27 OK port 29080 [quick] height=14361 peers=2 p2p=inconsistent aligned=True failed=
2026-09-10 23:34:27 OK port 29081 [quick] height=14361 peers=2 p2p=inconsistent aligned=True failed=
2026-09-10 23:34:27 OK port 29082 [quick] height=14361 peers=2 p2p=inconsistent aligned=True failed=
2026-09-10 23:34:27 OK mesh aligned 29080:h14361/p2 29081:h14361/p2 29082:h14361/p2
2026-09-10 23:39:51 OK port 29080 [full] height=14369 peers=2 p2p=inconsistent aligned=True failed=peer_probe_ok
2026-09-10 23:39:51 OK port 29081 [full] height=14368 peers=2 p2p=aligned aligned=True failed=peer_probe_ok
2026-09-10 23:39:51 OK port 29082 [full] height=14368 peers=2 p2p=aligned aligned=True failed=
2026-09-10 23:39:51 OK mesh aligned 29080:h14369/p2 29081:h14368/p2 29082:h14368/p2 transient_delta=1
2026-09-10 23:45:06 OK port 29080 [quick] height=14376 peers=2 p2p=inconsistent aligned=True failed=
2026-09-10 23:45:06 OK port 29081 [quick] height=14375 peers=2 p2p=aligned aligned=True failed=
2026-09-10 23:45:06 OK port 29082 [quick] height=14375 peers=2 p2p=aligned aligned=True failed=
2026-09-10 23:45:06 OK mesh aligned 29080:h14376/p2 29081:h14375/p2 29082:h14375/p2 transient_delta=1
2026-09-10 23:50:17 OK port 29080 [quick] height=14382 peers=2 p2p=inconsistent aligned=True failed=peer_probe_ok,p2p_state_consistent
2026-09-10 23:50:17 OK port 29081 [quick] height=14382 peers=2 p2p=aligned aligned=True failed=
2026-09-10 23:50:17 OK port 29082 [quick] height=14382 peers=2 p2p=inconsistent aligned=True failed=peer_probe_ok,p2p_state_consistent
2026-09-10 23:50:17 OK mesh aligned 29080:h14382/p2 29081:h14382/p2 29082:h14382/p2
2026-09-10 23:55:25 OK port 29080 [quick] height=14389 peers=2 p2p=inconsistent aligned=True failed=
2026-09-10 23:55:25 OK port 29081 [quick] height=14389 peers=2 p2p=inconsistent aligned=True failed=
2026-09-10 23:55:25 OK port 29082 [quick] height=14389 peers=2 p2p=inconsistent aligned=True failed=
2026-09-10 23:55:25 OK mesh aligned 29080:h14389/p2 29081:h14389/p2 29082:h14389/p2
2026-09-11 00:00:36 OK port 29080 [quick] height=14397 peers=2 p2p=inconsistent aligned=True failed=
2026-09-11 00:00:36 OK port 29081 [quick] height=14396 peers=2 p2p=aligned aligned=True failed=
2026-09-11 00:00:36 OK port 29082 [quick] height=14396 peers=2 p2p=aligned aligned=True failed=
2026-09-11 00:00:36 OK mesh aligned 29080:h14397/p2 29081:h14396/p2 29082:h14396/p2 transient_delta=1
2026-09-11 00:05:47 WARN OK port 29080 [quick] height=14403 peers=2 p2p=inconsistent aligned=False failed=harness_timeout
2026-09-11 00:05:47 OK port 29081 [quick] height=14403 peers=2 p2p=aligned aligned=True failed=
2026-09-11 00:05:47 OK port 29082 [quick] height=14403 peers=2 p2p=aligned aligned=True failed=
2026-09-11 00:05:47 OK mesh aligned 29080:h14403/p2 29081:h14403/p2 29082:h14403/p2
2026-09-11 00:10:57 OK port 29080 [full] height=14410 peers=2 p2p=aligned aligned=True failed=peer_probe_ok
2026-09-11 00:10:57 OK port 29081 [full] height=14410 peers=2 p2p=aligned aligned=True failed=peer_probe_ok
2026-09-11 00:10:57 OK port 29082 [full] height=14410 peers=2 p2p=inconsistent aligned=True failed=
2026-09-11 00:10:57 OK mesh aligned 29080:h14410/p2 29081:h14410/p2 29082:h14410/p2
2026-09-11 00:16:03 OK port 29080 [quick] height=14417 peers=2 p2p=inconsistent aligned=True failed=
2026-09-11 00:16:03 OK port 29081 [quick] height=14416 peers=2 p2p=aligned aligned=True failed=
2026-09-11 00:16:03 OK port 29082 [quick] height=14416 peers=2 p2p=aligned aligned=True failed=
2026-09-11 00:16:03 OK mesh aligned 29080:h14417/p2 29081:h14416/p2 29082:h14416/p2 transient_delta=1
2026-09-11 00:21:25 OK port 29080 [quick] height=14424 peers=2 p2p=inconsistent aligned=True failed=
2026-09-11 00:21:25 OK port 29081 [quick] height=14423 peers=2 p2p=aligned aligned=True failed=
2026-09-11 00:21:25 OK port 29082 [quick] height=14423 peers=2 p2p=aligned aligned=True failed=
2026-09-11 00:21:25 OK mesh aligned 29080:h14424/p2 29081:h14423/p2 29082:h14423/p2 transient_delta=1
2026-09-11 00:26:36 WARN OK port 29080 [quick] height=14430 peers=2 p2p=inconsistent aligned=False failed=harness_timeout
2026-09-11 00:26:36 OK port 29081 [quick] height=14430 peers=2 p2p=aligned aligned=True failed=
2026-09-11 00:26:36 OK port 29082 [quick] height=14430 peers=2 p2p=aligned aligned=True failed=
2026-09-11 00:26:36 OK mesh aligned 29080:h14430/p2 29081:h14430/p2 29082:h14430/p2
2026-09-11 00:31:44 OK port 29080 [quick] height=14437 peers=2 p2p=inconsistent aligned=True failed=
2026-09-11 00:31:44 OK port 29081 [quick] height=14437 peers=2 p2p=aligned aligned=True failed=
2026-09-11 00:31:44 OK port 29082 [quick] height=14437 peers=2 p2p=aligned aligned=True failed=
2026-09-11 00:31:44 OK mesh aligned 29080:h14437/p2 29081:h14437/p2 29082:h14437/p2
2026-09-11 00:36:47 OK port 29080 [quick] height=14443 peers=2 p2p=aligned aligned=True failed=
2026-09-11 00:36:47 OK port 29081 [quick] height=14443 peers=2 p2p=aligned aligned=True failed=
2026-09-11 00:36:47 OK port 29082 [quick] height=14443 peers=2 p2p=aligned aligned=True failed=
2026-09-11 00:36:47 OK mesh aligned 29080:h14443/p2 29081:h14443/p2 29082:h14443/p2
2026-09-11 00:41:55 OK port 29080 [full] height=14450 peers=2 p2p=aligned aligned=True failed=
2026-09-11 00:41:55 OK port 29081 [full] height=14450 peers=2 p2p=aligned aligned=True failed=
2026-09-11 00:41:55 OK port 29082 [full] height=14450 peers=2 p2p=aligned aligned=True failed=
2026-09-11 00:41:55 OK mesh aligned 29080:h14450/p2 29081:h14450/p2 29082:h14450/p2
2026-09-11 00:46:56 OK port 29080 [quick] height=14456 peers=2 p2p=aligned aligned=True failed=
2026-09-11 00:46:56 OK port 29081 [quick] height=14456 peers=2 p2p=aligned aligned=True failed=
2026-09-11 00:46:56 OK port 29082 [quick] height=14456 peers=2 p2p=aligned aligned=True failed=
2026-09-11 00:46:56 OK mesh aligned 29080:h14456/p2 29081:h14456/p2 29082:h14456/p2
2026-09-11 00:52:01 OK port 29080 [quick] height=14464 peers=2 p2p=inconsistent aligned=True failed=
2026-09-11 00:52:01 OK port 29081 [quick] height=14464 peers=2 p2p=inconsistent aligned=True failed=
2026-09-11 00:52:01 OK port 29082 [quick] height=14464 peers=2 p2p=inconsistent aligned=True failed=
2026-09-11 00:52:01 OK mesh aligned 29080:h14464/p2 29081:h14464/p2 29082:h14464/p2
2026-09-11 00:57:12 OK port 29080 [quick] height=14472 peers=2 p2p=inconsistent aligned=True failed=
2026-09-11 00:57:12 OK port 29081 [quick] height=14471 peers=2 p2p=aligned aligned=True failed=
2026-09-11 00:57:12 OK port 29082 [quick] height=14471 peers=2 p2p=aligned aligned=True failed=
2026-09-11 00:57:12 OK mesh aligned 29080:h14472/p2 29081:h14471/p2 29082:h14471/p2 transient_delta=1
2026-09-11 01:02:19 OK port 29080 [quick] height=14479 peers=2 p2p=aligned aligned=True failed=
2026-09-11 01:02:19 OK port 29081 [quick] height=14479 peers=2 p2p=aligned aligned=True failed=
2026-09-11 01:02:19 OK port 29082 [quick] height=14479 peers=2 p2p=aligned aligned=True failed=
2026-09-11 01:02:19 OK mesh aligned 29080:h14479/p2 29081:h14479/p2 29082:h14479/p2
2026-09-11 01:07:25 OK port 29080 [quick] height=14486 peers=2 p2p=inconsistent aligned=True failed=
2026-09-11 01:07:25 OK port 29081 [quick] height=14485 peers=2 p2p=aligned aligned=True failed=
2026-09-11 01:07:25 OK port 29082 [quick] height=14485 peers=2 p2p=aligned aligned=True failed=
2026-09-11 01:07:25 OK mesh aligned 29080:h14486/p2 29081:h14485/p2 29082:h14485/p2 transient_delta=1
2026-09-11 01:12:45 WARN OK port 29080 [full] height=14492 peers=2 p2p=aligned aligned=False failed=harness_timeout
2026-09-11 01:12:45 OK port 29081 [full] height=14492 peers=2 p2p=aligned aligned=True failed=peer_probe_ok
2026-09-11 01:12:45 OK port 29082 [full] height=14492 peers=2 p2p=aligned aligned=True failed=peer_probe_ok
2026-09-11 01:12:45 OK mesh aligned 29080:h14492/p2 29081:h14492/p2 29082:h14492/p2
2026-09-11 01:17:52 OK port 29080 [quick] height=14499 peers=2 p2p=inconsistent aligned=True failed=peer_probe_ok,p2p_state_consistent
2026-09-11 01:17:52 OK port 29081 [quick] height=14499 peers=2 p2p=aligned aligned=True failed=
2026-09-11 01:17:52 OK port 29082 [quick] height=14499 peers=2 p2p=aligned aligned=True failed=
2026-09-11 01:17:52 OK mesh aligned 29080:h14499/p2 29081:h14499/p2 29082:h14499/p2
2026-09-11 01:22:59 OK port 29080 [quick] height=14506 peers=2 p2p=inconsistent aligned=True failed=
2026-09-11 01:22:59 OK port 29081 [quick] height=14505 peers=2 p2p=aligned aligned=True failed=
2026-09-11 01:22:59 OK port 29082 [quick] height=14505 peers=2 p2p=aligned aligned=True failed=
2026-09-11 01:22:59 OK mesh aligned 29080:h14506/p2 29081:h14505/p2 29082:h14505/p2 transient_delta=1
2026-09-11 01:28:07 OK port 29080 [quick] height=14512 peers=2 p2p=aligned aligned=True failed=
2026-09-11 01:28:07 OK port 29081 [quick] height=14512 peers=2 p2p=aligned aligned=True failed=
2026-09-11 01:28:07 OK port 29082 [quick] height=14512 peers=2 p2p=aligned aligned=True failed=
2026-09-11 01:28:07 OK mesh aligned 29080:h14512/p2 29081:h14512/p2 29082:h14512/p2
2026-09-11 01:33:15 OK port 29080 [quick] height=14519 peers=2 p2p=inconsistent aligned=True failed=
2026-09-11 01:33:15 OK port 29081 [quick] height=14518 peers=2 p2p=aligned aligned=True failed=
2026-09-11 01:33:15 OK port 29082 [quick] height=14518 peers=2 p2p=aligned aligned=True failed=
2026-09-11 01:33:15 OK mesh aligned 29080:h14519/p2 29081:h14518/p2 29082:h14518/p2 transient_delta=1
2026-09-11 01:38:20 OK port 29080 [quick] height=14526 peers=2 p2p=aligned aligned=True failed=
2026-09-11 01:38:20 OK port 29081 [quick] height=14526 peers=2 p2p=aligned aligned=True failed=
2026-09-11 01:38:20 OK port 29082 [quick] height=14526 peers=2 p2p=aligned aligned=True failed=
2026-09-11 01:38:20 OK mesh aligned 29080:h14526/p2 29081:h14526/p2 29082:h14526/p2
2026-09-11 01:43:23 OK port 29080 [full] height=14532 peers=2 p2p=aligned aligned=True failed=
2026-09-11 01:43:23 OK port 29081 [full] height=14532 peers=2 p2p=aligned aligned=True failed=
2026-09-11 01:43:23 OK port 29082 [full] height=14532 peers=2 p2p=aligned aligned=True failed=
2026-09-11 01:43:23 OK mesh aligned 29080:h14532/p2 29081:h14532/p2 29082:h14532/p2
2026-09-11 01:48:28 OK port 29080 [quick] height=14539 peers=2 p2p=inconsistent aligned=True failed=peer_probe_ok,p2p_state_consistent
2026-09-11 01:48:28 OK port 29081 [quick] height=14539 peers=2 p2p=inconsistent aligned=True failed=
2026-09-11 01:48:28 OK port 29082 [quick] height=14539 peers=2 p2p=inconsistent aligned=True failed=
2026-09-11 01:48:28 OK mesh aligned 29080:h14539/p2 29081:h14539/p2 29082:h14539/p2
2026-09-11 01:53:40 OK port 29080 [quick] height=14546 peers=2 p2p=inconsistent aligned=True failed=
2026-09-11 01:53:40 OK port 29081 [quick] height=14545 peers=2 p2p=aligned aligned=True failed=
2026-09-11 01:53:40 OK port 29082 [quick] height=14545 peers=2 p2p=aligned aligned=True failed=
2026-09-11 01:53:40 OK mesh aligned 29080:h14546/p2 29081:h14545/p2 29082:h14545/p2 transient_delta=1
2026-09-11 01:58:48 OK port 29080 [quick] height=14553 peers=2 p2p=aligned aligned=True failed=
2026-09-11 01:58:48 OK port 29081 [quick] height=14553 peers=2 p2p=aligned aligned=True failed=
2026-09-11 01:58:48 OK port 29082 [quick] height=14553 peers=2 p2p=aligned aligned=True failed=
2026-09-11 01:58:48 OK mesh aligned 29080:h14553/p2 29081:h14553/p2 29082:h14553/p2
2026-09-11 02:03:52 OK port 29080 [quick] height=14557 peers=1 p2p=single_peer_dev aligned=True failed=
2026-09-11 02:03:52 OK port 29081 [quick] height=14557 peers=2 p2p=aligned aligned=True failed=
2026-09-11 02:03:52 OK port 29082 [quick] height=14557 peers=1 p2p=single_peer_dev aligned=True failed=
2026-09-11 02:03:52 OK mesh aligned 29080:h14557/p1 29081:h14557/p2 29082:h14557/p1
2026-09-11 02:08:56 OK port 29080 [quick] height=14557 peers=1 p2p=single_peer_dev aligned=True failed=
2026-09-11 02:08:56 OK port 29081 [quick] height=14557 peers=2 p2p=aligned aligned=True failed=
2026-09-11 02:08:56 OK port 29082 [quick] height=14557 peers=1 p2p=single_peer_dev aligned=True failed=
2026-09-11 02:08:56 OK mesh aligned 29080:h14557/p1 29081:h14557/p2 29082:h14557/p1
2026-09-11 02:14:04 OK port 29080 [full] height=14557 peers=1 p2p=single_peer_dev aligned=True failed=
2026-09-11 02:14:04 OK port 29081 [full] height=14557 peers=2 p2p=aligned aligned=True failed=peer_probe_ok
2026-09-11 02:14:04 OK port 29082 [full] height=14557 peers=1 p2p=single_peer_dev aligned=True failed=
2026-09-11 02:14:04 OK mesh aligned 29080:h14557/p1 29081:h14557/p2 29082:h14557/p1
2026-09-11 02:14:04 WARN tip stagnant max_h=14557 age=612s
2026-09-11 02:20:34 OK port 29080 [quick] height=14557 peers=1 p2p=single_peer_dev aligned=True failed=
2026-09-11 02:20:34 FAIL port 29081 ready: Время ожидания завершения операции истекло.; status: Время ожидания завершения операции истекло.
2026-09-11 02:20:34 OK port 29082 [quick] height=14557 peers=1 p2p=single_peer_dev aligned=True failed=
2026-09-11 02:20:34 WARN mesh partial aligned 29080:h14557/p1 29082:h14557/p1
2026-09-11 02:25:37 OK port 29080 [quick] height=14557 peers=1 p2p=single_peer_dev aligned=True failed=
2026-09-11 02:25:37 OK port 29081 [quick] height=14557 peers=2 p2p=aligned aligned=True failed=
2026-09-11 02:25:37 OK port 29082 [quick] height=14557 peers=1 p2p=single_peer_dev aligned=True failed=
2026-09-11 02:25:37 OK mesh aligned 29080:h14557/p1 29081:h14557/p2 29082:h14557/p1
2026-09-11 02:32:07 OK port 29080 [quick] height=14557 peers=1 p2p=single_peer_dev aligned=True failed=
2026-09-11 02:32:07 FAIL port 29081 ready: Время ожидания завершения операции истекло.; status: Время ожидания завершения операции истекло.
2026-09-11 02:32:07 OK port 29082 [quick] height=14557 peers=1 p2p=single_peer_dev aligned=True failed=
2026-09-11 02:32:07 WARN mesh partial aligned 29080:h14557/p1 29082:h14557/p1
2026-09-11 02:37:11 OK port 29080 [quick] height=14557 peers=1 p2p=single_peer_dev aligned=True failed=
2026-09-11 02:37:11 OK port 29081 [quick] height=14557 peers=2 p2p=aligned aligned=True failed=
2026-09-11 02:37:11 OK port 29082 [quick] height=14557 peers=1 p2p=single_peer_dev aligned=True failed=
2026-09-11 02:37:11 OK mesh aligned 29080:h14557/p1 29081:h14557/p2 29082:h14557/p1
2026-09-11 02:43:41 OK port 29080 [quick] height=14557 peers=1 p2p=single_peer_dev aligned=True failed=
2026-09-11 02:43:41 FAIL port 29081 ready: Время ожидания завершения операции истекло.; status: Время ожидания завершения операции истекло.
2026-09-11 02:43:41 OK port 29082 [quick] height=14557 peers=1 p2p=single_peer_dev aligned=True failed=
2026-09-11 02:43:41 WARN mesh partial aligned 29080:h14557/p1 29082:h14557/p1
2026-09-11 02:48:50 OK port 29080 [full] height=14561 peers=2 p2p=inconsistent aligned=True failed=peer_probe_ok
2026-09-11 02:48:50 OK port 29081 [full] height=14560 peers=2 p2p=inconsistent aligned=True failed=peer_probe_ok,p2p_state_consistent
2026-09-11 02:48:50 OK port 29082 [full] height=14560 peers=2 p2p=inconsistent aligned=True failed=peer_probe_ok
2026-09-11 02:48:50 OK mesh aligned 29080:h14561/p2 29081:h14560/p2 29082:h14560/p2 transient_delta=1
2026-09-11 02:54:03 OK port 29080 [quick] height=14567 peers=2 p2p=aligned aligned=True failed=
2026-09-11 02:54:03 OK port 29081 [quick] height=14567 peers=2 p2p=aligned aligned=True failed=
2026-09-11 02:54:03 OK port 29082 [quick] height=14567 peers=2 p2p=aligned aligned=True failed=
2026-09-11 02:54:03 OK mesh aligned 29080:h14567/p2 29081:h14567/p2 29082:h14567/p2
2026-09-11 02:59:10 OK port 29080 [quick] height=14574 peers=2 p2p=inconsistent aligned=True failed=
2026-09-11 02:59:10 OK port 29081 [quick] height=14574 peers=2 p2p=inconsistent aligned=True failed=peer_probe_ok,p2p_state_consistent
2026-09-11 02:59:10 OK port 29082 [quick] height=14574 peers=2 p2p=inconsistent aligned=True failed=
2026-09-11 02:59:10 OK mesh aligned 29080:h14574/p2 29081:h14574/p2 29082:h14574/p2
2026-09-11 03:04:21 WARN OK port 29080 [quick] height=14580 peers=2 p2p=aligned aligned=False failed=harness_timeout
2026-09-11 03:04:21 OK port 29081 [quick] height=14580 peers=2 p2p=aligned aligned=True failed=
2026-09-11 03:04:21 OK port 29082 [quick] height=14580 peers=2 p2p=aligned aligned=True failed=
2026-09-11 03:04:21 OK mesh aligned 29080:h14580/p2 29081:h14580/p2 29082:h14580/p2
2026-09-11 03:09:26 OK port 29080 [quick] height=14587 peers=2 p2p=inconsistent aligned=True failed=
2026-09-11 03:09:26 OK port 29081 [quick] height=14586 peers=2 p2p=aligned aligned=True failed=
2026-09-11 03:09:26 OK port 29082 [quick] height=14586 peers=2 p2p=aligned aligned=True failed=
2026-09-11 03:09:26 OK mesh aligned 29080:h14587/p2 29081:h14586/p2 29082:h14586/p2 transient_delta=1
2026-09-11 03:14:29 OK port 29080 [quick] height=14593 peers=2 p2p=inconsistent aligned=True failed=peer_probe_ok,p2p_state_consistent
2026-09-11 03:14:29 OK port 29081 [quick] height=14593 peers=2 p2p=aligned aligned=True failed=
2026-09-11 03:14:29 OK port 29082 [quick] height=14593 peers=2 p2p=aligned aligned=True failed=
2026-09-11 03:14:29 OK mesh aligned 29080:h14593/p2 29081:h14593/p2 29082:h14593/p2
2026-09-11 03:19:41 OK port 29080 [full] height=14600 peers=2 p2p=inconsistent aligned=True failed=peer_probe_ok
2026-09-11 03:19:41 OK port 29081 [full] height=14599 peers=2 p2p=aligned aligned=True failed=
2026-09-11 03:19:41 OK port 29082 [full] height=14599 peers=2 p2p=aligned aligned=True failed=
2026-09-11 03:19:41 OK mesh aligned 29080:h14600/p2 29081:h14599/p2 29082:h14599/p2 transient_delta=1
2026-09-11 03:24:45 OK port 29080 [quick] height=14606 peers=2 p2p=aligned aligned=True failed=
2026-09-11 03:24:46 OK port 29081 [quick] height=14606 peers=2 p2p=inconsistent aligned=True failed=
2026-09-11 03:24:46 OK port 29082 [quick] height=14606 peers=2 p2p=aligned aligned=True failed=
2026-09-11 03:24:46 OK mesh aligned 29080:h14606/p2 29081:h14606/p2 29082:h14606/p2
2026-09-11 03:30:06 OK port 29080 [quick] height=14612 peers=2 p2p=aligned aligned=True failed=
2026-09-11 03:30:06 OK port 29081 [quick] height=14612 peers=2 p2p=aligned aligned=True failed=
2026-09-11 03:30:06 OK port 29082 [quick] height=14612 peers=2 p2p=aligned aligned=True failed=
2026-09-11 03:30:06 OK mesh aligned 29080:h14612/p2 29081:h14612/p2 29082:h14612/p2
2026-09-11 03:35:22 OK port 29080 [quick] height=14621 peers=2 p2p=inconsistent aligned=True failed=
2026-09-11 03:35:22 OK port 29081 [quick] height=14620 peers=2 p2p=aligned aligned=True failed=
2026-09-11 03:35:22 OK port 29082 [quick] height=14620 peers=2 p2p=aligned aligned=True failed=
2026-09-11 03:35:22 OK mesh aligned 29080:h14621/p2 29081:h14620/p2 29082:h14620/p2 transient_delta=1
2026-09-11 03:40:25 OK port 29080 [quick] height=14627 peers=2 p2p=aligned aligned=True failed=
2026-09-11 03:40:25 OK port 29081 [quick] height=14627 peers=2 p2p=aligned aligned=True failed=
2026-09-11 03:40:25 OK port 29082 [quick] height=14627 peers=2 p2p=aligned aligned=True failed=
2026-09-11 03:40:25 OK mesh aligned 29080:h14627/p2 29081:h14627/p2 29082:h14627/p2
2026-09-11 03:45:37 OK port 29080 [quick] height=14634 peers=2 p2p=inconsistent aligned=True failed=
2026-09-11 03:45:37 OK port 29081 [quick] height=14633 peers=2 p2p=aligned aligned=True failed=
2026-09-11 03:45:37 OK port 29082 [quick] height=14633 peers=2 p2p=aligned aligned=True failed=
2026-09-11 03:45:37 OK mesh aligned 29080:h14634/p2 29081:h14633/p2 29082:h14633/p2 transient_delta=1
2026-09-11 03:50:47 OK port 29080 [full] height=14640 peers=2 p2p=inconsistent aligned=True failed=peer_probe_ok,p2p_state_consistent
2026-09-11 03:50:47 OK port 29081 [full] height=14640 peers=2 p2p=inconsistent aligned=True failed=peer_probe_ok
2026-09-11 03:50:47 OK port 29082 [full] height=14640 peers=2 p2p=inconsistent aligned=True failed=peer_probe_ok
2026-09-11 03:50:47 OK mesh aligned 29080:h14640/p2 29081:h14640/p2 29082:h14640/p2
2026-09-11 03:55:50 OK port 29080 [quick] height=14647 peers=2 p2p=aligned aligned=True failed=
2026-09-11 03:55:50 OK port 29081 [quick] height=14647 peers=2 p2p=aligned aligned=True failed=
2026-09-11 03:55:50 OK port 29082 [quick] height=14647 peers=2 p2p=aligned aligned=True failed=
2026-09-11 03:55:50 OK mesh aligned 29080:h14647/p2 29081:h14647/p2 29082:h14647/p2
2026-09-11 04:01:12 OK port 29080 [quick] height=14655 peers=2 p2p=inconsistent aligned=True failed=
2026-09-11 04:01:12 OK port 29081 [quick] height=14654 peers=2 p2p=aligned aligned=True failed=
2026-09-11 04:01:12 OK port 29082 [quick] height=14654 peers=2 p2p=aligned aligned=True failed=
2026-09-11 04:01:12 OK mesh aligned 29080:h14655/p2 29081:h14654/p2 29082:h14654/p2 transient_delta=1
2026-09-11 04:06:18 OK port 29080 [quick] height=14662 peers=2 p2p=inconsistent aligned=True failed=
2026-09-11 04:06:18 OK port 29081 [quick] height=14661 peers=2 p2p=inconsistent aligned=True failed=peer_probe_ok,p2p_state_consistent
2026-09-11 04:06:18 OK port 29082 [quick] height=14661 peers=2 p2p=aligned aligned=True failed=
2026-09-11 04:06:18 OK mesh aligned 29080:h14662/p2 29081:h14661/p2 29082:h14661/p2 transient_delta=1
2026-09-11 04:11:22 OK port 29080 [quick] height=14668 peers=1 p2p=single_peer_dev aligned=True failed=
2026-09-11 04:11:22 OK port 29081 [quick] height=14668 peers=2 p2p=inconsistent aligned=True failed=
2026-09-11 04:11:22 OK port 29082 [quick] height=14668 peers=2 p2p=aligned aligned=True failed=
2026-09-11 04:11:22 OK mesh aligned 29080:h14668/p1 29081:h14668/p2 29082:h14668/p2
2026-09-11 04:16:25 OK port 29080 [quick] height=14668 peers=1 p2p=single_peer_dev aligned=True failed=
2026-09-11 04:16:25 OK port 29081 [quick] height=14668 peers=1 p2p=single_peer_dev aligned=True failed=
2026-09-11 04:16:25 OK port 29082 [quick] height=14668 peers=2 p2p=aligned aligned=True failed=
2026-09-11 04:16:25 OK mesh aligned 29080:h14668/p1 29081:h14668/p1 29082:h14668/p2
2026-09-11 04:21:34 OK port 29080 [full] height=14668 peers=1 p2p=single_peer_dev aligned=True failed=
2026-09-11 04:21:34 OK port 29081 [full] height=14668 peers=1 p2p=single_peer_dev aligned=True failed=
2026-09-11 04:21:34 OK port 29082 [full] height=14668 peers=2 p2p=aligned aligned=True failed=peer_probe_ok
2026-09-11 04:21:34 OK mesh aligned 29080:h14668/p1 29081:h14668/p1 29082:h14668/p2
2026-09-11 04:21:34 WARN tip stagnant max_h=14668 age=612s
2026-09-11 04:26:38 OK port 29080 [quick] height=14668 peers=1 p2p=single_peer_dev aligned=True failed=
2026-09-11 04:26:38 OK port 29081 [quick] height=14668 peers=1 p2p=single_peer_dev aligned=True failed=
2026-09-11 04:26:38 OK port 29082 [quick] height=14668 peers=2 p2p=aligned aligned=True failed=
2026-09-11 04:26:38 OK mesh aligned 29080:h14668/p1 29081:h14668/p1 29082:h14668/p2
2026-09-11 04:31:41 OK port 29080 [quick] height=14668 peers=1 p2p=single_peer_dev aligned=True failed=
2026-09-11 04:31:41 OK port 29081 [quick] height=14668 peers=1 p2p=single_peer_dev aligned=True failed=
2026-09-11 04:31:41 OK port 29082 [quick] height=14668 peers=2 p2p=aligned aligned=True failed=
2026-09-11 04:31:41 OK mesh aligned 29080:h14668/p1 29081:h14668/p1 29082:h14668/p2
2026-09-11 04:38:11 OK port 29080 [quick] height=14668 peers=1 p2p=single_peer_dev aligned=True failed=
2026-09-11 04:38:11 OK port 29081 [quick] height=14668 peers=1 p2p=single_peer_dev aligned=True failed=
2026-09-11 04:38:11 FAIL port 29082 ready: Время ожидания завершения операции истекло.; status: Время ожидания завершения операции истекло.
2026-09-11 04:38:11 WARN mesh partial aligned 29080:h14668/p1 29081:h14668/p1
2026-09-11 04:43:30 OK port 29080 [quick] height=14668 peers=1 p2p=single_peer_dev aligned=True failed=
2026-09-11 04:43:30 OK port 29081 [quick] height=14668 peers=1 p2p=single_peer_dev aligned=True failed=
2026-09-11 04:43:30 OK port 29082 [quick] height=14668 peers=2 p2p=aligned aligned=True failed=
2026-09-11 04:43:30 OK mesh aligned 29080:h14668/p1 29081:h14668/p1 29082:h14668/p2
2026-09-11 04:50:00 OK port 29080 [quick] height=14668 peers=1 p2p=single_peer_dev aligned=True failed=
2026-09-11 04:50:00 OK port 29081 [quick] height=14668 peers=1 p2p=single_peer_dev aligned=True failed=
2026-09-11 04:50:00 FAIL port 29082 ready: Время ожидания завершения операции истекло.; status: Время ожидания завершения операции истекло.
2026-09-11 04:50:00 WARN mesh partial aligned 29080:h14668/p1 29081:h14668/p1
2026-09-11 04:55:22 OK port 29080 [full] height=14669 peers=2 p2p=aligned aligned=True failed=
2026-09-11 04:55:22 OK port 29081 [full] height=14669 peers=2 p2p=inconsistent aligned=True failed=peer_probe_ok
2026-09-11 04:55:22 OK port 29082 [full] height=14669 peers=2 p2p=inconsistent aligned=True failed=peer_probe_ok
2026-09-11 04:55:22 OK mesh aligned 29080:h14669/p2 29081:h14669/p2 29082:h14669/p2
2026-09-11 05:00:26 OK port 29080 [quick] height=14676 peers=2 p2p=inconsistent aligned=True failed=
2026-09-11 05:00:26 OK port 29081 [quick] height=14675 peers=2 p2p=aligned aligned=True failed=
2026-09-11 05:00:26 OK port 29082 [quick] height=14675 peers=2 p2p=aligned aligned=True failed=
2026-09-11 05:00:26 OK mesh aligned 29080:h14676/p2 29081:h14675/p2 29082:h14675/p2 transient_delta=1
2026-09-11 05:05:29 OK port 29080 [quick] height=14682 peers=2 p2p=aligned aligned=True failed=
2026-09-11 05:05:29 OK port 29081 [quick] height=14682 peers=2 p2p=aligned aligned=True failed=
2026-09-11 05:05:29 OK port 29082 [quick] height=14682 peers=2 p2p=aligned aligned=True failed=
2026-09-11 05:05:29 OK mesh aligned 29080:h14682/p2 29081:h14682/p2 29082:h14682/p2
2026-09-11 05:10:51 OK port 29080 [quick] height=14689 peers=2 p2p=inconsistent aligned=True failed=
2026-09-11 05:10:51 OK port 29081 [quick] height=14688 peers=2 p2p=inconsistent aligned=True failed=peer_probe_ok,p2p_state_consistent
2026-09-11 05:10:51 OK port 29082 [quick] height=14688 peers=2 p2p=aligned aligned=True failed=
2026-09-11 05:10:51 OK mesh aligned 29080:h14689/p2 29081:h14688/p2 29082:h14688/p2 transient_delta=1
2026-09-11 05:15:59 OK port 29080 [quick] height=14695 peers=2 p2p=inconsistent aligned=True failed=peer_probe_ok,p2p_state_consistent
2026-09-11 05:15:59 OK port 29081 [quick] height=14695 peers=2 p2p=inconsistent aligned=True failed=
2026-09-11 05:15:59 OK port 29082 [quick] height=14695 peers=2 p2p=aligned aligned=True failed=
2026-09-11 05:15:59 OK mesh aligned 29080:h14695/p2 29081:h14695/p2 29082:h14695/p2
2026-09-11 05:21:21 OK port 29080 [quick] height=14702 peers=2 p2p=inconsistent aligned=True failed=
2026-09-11 05:21:21 OK port 29081 [quick] height=14701 peers=2 p2p=aligned aligned=True failed=
2026-09-11 05:21:21 OK port 29082 [quick] height=14701 peers=2 p2p=aligned aligned=True failed=
2026-09-11 05:21:21 OK mesh aligned 29080:h14702/p2 29081:h14701/p2 29082:h14701/p2 transient_delta=1
2026-09-11 05:26:32 OK port 29080 [full] height=14708 peers=2 p2p=inconsistent aligned=True failed=peer_probe_ok
2026-09-11 05:26:32 OK port 29081 [full] height=14708 peers=2 p2p=inconsistent aligned=True failed=peer_probe_ok
2026-09-11 05:26:32 OK port 29082 [full] height=14708 peers=2 p2p=inconsistent aligned=True failed=peer_probe_ok
2026-09-11 05:26:32 OK mesh aligned 29080:h14708/p2 29081:h14708/p2 29082:h14708/p2
2026-09-11 05:31:52 OK port 29080 [quick] height=14714 peers=2 p2p=aligned aligned=True failed=
2026-09-11 05:31:52 OK port 29081 [quick] height=14714 peers=2 p2p=aligned aligned=True failed=
2026-09-11 05:31:52 OK port 29082 [quick] height=14714 peers=2 p2p=aligned aligned=True failed=
2026-09-11 05:31:52 OK mesh aligned 29080:h14714/p2 29081:h14714/p2 29082:h14714/p2
2026-09-11 05:36:57 OK port 29080 [quick] height=14721 peers=2 p2p=inconsistent aligned=True failed=
2026-09-11 05:36:57 OK port 29081 [quick] height=14720 peers=2 p2p=aligned aligned=True failed=
2026-09-11 05:36:57 OK port 29082 [quick] height=14720 peers=2 p2p=aligned aligned=True failed=
2026-09-11 05:36:57 OK mesh aligned 29080:h14721/p2 29081:h14720/p2 29082:h14720/p2 transient_delta=1
2026-09-11 05:42:01 OK port 29080 [quick] height=14727 peers=2 p2p=aligned aligned=True failed=
2026-09-11 05:42:01 OK port 29081 [quick] height=14727 peers=2 p2p=aligned aligned=True failed=
2026-09-11 05:42:01 OK port 29082 [quick] height=14727 peers=2 p2p=aligned aligned=True failed=
2026-09-11 05:42:01 OK mesh aligned 29080:h14727/p2 29081:h14727/p2 29082:h14727/p2
2026-09-11 05:47:20 OK port 29080 [quick] height=14733 peers=2 p2p=aligned aligned=True failed=
2026-09-11 05:47:20 OK port 29081 [quick] height=14733 peers=2 p2p=aligned aligned=True failed=
2026-09-11 05:47:20 OK port 29082 [quick] height=14733 peers=2 p2p=aligned aligned=True failed=
2026-09-11 05:47:20 OK mesh aligned 29080:h14733/p2 29081:h14733/p2 29082:h14733/p2
2026-09-11 05:52:26 OK port 29080 [quick] height=14740 peers=2 p2p=inconsistent aligned=True failed=peer_probe_ok,p2p_state_consistent
2026-09-11 05:52:26 OK port 29081 [quick] height=14739 peers=2 p2p=aligned aligned=True failed=
2026-09-11 05:52:26 OK port 29082 [quick] height=14739 peers=2 p2p=aligned aligned=True failed=
2026-09-11 05:52:26 OK mesh aligned 29080:h14740/p2 29081:h14739/p2 29082:h14739/p2 transient_delta=1
2026-09-11 05:57:34 OK port 29080 [full] height=14746 peers=2 p2p=inconsistent aligned=True failed=peer_probe_ok,p2p_state_consistent
2026-09-11 05:57:34 OK port 29081 [full] height=14746 peers=2 p2p=aligned aligned=True failed=
2026-09-11 05:57:34 OK port 29082 [full] height=14746 peers=2 p2p=aligned aligned=True failed=
2026-09-11 05:57:34 OK mesh aligned 29080:h14746/p2 29081:h14746/p2 29082:h14746/p2
2026-09-11 06:02:55 OK port 29080 [quick] height=14753 peers=2 p2p=inconsistent aligned=True failed=
2026-09-11 06:02:55 OK port 29081 [quick] height=14752 peers=2 p2p=aligned aligned=True failed=
2026-09-11 06:02:55 OK port 29082 [quick] height=14752 peers=2 p2p=aligned aligned=True failed=
2026-09-11 06:02:55 OK mesh aligned 29080:h14753/p2 29081:h14752/p2 29082:h14752/p2 transient_delta=1
2026-09-11 06:07:59 OK port 29080 [quick] height=14759 peers=2 p2p=inconsistent aligned=True failed=
2026-09-11 06:07:59 OK port 29081 [quick] height=14759 peers=2 p2p=inconsistent aligned=True failed=
2026-09-11 06:07:59 OK port 29082 [quick] height=14759 peers=2 p2p=inconsistent aligned=True failed=
2026-09-11 06:07:59 OK mesh aligned 29080:h14759/p2 29081:h14759/p2 29082:h14759/p2
2026-09-11 06:13:03 OK port 29080 [quick] height=14765 peers=2 p2p=aligned aligned=True failed=
2026-09-11 06:13:03 OK port 29081 [quick] height=14765 peers=2 p2p=aligned aligned=True failed=
2026-09-11 06:13:03 OK port 29082 [quick] height=14765 peers=2 p2p=inconsistent aligned=True failed=
2026-09-11 06:13:03 OK mesh aligned 29080:h14765/p2 29081:h14765/p2 29082:h14765/p2
2026-09-11 06:16:48 OK port 29080 [quick] height=14770 peers=2 p2p=inconsistent aligned=True failed=
2026-09-11 06:16:48 OK port 29081 [quick] height=14769 peers=2 p2p=aligned aligned=True failed=
2026-09-11 06:16:48 OK port 29082 [quick] height=14769 peers=2 p2p=aligned aligned=True failed=
2026-09-11 06:16:48 OK mesh aligned 29080:h14770/p2 29081:h14769/p2 29082:h14769/p2 transient_delta=1
2026-09-11 06:16:48 health_watch done (duration 2880m cycles=562 hard_fails=0 ready_only=13)
2026-09-11 06:16:48 health_watch exit=0 ready_only_fails=13 (48h tolerated when mesh aligned)
