
2026-09-01 18:17:13 health_watch start ports=18180,18181,18182 interval=300s full_every=6 log=logs/soak_48h_experimental.log parallel=1
2026-09-01 18:17:15 OK port 18180 [quick] height=8 peers=2 p2p=aligned aligned=True failed=
2026-09-01 18:17:15 OK port 18181 [quick] height=8 peers=2 p2p=aligned aligned=True failed=
2026-09-01 18:17:15 OK port 18182 [quick] height=8 peers=2 p2p=aligned aligned=True failed=
2026-09-01 18:17:15 OK mesh aligned 18180:h8/p2 18181:h8/p2 18182:h8/p2
2026-09-01 18:22:16 OK port 18180 [quick] height=27 peers=2 p2p=aligned aligned=True failed=
2026-09-01 18:22:16 OK port 18181 [quick] height=27 peers=2 p2p=aligned aligned=True failed=
2026-09-01 18:22:16 OK port 18182 [quick] height=27 peers=2 p2p=aligned aligned=True failed=
2026-09-01 18:22:16 OK mesh aligned 18180:h27/p2 18181:h27/p2 18182:h27/p2
2026-09-01 18:27:17 OK port 18180 [quick] height=46 peers=2 p2p=aligned aligned=True failed=
2026-09-01 18:27:17 OK port 18181 [quick] height=46 peers=2 p2p=aligned aligned=True failed=
2026-09-01 18:27:17 OK port 18182 [quick] height=46 peers=2 p2p=aligned aligned=True failed=
2026-09-01 18:27:17 OK mesh aligned 18180:h46/p2 18181:h46/p2 18182:h46/p2
2026-09-01 18:32:18 OK port 18180 [quick] height=65 peers=2 p2p=aligned aligned=True failed=
2026-09-01 18:32:18 OK port 18181 [quick] height=65 peers=2 p2p=aligned aligned=True failed=
2026-09-01 18:32:18 OK port 18182 [quick] height=65 peers=2 p2p=aligned aligned=True failed=
2026-09-01 18:32:18 OK mesh aligned 18180:h65/p2 18181:h65/p2 18182:h65/p2
2026-09-01 18:37:19 OK port 18180 [quick] height=84 peers=2 p2p=aligned aligned=True failed=
2026-09-01 18:37:19 OK port 18181 [quick] height=84 peers=2 p2p=aligned aligned=True failed=
2026-09-01 18:37:19 OK port 18182 [quick] height=84 peers=2 p2p=aligned aligned=True failed=
2026-09-01 18:37:19 OK mesh aligned 18180:h84/p2 18181:h84/p2 18182:h84/p2
2026-09-01 18:42:20 OK port 18180 [full] height=103 peers=2 p2p=aligned aligned=True failed=
2026-09-01 18:42:20 OK port 18181 [full] height=103 peers=2 p2p=aligned aligned=True failed=
2026-09-01 18:42:20 OK port 18182 [full] height=103 peers=2 p2p=aligned aligned=True failed=
2026-09-01 18:42:20 OK mesh aligned 18180:h103/p2 18181:h103/p2 18182:h103/p2
2026-09-01 18:47:21 OK port 18180 [quick] height=122 peers=2 p2p=aligned aligned=True failed=
2026-09-01 18:47:21 OK port 18181 [quick] height=122 peers=2 p2p=aligned aligned=True failed=
2026-09-01 18:47:21 OK port 18182 [quick] height=122 peers=2 p2p=aligned aligned=True failed=
2026-09-01 18:47:21 OK mesh aligned 18180:h122/p2 18181:h122/p2 18182:h122/p2
2026-09-01 18:52:22 OK port 18180 [quick] height=141 peers=2 p2p=aligned aligned=True failed=
2026-09-01 18:52:22 OK port 18181 [quick] height=141 peers=2 p2p=aligned aligned=True failed=
2026-09-01 18:52:22 OK port 18182 [quick] height=141 peers=2 p2p=aligned aligned=True failed=
2026-09-01 18:52:22 OK mesh aligned 18180:h141/p2 18181:h141/p2 18182:h141/p2
2026-09-01 18:57:23 OK port 18180 [quick] height=160 peers=2 p2p=aligned aligned=True failed=
2026-09-01 18:57:23 OK port 18181 [quick] height=160 peers=2 p2p=aligned aligned=True failed=
2026-09-01 18:57:23 OK port 18182 [quick] height=160 peers=2 p2p=aligned aligned=True failed=
2026-09-01 18:57:23 OK mesh aligned 18180:h160/p2 18181:h160/p2 18182:h160/p2
2026-09-01 19:02:24 OK port 18180 [quick] height=179 peers=2 p2p=aligned aligned=True failed=
2026-09-01 19:02:24 OK port 18181 [quick] height=179 peers=2 p2p=aligned aligned=True failed=
2026-09-01 19:02:24 OK port 18182 [quick] height=179 peers=2 p2p=aligned aligned=True failed=
2026-09-01 19:02:24 OK mesh aligned 18180:h179/p2 18181:h179/p2 18182:h179/p2
2026-09-01 19:07:25 OK port 18180 [quick] height=198 peers=2 p2p=aligned aligned=True failed=
2026-09-01 19:07:25 OK port 18181 [quick] height=198 peers=2 p2p=aligned aligned=True failed=
2026-09-01 19:07:25 OK port 18182 [quick] height=198 peers=2 p2p=aligned aligned=True failed=
2026-09-01 19:07:25 OK mesh aligned 18180:h198/p2 18181:h198/p2 18182:h198/p2
2026-09-01 19:12:26 OK port 18180 [full] height=217 peers=2 p2p=aligned aligned=True failed=
2026-09-01 19:12:26 OK port 18181 [full] height=217 peers=2 p2p=aligned aligned=True failed=
2026-09-01 19:12:26 OK port 18182 [full] height=217 peers=2 p2p=aligned aligned=True failed=
2026-09-01 19:12:26 OK mesh aligned 18180:h217/p2 18181:h217/p2 18182:h217/p2
2026-09-01 19:17:27 OK port 18180 [quick] height=236 peers=2 p2p=aligned aligned=True failed=
2026-09-01 19:17:27 OK port 18181 [quick] height=236 peers=2 p2p=aligned aligned=True failed=
2026-09-01 19:17:27 OK port 18182 [quick] height=236 peers=2 p2p=aligned aligned=True failed=
2026-09-01 19:17:27 OK mesh aligned 18180:h236/p2 18181:h236/p2 18182:h236/p2
2026-09-01 19:22:29 OK port 18180 [quick] height=255 peers=2 p2p=aligned aligned=True failed=
2026-09-01 19:22:29 OK port 18181 [quick] height=255 peers=2 p2p=aligned aligned=True failed=
2026-09-01 19:22:29 OK port 18182 [quick] height=255 peers=2 p2p=aligned aligned=True failed=
2026-09-01 19:22:29 OK mesh aligned 18180:h255/p2 18181:h255/p2 18182:h255/p2
2026-09-01 19:27:30 OK port 18180 [quick] height=274 peers=2 p2p=aligned aligned=True failed=
2026-09-01 19:27:30 OK port 18181 [quick] height=274 peers=2 p2p=aligned aligned=True failed=
2026-09-01 19:27:30 OK port 18182 [quick] height=274 peers=2 p2p=aligned aligned=True failed=
2026-09-01 19:27:30 OK mesh aligned 18180:h274/p2 18181:h274/p2 18182:h274/p2
2026-09-01 19:32:31 OK port 18180 [quick] height=293 peers=2 p2p=aligned aligned=True failed=
2026-09-01 19:32:31 OK port 18181 [quick] height=293 peers=2 p2p=aligned aligned=True failed=
2026-09-01 19:32:31 OK port 18182 [quick] height=293 peers=2 p2p=aligned aligned=True failed=
2026-09-01 19:32:31 OK mesh aligned 18180:h293/p2 18181:h293/p2 18182:h293/p2
2026-09-01 19:37:32 OK port 18180 [quick] height=312 peers=2 p2p=aligned aligned=True failed=
2026-09-01 19:37:32 OK port 18181 [quick] height=312 peers=2 p2p=aligned aligned=True failed=
2026-09-01 19:37:32 OK port 18182 [quick] height=312 peers=2 p2p=aligned aligned=True failed=
2026-09-01 19:37:32 OK mesh aligned 18180:h312/p2 18181:h312/p2 18182:h312/p2
2026-09-01 19:42:33 OK port 18180 [full] height=331 peers=2 p2p=aligned aligned=True failed=
2026-09-01 19:42:33 OK port 18181 [full] height=331 peers=2 p2p=aligned aligned=True failed=
2026-09-01 19:42:33 OK port 18182 [full] height=331 peers=2 p2p=aligned aligned=True failed=
2026-09-01 19:42:33 OK mesh aligned 18180:h331/p2 18181:h331/p2 18182:h331/p2
2026-09-01 19:47:34 OK port 18180 [quick] height=350 peers=2 p2p=aligned aligned=True failed=
2026-09-01 19:47:34 OK port 18181 [quick] height=350 peers=2 p2p=aligned aligned=True failed=
2026-09-01 19:47:34 OK port 18182 [quick] height=350 peers=2 p2p=aligned aligned=True failed=
2026-09-01 19:47:34 OK mesh aligned 18180:h350/p2 18181:h350/p2 18182:h350/p2
2026-09-01 19:52:35 OK port 18180 [quick] height=369 peers=2 p2p=aligned aligned=True failed=
2026-09-01 19:52:35 OK port 18181 [quick] height=369 peers=2 p2p=aligned aligned=True failed=
2026-09-01 19:52:35 OK port 18182 [quick] height=369 peers=2 p2p=aligned aligned=True failed=
2026-09-01 19:52:35 OK mesh aligned 18180:h369/p2 18181:h369/p2 18182:h369/p2
2026-09-01 19:57:36 OK port 18180 [quick] height=388 peers=2 p2p=aligned aligned=True failed=
2026-09-01 19:57:36 OK port 18181 [quick] height=388 peers=2 p2p=aligned aligned=True failed=
2026-09-01 19:57:36 OK port 18182 [quick] height=388 peers=2 p2p=aligned aligned=True failed=
2026-09-01 19:57:36 OK mesh aligned 18180:h388/p2 18181:h388/p2 18182:h388/p2
2026-09-01 20:02:38 OK port 18180 [quick] height=407 peers=2 p2p=aligned aligned=True failed=
2026-09-01 20:02:38 OK port 18181 [quick] height=407 peers=2 p2p=aligned aligned=True failed=
2026-09-01 20:02:38 OK port 18182 [quick] height=407 peers=2 p2p=aligned aligned=True failed=
2026-09-01 20:02:38 OK mesh aligned 18180:h407/p2 18181:h407/p2 18182:h407/p2
2026-09-01 20:07:40 OK port 18180 [quick] height=426 peers=2 p2p=aligned aligned=True failed=
2026-09-01 20:07:40 OK port 18181 [quick] height=426 peers=2 p2p=aligned aligned=True failed=
2026-09-01 20:07:40 OK port 18182 [quick] height=426 peers=2 p2p=aligned aligned=True failed=
2026-09-01 20:07:40 OK mesh aligned 18180:h426/p2 18181:h426/p2 18182:h426/p2
2026-09-01 20:12:41 OK port 18180 [full] height=445 peers=2 p2p=aligned aligned=True failed=
2026-09-01 20:12:41 OK port 18181 [full] height=445 peers=2 p2p=aligned aligned=True failed=
2026-09-01 20:12:41 OK port 18182 [full] height=445 peers=2 p2p=aligned aligned=True failed=
2026-09-01 20:12:41 OK mesh aligned 18180:h445/p2 18181:h445/p2 18182:h445/p2
2026-09-01 20:17:43 OK port 18180 [quick] height=464 peers=2 p2p=aligned aligned=True failed=
2026-09-01 20:17:43 OK port 18181 [quick] height=464 peers=2 p2p=aligned aligned=True failed=
2026-09-01 20:17:43 OK port 18182 [quick] height=464 peers=2 p2p=aligned aligned=True failed=
2026-09-01 20:17:43 OK mesh aligned 18180:h464/p2 18181:h464/p2 18182:h464/p2
2026-09-01 20:22:45 OK port 18180 [quick] height=483 peers=2 p2p=aligned aligned=True failed=
2026-09-01 20:22:45 OK port 18181 [quick] height=483 peers=2 p2p=aligned aligned=True failed=
2026-09-01 20:22:45 OK port 18182 [quick] height=483 peers=2 p2p=aligned aligned=True failed=
2026-09-01 20:22:45 OK mesh aligned 18180:h483/p2 18181:h483/p2 18182:h483/p2
2026-09-01 20:27:47 OK port 18180 [quick] height=502 peers=2 p2p=aligned aligned=True failed=
2026-09-01 20:27:47 OK port 18181 [quick] height=502 peers=2 p2p=inconsistent aligned=True failed=
2026-09-01 20:27:47 OK port 18182 [quick] height=502 peers=2 p2p=aligned aligned=True failed=
2026-09-01 20:27:47 OK mesh aligned 18180:h502/p2 18181:h502/p2 18182:h502/p2
2026-09-01 20:32:49 OK port 18180 [quick] height=521 peers=2 p2p=aligned aligned=True failed=
2026-09-01 20:32:49 OK port 18181 [quick] height=521 peers=2 p2p=aligned aligned=True failed=
2026-09-01 20:32:50 OK port 18182 [quick] height=521 peers=2 p2p=aligned aligned=True failed=
2026-09-01 20:32:50 OK mesh aligned 18180:h521/p2 18181:h521/p2 18182:h521/p2
2026-09-01 20:37:52 OK port 18180 [quick] height=540 peers=2 p2p=aligned aligned=True failed=
2026-09-01 20:37:52 OK port 18181 [quick] height=540 peers=2 p2p=aligned aligned=True failed=
2026-09-01 20:37:52 OK port 18182 [quick] height=540 peers=2 p2p=aligned aligned=True failed=
2026-09-01 20:37:52 OK mesh aligned 18180:h540/p2 18181:h540/p2 18182:h540/p2
2026-09-01 20:42:54 OK port 18180 [full] height=559 peers=2 p2p=aligned aligned=True failed=
2026-09-01 20:42:54 OK port 18181 [full] height=559 peers=2 p2p=aligned aligned=True failed=
2026-09-01 20:42:54 OK port 18182 [full] height=559 peers=2 p2p=aligned aligned=True failed=
2026-09-01 20:42:54 OK mesh aligned 18180:h559/p2 18181:h559/p2 18182:h559/p2
2026-09-01 20:47:55 OK port 18180 [quick] height=577 peers=2 p2p=aligned aligned=True failed=
2026-09-01 20:47:55 OK port 18181 [quick] height=577 peers=2 p2p=aligned aligned=True failed=
2026-09-01 20:47:55 OK port 18182 [quick] height=577 peers=2 p2p=aligned aligned=True failed=
2026-09-01 20:47:55 OK mesh aligned 18180:h577/p2 18181:h577/p2 18182:h577/p2
2026-09-01 20:52:56 OK port 18180 [quick] height=596 peers=2 p2p=aligned aligned=True failed=
2026-09-01 20:52:56 OK port 18181 [quick] height=596 peers=2 p2p=aligned aligned=True failed=
2026-09-01 20:52:56 OK port 18182 [quick] height=596 peers=2 p2p=aligned aligned=True failed=
2026-09-01 20:52:56 OK mesh aligned 18180:h596/p2 18181:h596/p2 18182:h596/p2
2026-09-01 20:57:57 OK port 18180 [quick] height=615 peers=2 p2p=aligned aligned=True failed=
2026-09-01 20:57:57 OK port 18181 [quick] height=615 peers=2 p2p=aligned aligned=True failed=
2026-09-01 20:57:57 OK port 18182 [quick] height=615 peers=2 p2p=aligned aligned=True failed=
2026-09-01 20:57:57 OK mesh aligned 18180:h615/p2 18181:h615/p2 18182:h615/p2
2026-09-01 21:02:58 OK port 18180 [quick] height=634 peers=2 p2p=aligned aligned=True failed=
2026-09-01 21:02:58 OK port 18181 [quick] height=634 peers=2 p2p=aligned aligned=True failed=
2026-09-01 21:02:58 OK port 18182 [quick] height=634 peers=2 p2p=aligned aligned=True failed=
2026-09-01 21:02:58 OK mesh aligned 18180:h634/p2 18181:h634/p2 18182:h634/p2
2026-09-01 21:07:59 OK port 18180 [quick] height=653 peers=2 p2p=aligned aligned=True failed=
2026-09-01 21:07:59 OK port 18181 [quick] height=653 peers=2 p2p=aligned aligned=True failed=
2026-09-01 21:07:59 OK port 18182 [quick] height=653 peers=2 p2p=aligned aligned=True failed=
2026-09-01 21:07:59 OK mesh aligned 18180:h653/p2 18181:h653/p2 18182:h653/p2
2026-09-01 21:13:00 OK port 18180 [full] height=672 peers=2 p2p=aligned aligned=True failed=
2026-09-01 21:13:00 OK port 18181 [full] height=672 peers=2 p2p=aligned aligned=True failed=
2026-09-01 21:13:00 OK port 18182 [full] height=672 peers=2 p2p=aligned aligned=True failed=
2026-09-01 21:13:00 OK mesh aligned 18180:h672/p2 18181:h672/p2 18182:h672/p2
2026-09-01 21:18:01 OK port 18180 [quick] height=691 peers=2 p2p=aligned aligned=True failed=
2026-09-01 21:18:01 OK port 18181 [quick] height=691 peers=2 p2p=aligned aligned=True failed=
2026-09-01 21:18:01 OK port 18182 [quick] height=691 peers=2 p2p=aligned aligned=True failed=
2026-09-01 21:18:01 OK mesh aligned 18180:h691/p2 18181:h691/p2 18182:h691/p2
2026-09-01 21:23:02 OK port 18180 [quick] height=710 peers=2 p2p=aligned aligned=True failed=
2026-09-01 21:23:02 OK port 18181 [quick] height=710 peers=2 p2p=aligned aligned=True failed=
2026-09-01 21:23:02 OK port 18182 [quick] height=710 peers=2 p2p=aligned aligned=True failed=
2026-09-01 21:23:02 OK mesh aligned 18180:h710/p2 18181:h710/p2 18182:h710/p2
2026-09-01 21:28:03 OK port 18180 [quick] height=729 peers=2 p2p=aligned aligned=True failed=
2026-09-01 21:28:03 OK port 18181 [quick] height=729 peers=2 p2p=aligned aligned=True failed=
2026-09-01 21:28:03 OK port 18182 [quick] height=729 peers=2 p2p=aligned aligned=True failed=
2026-09-01 21:28:03 OK mesh aligned 18180:h729/p2 18181:h729/p2 18182:h729/p2
2026-09-01 21:33:04 OK port 18180 [quick] height=748 peers=2 p2p=aligned aligned=True failed=
2026-09-01 21:33:04 OK port 18181 [quick] height=748 peers=2 p2p=aligned aligned=True failed=
2026-09-01 21:33:04 OK port 18182 [quick] height=748 peers=2 p2p=aligned aligned=True failed=
2026-09-01 21:33:04 OK mesh aligned 18180:h748/p2 18181:h748/p2 18182:h748/p2
2026-09-01 21:38:05 OK port 18180 [quick] height=767 peers=2 p2p=aligned aligned=True failed=
2026-09-01 21:38:05 OK port 18181 [quick] height=767 peers=2 p2p=aligned aligned=True failed=
2026-09-01 21:38:05 OK port 18182 [quick] height=767 peers=2 p2p=aligned aligned=True failed=
2026-09-01 21:38:05 OK mesh aligned 18180:h767/p2 18181:h767/p2 18182:h767/p2
2026-09-01 21:43:07 OK port 18180 [full] height=786 peers=2 p2p=aligned aligned=True failed=
2026-09-01 21:43:07 OK port 18181 [full] height=786 peers=2 p2p=aligned aligned=True failed=
2026-09-01 21:43:07 OK port 18182 [full] height=786 peers=2 p2p=aligned aligned=True failed=
2026-09-01 21:43:07 OK mesh aligned 18180:h786/p2 18181:h786/p2 18182:h786/p2
2026-09-01 21:48:08 OK port 18180 [quick] height=805 peers=2 p2p=aligned aligned=True failed=
2026-09-01 21:48:08 OK port 18181 [quick] height=805 peers=2 p2p=aligned aligned=True failed=
2026-09-01 21:48:08 OK port 18182 [quick] height=805 peers=2 p2p=aligned aligned=True failed=
2026-09-01 21:48:08 OK mesh aligned 18180:h805/p2 18181:h805/p2 18182:h805/p2
2026-09-01 21:53:09 OK port 18180 [quick] height=824 peers=2 p2p=aligned aligned=True failed=
2026-09-01 21:53:09 OK port 18181 [quick] height=824 peers=2 p2p=aligned aligned=True failed=
2026-09-01 21:53:09 OK port 18182 [quick] height=824 peers=2 p2p=aligned aligned=True failed=
2026-09-01 21:53:09 OK mesh aligned 18180:h824/p2 18181:h824/p2 18182:h824/p2
2026-09-01 21:58:10 OK port 18180 [quick] height=843 peers=2 p2p=aligned aligned=True failed=
2026-09-01 21:58:10 OK port 18181 [quick] height=843 peers=2 p2p=aligned aligned=True failed=
2026-09-01 21:58:10 OK port 18182 [quick] height=843 peers=2 p2p=aligned aligned=True failed=
2026-09-01 21:58:10 OK mesh aligned 18180:h843/p2 18181:h843/p2 18182:h843/p2
2026-09-01 22:03:11 OK port 18180 [quick] height=862 peers=2 p2p=aligned aligned=True failed=
2026-09-01 22:03:11 OK port 18181 [quick] height=862 peers=2 p2p=aligned aligned=True failed=
2026-09-01 22:03:11 OK port 18182 [quick] height=862 peers=2 p2p=aligned aligned=True failed=
2026-09-01 22:03:11 OK mesh aligned 18180:h862/p2 18181:h862/p2 18182:h862/p2
2026-09-01 22:08:12 OK port 18180 [quick] height=881 peers=2 p2p=aligned aligned=True failed=
2026-09-01 22:08:12 OK port 18181 [quick] height=881 peers=2 p2p=aligned aligned=True failed=
2026-09-01 22:08:12 OK port 18182 [quick] height=881 peers=2 p2p=aligned aligned=True failed=
2026-09-01 22:08:12 OK mesh aligned 18180:h881/p2 18181:h881/p2 18182:h881/p2
2026-09-01 22:13:13 OK port 18180 [full] height=900 peers=2 p2p=aligned aligned=True failed=
2026-09-01 22:13:13 OK port 18181 [full] height=900 peers=2 p2p=aligned aligned=True failed=
2026-09-01 22:13:13 OK port 18182 [full] height=900 peers=2 p2p=aligned aligned=True failed=
2026-09-01 22:13:13 OK mesh aligned 18180:h900/p2 18181:h900/p2 18182:h900/p2
2026-09-01 22:18:14 OK port 18180 [quick] height=919 peers=2 p2p=aligned aligned=True failed=
2026-09-01 22:18:14 OK port 18181 [quick] height=919 peers=2 p2p=aligned aligned=True failed=
2026-09-01 22:18:14 OK port 18182 [quick] height=919 peers=2 p2p=aligned aligned=True failed=
2026-09-01 22:18:14 OK mesh aligned 18180:h919/p2 18181:h919/p2 18182:h919/p2
2026-09-01 22:23:15 OK port 18180 [quick] height=938 peers=2 p2p=aligned aligned=True failed=
2026-09-01 22:23:15 OK port 18181 [quick] height=938 peers=2 p2p=aligned aligned=True failed=
2026-09-01 22:23:15 OK port 18182 [quick] height=938 peers=2 p2p=aligned aligned=True failed=
2026-09-01 22:23:15 OK mesh aligned 18180:h938/p2 18181:h938/p2 18182:h938/p2
2026-09-01 22:28:16 OK port 18180 [quick] height=957 peers=2 p2p=aligned aligned=True failed=
2026-09-01 22:28:16 OK port 18181 [quick] height=957 peers=2 p2p=aligned aligned=True failed=
2026-09-01 22:28:16 OK port 18182 [quick] height=957 peers=2 p2p=aligned aligned=True failed=
2026-09-01 22:28:16 OK mesh aligned 18180:h957/p2 18181:h957/p2 18182:h957/p2
2026-09-01 22:33:18 OK port 18180 [quick] height=976 peers=2 p2p=aligned aligned=True failed=
2026-09-01 22:33:18 OK port 18181 [quick] height=976 peers=2 p2p=aligned aligned=True failed=
2026-09-01 22:33:18 OK port 18182 [quick] height=976 peers=2 p2p=aligned aligned=True failed=
2026-09-01 22:33:18 OK mesh aligned 18180:h976/p2 18181:h976/p2 18182:h976/p2
2026-09-01 22:38:21 OK port 18180 [quick] height=994 peers=2 p2p=aligned aligned=True failed=
2026-09-01 22:38:21 OK port 18181 [quick] height=994 peers=2 p2p=aligned aligned=True failed=
2026-09-01 22:38:21 OK port 18182 [quick] height=994 peers=2 p2p=aligned aligned=True failed=
2026-09-01 22:38:21 OK mesh aligned 18180:h994/p2 18181:h994/p2 18182:h994/p2
2026-09-01 22:43:24 OK port 18180 [full] height=1014 peers=2 p2p=aligned aligned=True failed=
2026-09-01 22:43:24 OK port 18181 [full] height=1014 peers=2 p2p=inconsistent aligned=True failed=
2026-09-01 22:43:24 OK port 18182 [full] height=1014 peers=2 p2p=aligned aligned=True failed=
2026-09-01 22:43:24 OK mesh aligned 18180:h1014/p2 18181:h1014/p2 18182:h1014/p2
2026-09-01 22:48:25 OK port 18180 [quick] height=1032 peers=2 p2p=aligned aligned=True failed=
2026-09-01 22:48:25 OK port 18181 [quick] height=1032 peers=2 p2p=aligned aligned=True failed=
2026-09-01 22:48:25 OK port 18182 [quick] height=1032 peers=2 p2p=aligned aligned=True failed=
2026-09-01 22:48:25 OK mesh aligned 18180:h1032/p2 18181:h1032/p2 18182:h1032/p2
2026-09-01 22:53:26 OK port 18180 [quick] height=1051 peers=2 p2p=aligned aligned=True failed=
2026-09-01 22:53:26 OK port 18181 [quick] height=1051 peers=2 p2p=aligned aligned=True failed=
2026-09-01 22:53:26 OK port 18182 [quick] height=1051 peers=2 p2p=aligned aligned=True failed=
2026-09-01 22:53:26 OK mesh aligned 18180:h1051/p2 18181:h1051/p2 18182:h1051/p2
2026-09-01 22:58:27 OK port 18180 [quick] height=1070 peers=2 p2p=aligned aligned=True failed=
2026-09-01 22:58:27 OK port 18181 [quick] height=1070 peers=2 p2p=aligned aligned=True failed=
2026-09-01 22:58:27 OK port 18182 [quick] height=1070 peers=2 p2p=aligned aligned=True failed=
2026-09-01 22:58:27 OK mesh aligned 18180:h1070/p2 18181:h1070/p2 18182:h1070/p2
2026-09-01 23:03:28 OK port 18180 [quick] height=1089 peers=2 p2p=aligned aligned=True failed=
2026-09-01 23:03:28 OK port 18181 [quick] height=1089 peers=2 p2p=aligned aligned=True failed=
2026-09-01 23:03:28 OK port 18182 [quick] height=1089 peers=2 p2p=aligned aligned=True failed=
2026-09-01 23:03:28 OK mesh aligned 18180:h1089/p2 18181:h1089/p2 18182:h1089/p2
2026-09-01 23:08:29 OK port 18180 [quick] height=1108 peers=2 p2p=aligned aligned=True failed=
2026-09-01 23:08:29 OK port 18181 [quick] height=1108 peers=2 p2p=aligned aligned=True failed=
2026-09-01 23:08:29 OK port 18182 [quick] height=1108 peers=2 p2p=aligned aligned=True failed=
2026-09-01 23:08:29 OK mesh aligned 18180:h1108/p2 18181:h1108/p2 18182:h1108/p2
2026-09-01 23:13:30 OK port 18180 [full] height=1127 peers=2 p2p=aligned aligned=True failed=
2026-09-01 23:13:30 OK port 18181 [full] height=1127 peers=2 p2p=aligned aligned=True failed=
2026-09-01 23:13:30 OK port 18182 [full] height=1127 peers=2 p2p=aligned aligned=True failed=
2026-09-01 23:13:30 OK mesh aligned 18180:h1127/p2 18181:h1127/p2 18182:h1127/p2
2026-09-01 23:18:31 OK port 18180 [quick] height=1146 peers=2 p2p=aligned aligned=True failed=
2026-09-01 23:18:31 OK port 18181 [quick] height=1146 peers=2 p2p=aligned aligned=True failed=
2026-09-01 23:18:31 OK port 18182 [quick] height=1146 peers=2 p2p=aligned aligned=True failed=
2026-09-01 23:18:31 OK mesh aligned 18180:h1146/p2 18181:h1146/p2 18182:h1146/p2
2026-09-01 23:23:32 OK port 18180 [quick] height=1165 peers=2 p2p=aligned aligned=True failed=
2026-09-01 23:23:32 OK port 18181 [quick] height=1165 peers=2 p2p=aligned aligned=True failed=
2026-09-01 23:23:32 OK port 18182 [quick] height=1165 peers=2 p2p=aligned aligned=True failed=
2026-09-01 23:23:32 OK mesh aligned 18180:h1165/p2 18181:h1165/p2 18182:h1165/p2
2026-09-01 23:28:33 OK port 18180 [quick] height=1184 peers=2 p2p=aligned aligned=True failed=
2026-09-01 23:28:33 OK port 18181 [quick] height=1184 peers=2 p2p=aligned aligned=True failed=
2026-09-01 23:28:33 OK port 18182 [quick] height=1184 peers=2 p2p=aligned aligned=True failed=
2026-09-01 23:28:33 OK mesh aligned 18180:h1184/p2 18181:h1184/p2 18182:h1184/p2
2026-09-01 23:33:35 OK port 18180 [quick] height=1203 peers=2 p2p=aligned aligned=True failed=
2026-09-01 23:33:35 OK port 18181 [quick] height=1203 peers=2 p2p=aligned aligned=True failed=
2026-09-01 23:33:35 OK port 18182 [quick] height=1203 peers=2 p2p=aligned aligned=True failed=
2026-09-01 23:33:35 OK mesh aligned 18180:h1203/p2 18181:h1203/p2 18182:h1203/p2
2026-09-01 23:38:36 OK port 18180 [quick] height=1221 peers=2 p2p=aligned aligned=True failed=
2026-09-01 23:38:36 OK port 18181 [quick] height=1221 peers=2 p2p=aligned aligned=True failed=
2026-09-01 23:38:36 OK port 18182 [quick] height=1221 peers=2 p2p=aligned aligned=True failed=
2026-09-01 23:38:36 OK mesh aligned 18180:h1221/p2 18181:h1221/p2 18182:h1221/p2
2026-09-01 23:43:37 OK port 18180 [full] height=1240 peers=2 p2p=aligned aligned=True failed=
2026-09-01 23:43:37 OK port 18181 [full] height=1240 peers=2 p2p=aligned aligned=True failed=
2026-09-01 23:43:37 OK port 18182 [full] height=1240 peers=2 p2p=aligned aligned=True failed=
2026-09-01 23:43:37 OK mesh aligned 18180:h1240/p2 18181:h1240/p2 18182:h1240/p2
2026-09-01 23:48:38 OK port 18180 [quick] height=1259 peers=2 p2p=aligned aligned=True failed=
2026-09-01 23:48:38 OK port 18181 [quick] height=1259 peers=2 p2p=aligned aligned=True failed=
2026-09-01 23:48:38 OK port 18182 [quick] height=1259 peers=2 p2p=aligned aligned=True failed=
2026-09-01 23:48:38 OK mesh aligned 18180:h1259/p2 18181:h1259/p2 18182:h1259/p2
2026-09-01 23:53:39 OK port 18180 [quick] height=1278 peers=2 p2p=aligned aligned=True failed=
2026-09-01 23:53:39 OK port 18181 [quick] height=1278 peers=2 p2p=aligned aligned=True failed=
2026-09-01 23:53:39 OK port 18182 [quick] height=1278 peers=2 p2p=aligned aligned=True failed=
2026-09-01 23:53:39 OK mesh aligned 18180:h1278/p2 18181:h1278/p2 18182:h1278/p2
2026-09-01 23:58:40 OK port 18180 [quick] height=1297 peers=2 p2p=aligned aligned=True failed=
2026-09-01 23:58:40 OK port 18181 [quick] height=1297 peers=2 p2p=aligned aligned=True failed=
2026-09-01 23:58:40 OK port 18182 [quick] height=1297 peers=2 p2p=aligned aligned=True failed=
2026-09-01 23:58:40 OK mesh aligned 18180:h1297/p2 18181:h1297/p2 18182:h1297/p2
2026-09-02 00:03:41 OK port 18180 [quick] height=1316 peers=2 p2p=aligned aligned=True failed=
2026-09-02 00:03:41 OK port 18181 [quick] height=1316 peers=2 p2p=aligned aligned=True failed=
2026-09-02 00:03:41 OK port 18182 [quick] height=1316 peers=2 p2p=aligned aligned=True failed=
2026-09-02 00:03:41 OK mesh aligned 18180:h1316/p2 18181:h1316/p2 18182:h1316/p2
2026-09-02 00:08:42 OK port 18180 [quick] height=1335 peers=2 p2p=aligned aligned=True failed=
2026-09-02 00:08:42 OK port 18181 [quick] height=1335 peers=2 p2p=aligned aligned=True failed=
2026-09-02 00:08:42 OK port 18182 [quick] height=1335 peers=2 p2p=aligned aligned=True failed=
2026-09-02 00:08:42 OK mesh aligned 18180:h1335/p2 18181:h1335/p2 18182:h1335/p2
2026-09-02 00:13:43 OK port 18180 [full] height=1354 peers=2 p2p=aligned aligned=True failed=
2026-09-02 00:13:43 OK port 18181 [full] height=1354 peers=2 p2p=aligned aligned=True failed=
2026-09-02 00:13:43 OK port 18182 [full] height=1354 peers=2 p2p=aligned aligned=True failed=
2026-09-02 00:13:43 OK mesh aligned 18180:h1354/p2 18181:h1354/p2 18182:h1354/p2
2026-09-02 00:18:44 OK port 18180 [quick] height=1373 peers=2 p2p=aligned aligned=True failed=
2026-09-02 00:18:44 OK port 18181 [quick] height=1373 peers=2 p2p=aligned aligned=True failed=
2026-09-02 00:18:44 OK port 18182 [quick] height=1373 peers=2 p2p=aligned aligned=True failed=
2026-09-02 00:18:44 OK mesh aligned 18180:h1373/p2 18181:h1373/p2 18182:h1373/p2
2026-09-02 00:23:45 OK port 18180 [quick] height=1392 peers=2 p2p=aligned aligned=True failed=
2026-09-02 00:23:45 OK port 18181 [quick] height=1392 peers=2 p2p=aligned aligned=True failed=
2026-09-02 00:23:45 OK port 18182 [quick] height=1392 peers=2 p2p=aligned aligned=True failed=
2026-09-02 00:23:45 OK mesh aligned 18180:h1392/p2 18181:h1392/p2 18182:h1392/p2
2026-09-02 00:28:46 OK port 18180 [quick] height=1411 peers=2 p2p=aligned aligned=True failed=
2026-09-02 00:28:46 OK port 18181 [quick] height=1411 peers=2 p2p=aligned aligned=True failed=
2026-09-02 00:28:46 OK port 18182 [quick] height=1411 peers=2 p2p=aligned aligned=True failed=
2026-09-02 00:28:46 OK mesh aligned 18180:h1411/p2 18181:h1411/p2 18182:h1411/p2
2026-09-02 00:33:48 OK port 18180 [quick] height=1430 peers=2 p2p=aligned aligned=True failed=
2026-09-02 00:33:48 OK port 18181 [quick] height=1430 peers=2 p2p=aligned aligned=True failed=
2026-09-02 00:33:48 OK port 18182 [quick] height=1430 peers=2 p2p=aligned aligned=True failed=
2026-09-02 00:33:48 OK mesh aligned 18180:h1430/p2 18181:h1430/p2 18182:h1430/p2
2026-09-02 00:38:50 OK port 18180 [quick] height=1449 peers=2 p2p=aligned aligned=True failed=
2026-09-02 00:38:50 OK port 18181 [quick] height=1449 peers=2 p2p=aligned aligned=True failed=
2026-09-02 00:38:50 OK port 18182 [quick] height=1449 peers=2 p2p=aligned aligned=True failed=
2026-09-02 00:38:50 OK mesh aligned 18180:h1449/p2 18181:h1449/p2 18182:h1449/p2
2026-09-02 00:43:53 OK port 18180 [full] height=1468 peers=2 p2p=inconsistent aligned=True failed=
2026-09-02 00:43:53 OK port 18181 [full] height=1467 peers=2 p2p=aligned aligned=True failed=
2026-09-02 00:43:53 OK port 18182 [full] height=1467 peers=2 p2p=inconsistent aligned=True failed=
2026-09-02 00:43:53 OK mesh aligned 18180:h1468/p2 18181:h1467/p2 18182:h1467/p2 transient_delta=1
2026-09-02 00:48:56 OK port 18180 [quick] height=1487 peers=2 p2p=inconsistent aligned=True failed=
2026-09-02 00:48:56 OK port 18181 [quick] height=1487 peers=2 p2p=aligned aligned=True failed=
2026-09-02 00:48:56 OK port 18182 [quick] height=1487 peers=2 p2p=aligned aligned=True failed=
2026-09-02 00:48:56 OK mesh aligned 18180:h1487/p2 18181:h1487/p2 18182:h1487/p2
2026-09-02 00:53:58 OK port 18180 [quick] height=1506 peers=2 p2p=aligned aligned=True failed=
2026-09-02 00:53:58 OK port 18181 [quick] height=1506 peers=2 p2p=aligned aligned=True failed=
2026-09-02 00:53:58 OK port 18182 [quick] height=1506 peers=2 p2p=aligned aligned=True failed=
2026-09-02 00:53:58 OK mesh aligned 18180:h1506/p2 18181:h1506/p2 18182:h1506/p2
2026-09-02 00:59:01 OK port 18180 [quick] height=1525 peers=2 p2p=aligned aligned=True failed=
2026-09-02 00:59:01 OK port 18181 [quick] height=1525 peers=2 p2p=aligned aligned=True failed=
2026-09-02 00:59:01 OK port 18182 [quick] height=1525 peers=2 p2p=aligned aligned=True failed=
2026-09-02 00:59:01 OK mesh aligned 18180:h1525/p2 18181:h1525/p2 18182:h1525/p2
2026-09-02 01:04:02 OK port 18180 [quick] height=1544 peers=2 p2p=aligned aligned=True failed=
2026-09-02 01:04:02 OK port 18181 [quick] height=1544 peers=2 p2p=aligned aligned=True failed=
2026-09-02 01:04:02 OK port 18182 [quick] height=1544 peers=2 p2p=aligned aligned=True failed=
2026-09-02 01:04:02 OK mesh aligned 18180:h1544/p2 18181:h1544/p2 18182:h1544/p2
2026-09-02 01:09:03 OK port 18180 [quick] height=1563 peers=2 p2p=aligned aligned=True failed=
2026-09-02 01:09:03 OK port 18181 [quick] height=1563 peers=2 p2p=aligned aligned=True failed=
2026-09-02 01:09:03 OK port 18182 [quick] height=1563 peers=2 p2p=aligned aligned=True failed=
2026-09-02 01:09:03 OK mesh aligned 18180:h1563/p2 18181:h1563/p2 18182:h1563/p2
2026-09-02 01:14:04 OK port 18180 [full] height=1582 peers=2 p2p=aligned aligned=True failed=
2026-09-02 01:14:04 OK port 18181 [full] height=1582 peers=2 p2p=aligned aligned=True failed=
2026-09-02 01:14:04 OK port 18182 [full] height=1582 peers=2 p2p=aligned aligned=True failed=
2026-09-02 01:14:04 OK mesh aligned 18180:h1582/p2 18181:h1582/p2 18182:h1582/p2
2026-09-02 01:19:05 OK port 18180 [quick] height=1601 peers=2 p2p=aligned aligned=True failed=
2026-09-02 01:19:05 OK port 18181 [quick] height=1601 peers=2 p2p=aligned aligned=True failed=
2026-09-02 01:19:05 OK port 18182 [quick] height=1601 peers=2 p2p=aligned aligned=True failed=
2026-09-02 01:19:05 OK mesh aligned 18180:h1601/p2 18181:h1601/p2 18182:h1601/p2
2026-09-02 01:24:06 OK port 18180 [quick] height=1619 peers=2 p2p=aligned aligned=True failed=
2026-09-02 01:24:06 OK port 18181 [quick] height=1619 peers=2 p2p=aligned aligned=True failed=
2026-09-02 01:24:06 OK port 18182 [quick] height=1619 peers=2 p2p=aligned aligned=True failed=
2026-09-02 01:24:06 OK mesh aligned 18180:h1619/p2 18181:h1619/p2 18182:h1619/p2
2026-09-02 01:29:07 OK port 18180 [quick] height=1638 peers=2 p2p=aligned aligned=True failed=
2026-09-02 01:29:07 OK port 18181 [quick] height=1638 peers=2 p2p=aligned aligned=True failed=
2026-09-02 01:29:07 OK port 18182 [quick] height=1638 peers=2 p2p=aligned aligned=True failed=
2026-09-02 01:29:07 OK mesh aligned 18180:h1638/p2 18181:h1638/p2 18182:h1638/p2
2026-09-02 01:34:08 OK port 18180 [quick] height=1657 peers=2 p2p=aligned aligned=True failed=
2026-09-02 01:34:08 OK port 18181 [quick] height=1657 peers=2 p2p=aligned aligned=True failed=
2026-09-02 01:34:08 OK port 18182 [quick] height=1657 peers=2 p2p=aligned aligned=True failed=
2026-09-02 01:34:08 OK mesh aligned 18180:h1657/p2 18181:h1657/p2 18182:h1657/p2
2026-09-02 01:39:09 OK port 18180 [quick] height=1676 peers=2 p2p=aligned aligned=True failed=
2026-09-02 01:39:09 OK port 18181 [quick] height=1676 peers=2 p2p=aligned aligned=True failed=
2026-09-02 01:39:09 OK port 18182 [quick] height=1676 peers=2 p2p=aligned aligned=True failed=
2026-09-02 01:39:09 OK mesh aligned 18180:h1676/p2 18181:h1676/p2 18182:h1676/p2
2026-09-02 01:44:10 OK port 18180 [full] height=1695 peers=2 p2p=aligned aligned=True failed=
2026-09-02 01:44:10 OK port 18181 [full] height=1695 peers=2 p2p=aligned aligned=True failed=
2026-09-02 01:44:10 OK port 18182 [full] height=1695 peers=2 p2p=aligned aligned=True failed=
2026-09-02 01:44:10 OK mesh aligned 18180:h1695/p2 18181:h1695/p2 18182:h1695/p2
2026-09-02 01:49:13 OK port 18180 [quick] height=1714 peers=2 p2p=aligned aligned=True failed=
2026-09-02 01:49:13 OK port 18181 [quick] height=1714 peers=2 p2p=aligned aligned=True failed=
2026-09-02 01:49:13 OK port 18182 [quick] height=1714 peers=2 p2p=aligned aligned=True failed=
2026-09-02 01:49:13 OK mesh aligned 18180:h1714/p2 18181:h1714/p2 18182:h1714/p2
2026-09-02 01:54:16 OK port 18180 [quick] height=1732 peers=2 p2p=aligned aligned=True failed=
2026-09-02 01:54:16 OK port 18181 [quick] height=1732 peers=2 p2p=aligned aligned=True failed=
2026-09-02 01:54:16 OK port 18182 [quick] height=1732 peers=2 p2p=aligned aligned=True failed=
2026-09-02 01:54:16 OK mesh aligned 18180:h1732/p2 18181:h1732/p2 18182:h1732/p2
2026-09-02 01:59:17 OK port 18180 [quick] height=1752 peers=2 p2p=aligned aligned=True failed=
2026-09-02 01:59:17 OK port 18181 [quick] height=1752 peers=2 p2p=aligned aligned=True failed=
2026-09-02 01:59:17 OK port 18182 [quick] height=1752 peers=2 p2p=aligned aligned=True failed=
2026-09-02 01:59:17 OK mesh aligned 18180:h1752/p2 18181:h1752/p2 18182:h1752/p2
2026-09-02 02:04:19 OK port 18180 [quick] height=1771 peers=2 p2p=aligned aligned=True failed=
2026-09-02 02:04:19 OK port 18181 [quick] height=1771 peers=2 p2p=aligned aligned=True failed=
2026-09-02 02:04:19 OK port 18182 [quick] height=1771 peers=2 p2p=aligned aligned=True failed=
2026-09-02 02:04:19 OK mesh aligned 18180:h1771/p2 18181:h1771/p2 18182:h1771/p2
2026-09-02 02:09:21 OK port 18180 [quick] height=1790 peers=2 p2p=aligned aligned=True failed=
2026-09-02 02:09:21 OK port 18181 [quick] height=1790 peers=2 p2p=aligned aligned=True failed=
2026-09-02 02:09:21 OK port 18182 [quick] height=1790 peers=2 p2p=aligned aligned=True failed=
2026-09-02 02:09:21 OK mesh aligned 18180:h1790/p2 18181:h1790/p2 18182:h1790/p2
2026-09-02 02:14:23 OK port 18180 [full] height=1809 peers=2 p2p=aligned aligned=True failed=
2026-09-02 02:14:23 OK port 18181 [full] height=1809 peers=2 p2p=aligned aligned=True failed=
2026-09-02 02:14:23 OK port 18182 [full] height=1809 peers=2 p2p=aligned aligned=True failed=
2026-09-02 02:14:23 OK mesh aligned 18180:h1809/p2 18181:h1809/p2 18182:h1809/p2
2026-09-02 02:19:24 OK port 18180 [quick] height=1828 peers=2 p2p=aligned aligned=True failed=
2026-09-02 02:19:24 OK port 18181 [quick] height=1828 peers=2 p2p=aligned aligned=True failed=
2026-09-02 02:19:24 OK port 18182 [quick] height=1828 peers=2 p2p=aligned aligned=True failed=
2026-09-02 02:19:24 OK mesh aligned 18180:h1828/p2 18181:h1828/p2 18182:h1828/p2
2026-09-02 02:24:26 OK port 18180 [quick] height=1847 peers=2 p2p=aligned aligned=True failed=
2026-09-02 02:24:26 OK port 18181 [quick] height=1847 peers=2 p2p=aligned aligned=True failed=
2026-09-02 02:24:26 OK port 18182 [quick] height=1847 peers=2 p2p=aligned aligned=True failed=
2026-09-02 02:24:26 OK mesh aligned 18180:h1847/p2 18181:h1847/p2 18182:h1847/p2
2026-09-02 02:29:30 OK port 18180 [quick] height=1866 peers=2 p2p=inconsistent aligned=True failed=
2026-09-02 02:29:30 OK port 18181 [quick] height=1865 peers=2 p2p=aligned aligned=True failed=
2026-09-02 02:29:30 OK port 18182 [quick] height=1865 peers=2 p2p=inconsistent aligned=True failed=
2026-09-02 02:29:30 OK mesh aligned 18180:h1866/p2 18181:h1865/p2 18182:h1865/p2 transient_delta=1
2026-09-02 02:34:31 OK port 18180 [quick] height=1884 peers=2 p2p=aligned aligned=True failed=
2026-09-02 02:34:31 OK port 18181 [quick] height=1884 peers=2 p2p=aligned aligned=True failed=
2026-09-02 02:34:31 OK port 18182 [quick] height=1884 peers=2 p2p=aligned aligned=True failed=
2026-09-02 02:34:31 OK mesh aligned 18180:h1884/p2 18181:h1884/p2 18182:h1884/p2
2026-09-02 02:39:32 OK port 18180 [quick] height=1903 peers=2 p2p=aligned aligned=True failed=
2026-09-02 02:39:32 OK port 18181 [quick] height=1903 peers=2 p2p=aligned aligned=True failed=
2026-09-02 02:39:32 OK port 18182 [quick] height=1903 peers=2 p2p=aligned aligned=True failed=
2026-09-02 02:39:32 OK mesh aligned 18180:h1903/p2 18181:h1903/p2 18182:h1903/p2
2026-09-02 02:44:33 OK port 18180 [full] height=1922 peers=2 p2p=aligned aligned=True failed=
2026-09-02 02:44:33 OK port 18181 [full] height=1922 peers=2 p2p=aligned aligned=True failed=
2026-09-02 02:44:33 OK port 18182 [full] height=1922 peers=2 p2p=aligned aligned=True failed=
2026-09-02 02:44:33 OK mesh aligned 18180:h1922/p2 18181:h1922/p2 18182:h1922/p2
2026-09-02 02:49:34 OK port 18180 [quick] height=1941 peers=2 p2p=aligned aligned=True failed=
2026-09-02 02:49:34 OK port 18181 [quick] height=1941 peers=2 p2p=aligned aligned=True failed=
2026-09-02 02:49:34 OK port 18182 [quick] height=1941 peers=2 p2p=aligned aligned=True failed=
2026-09-02 02:49:34 OK mesh aligned 18180:h1941/p2 18181:h1941/p2 18182:h1941/p2
2026-09-02 02:54:36 OK port 18180 [quick] height=1960 peers=2 p2p=aligned aligned=True failed=
2026-09-02 02:54:36 OK port 18181 [quick] height=1960 peers=2 p2p=aligned aligned=True failed=
2026-09-02 02:54:36 OK port 18182 [quick] height=1960 peers=2 p2p=aligned aligned=True failed=
2026-09-02 02:54:36 OK mesh aligned 18180:h1960/p2 18181:h1960/p2 18182:h1960/p2
2026-09-02 02:59:38 OK port 18180 [quick] height=1979 peers=2 p2p=inconsistent aligned=True failed=
2026-09-02 02:59:38 OK port 18181 [quick] height=1979 peers=2 p2p=aligned aligned=True failed=
2026-09-02 02:59:38 OK port 18182 [quick] height=1979 peers=2 p2p=inconsistent aligned=True failed=
2026-09-02 02:59:38 OK mesh aligned 18180:h1979/p2 18181:h1979/p2 18182:h1979/p2
2026-09-02 03:04:40 OK port 18180 [quick] height=1998 peers=2 p2p=aligned aligned=True failed=
2026-09-02 03:04:40 OK port 18181 [quick] height=1998 peers=2 p2p=aligned aligned=True failed=
2026-09-02 03:04:40 OK port 18182 [quick] height=1998 peers=2 p2p=aligned aligned=True failed=
2026-09-02 03:04:40 OK mesh aligned 18180:h1998/p2 18181:h1998/p2 18182:h1998/p2
2026-09-02 03:09:43 OK port 18180 [quick] height=2016 peers=2 p2p=aligned aligned=True failed=
2026-09-02 03:09:43 OK port 18181 [quick] height=2016 peers=2 p2p=aligned aligned=True failed=
2026-09-02 03:09:43 OK port 18182 [quick] height=2016 peers=2 p2p=aligned aligned=True failed=
2026-09-02 03:09:43 OK mesh aligned 18180:h2016/p2 18181:h2016/p2 18182:h2016/p2
2026-09-02 03:14:47 OK port 18180 [full] height=2035 peers=2 p2p=aligned aligned=True failed=
2026-09-02 03:14:47 OK port 18181 [full] height=2035 peers=2 p2p=aligned aligned=True failed=
2026-09-02 03:14:47 OK port 18182 [full] height=2035 peers=2 p2p=aligned aligned=True failed=
2026-09-02 03:14:47 OK mesh aligned 18180:h2035/p2 18181:h2035/p2 18182:h2035/p2
2026-09-02 03:19:48 OK port 18180 [quick] height=2054 peers=2 p2p=aligned aligned=True failed=
2026-09-02 03:19:48 OK port 18181 [quick] height=2054 peers=2 p2p=aligned aligned=True failed=
2026-09-02 03:19:48 OK port 18182 [quick] height=2054 peers=2 p2p=aligned aligned=True failed=
2026-09-02 03:19:48 OK mesh aligned 18180:h2054/p2 18181:h2054/p2 18182:h2054/p2
2026-09-02 03:24:49 OK port 18180 [quick] height=2073 peers=2 p2p=aligned aligned=True failed=
2026-09-02 03:24:49 OK port 18181 [quick] height=2073 peers=2 p2p=aligned aligned=True failed=
2026-09-02 03:24:49 OK port 18182 [quick] height=2073 peers=2 p2p=aligned aligned=True failed=
2026-09-02 03:24:49 OK mesh aligned 18180:h2073/p2 18181:h2073/p2 18182:h2073/p2
2026-09-02 03:29:50 OK port 18180 [quick] height=2092 peers=2 p2p=aligned aligned=True failed=
2026-09-02 03:29:50 OK port 18181 [quick] height=2092 peers=2 p2p=aligned aligned=True failed=
2026-09-02 03:29:50 OK port 18182 [quick] height=2092 peers=2 p2p=aligned aligned=True failed=
2026-09-02 03:29:50 OK mesh aligned 18180:h2092/p2 18181:h2092/p2 18182:h2092/p2
2026-09-02 03:34:51 OK port 18180 [quick] height=2111 peers=2 p2p=aligned aligned=True failed=
2026-09-02 03:34:51 OK port 18181 [quick] height=2111 peers=2 p2p=aligned aligned=True failed=
2026-09-02 03:34:51 OK port 18182 [quick] height=2111 peers=2 p2p=aligned aligned=True failed=
2026-09-02 03:34:51 OK mesh aligned 18180:h2111/p2 18181:h2111/p2 18182:h2111/p2
2026-09-02 03:39:52 OK port 18180 [quick] height=2130 peers=2 p2p=aligned aligned=True failed=
2026-09-02 03:39:52 OK port 18181 [quick] height=2130 peers=2 p2p=aligned aligned=True failed=
2026-09-02 03:39:52 OK port 18182 [quick] height=2130 peers=2 p2p=aligned aligned=True failed=
2026-09-02 03:39:52 OK mesh aligned 18180:h2130/p2 18181:h2130/p2 18182:h2130/p2
2026-09-02 03:44:53 OK port 18180 [full] height=2149 peers=2 p2p=aligned aligned=True failed=
2026-09-02 03:44:53 OK port 18181 [full] height=2149 peers=2 p2p=aligned aligned=True failed=
2026-09-02 03:44:53 OK port 18182 [full] height=2149 peers=2 p2p=aligned aligned=True failed=
2026-09-02 03:44:53 OK mesh aligned 18180:h2149/p2 18181:h2149/p2 18182:h2149/p2
2026-09-02 03:49:55 OK port 18180 [quick] height=2168 peers=2 p2p=aligned aligned=True failed=
2026-09-02 03:49:55 OK port 18181 [quick] height=2168 peers=2 p2p=aligned aligned=True failed=
2026-09-02 03:49:55 OK port 18182 [quick] height=2168 peers=2 p2p=aligned aligned=True failed=
2026-09-02 03:49:55 OK mesh aligned 18180:h2168/p2 18181:h2168/p2 18182:h2168/p2
2026-09-02 03:54:59 OK port 18180 [quick] height=2187 peers=2 p2p=inconsistent aligned=True failed=
2026-09-02 03:54:59 OK port 18181 [quick] height=2186 peers=2 p2p=aligned aligned=True failed=
2026-09-02 03:54:59 OK port 18182 [quick] height=2186 peers=2 p2p=inconsistent aligned=True failed=
2026-09-02 03:54:59 OK mesh aligned 18180:h2187/p2 18181:h2186/p2 18182:h2186/p2 transient_delta=1
2026-09-02 04:00:03 OK port 18180 [quick] height=2206 peers=2 p2p=aligned aligned=True failed=
2026-09-02 04:00:03 OK port 18181 [quick] height=2205 peers=2 p2p=aligned aligned=True failed=
2026-09-02 04:00:03 OK port 18182 [quick] height=2205 peers=2 p2p=inconsistent aligned=True failed=
2026-09-02 04:00:03 OK mesh aligned 18180:h2206/p2 18181:h2205/p2 18182:h2205/p2 transient_delta=1
2026-09-02 04:05:06 OK port 18180 [quick] height=2225 peers=2 p2p=aligned aligned=True failed=
2026-09-02 04:05:06 OK port 18181 [quick] height=2225 peers=2 p2p=aligned aligned=True failed=
2026-09-02 04:05:06 OK port 18182 [quick] height=2225 peers=2 p2p=aligned aligned=True failed=
2026-09-02 04:05:06 OK mesh aligned 18180:h2225/p2 18181:h2225/p2 18182:h2225/p2
2026-09-02 04:10:08 OK port 18180 [quick] height=2244 peers=2 p2p=inconsistent aligned=True failed=
2026-09-02 04:10:08 OK port 18181 [quick] height=2244 peers=2 p2p=inconsistent aligned=True failed=
2026-09-02 04:10:08 OK port 18182 [quick] height=2244 peers=2 p2p=aligned aligned=True failed=
2026-09-02 04:10:08 OK mesh aligned 18180:h2244/p2 18181:h2244/p2 18182:h2244/p2
2026-09-02 04:15:13 OK port 18180 [full] height=2263 peers=2 p2p=inconsistent aligned=True failed=
2026-09-02 04:15:13 OK port 18181 [full] height=2263 peers=2 p2p=inconsistent aligned=True failed=
2026-09-02 04:15:13 OK port 18182 [full] height=2262 peers=2 p2p=inconsistent aligned=True failed=
2026-09-02 04:15:13 OK mesh aligned 18180:h2263/p2 18181:h2263/p2 18182:h2262/p2 transient_delta=1
2026-09-02 04:20:14 OK port 18180 [quick] height=2281 peers=2 p2p=aligned aligned=True failed=
2026-09-02 04:20:14 OK port 18181 [quick] height=2281 peers=2 p2p=aligned aligned=True failed=
2026-09-02 04:20:14 OK port 18182 [quick] height=2281 peers=2 p2p=aligned aligned=True failed=
2026-09-02 04:20:14 OK mesh aligned 18180:h2281/p2 18181:h2281/p2 18182:h2281/p2
2026-09-02 04:25:15 OK port 18180 [quick] height=2300 peers=2 p2p=aligned aligned=True failed=
2026-09-02 04:25:15 OK port 18181 [quick] height=2300 peers=2 p2p=aligned aligned=True failed=
2026-09-02 04:25:15 OK port 18182 [quick] height=2300 peers=2 p2p=aligned aligned=True failed=
2026-09-02 04:25:15 OK mesh aligned 18180:h2300/p2 18181:h2300/p2 18182:h2300/p2
2026-09-02 04:30:17 OK port 18180 [quick] height=2319 peers=2 p2p=aligned aligned=True failed=
2026-09-02 04:30:17 OK port 18181 [quick] height=2319 peers=2 p2p=aligned aligned=True failed=
2026-09-02 04:30:17 OK port 18182 [quick] height=2319 peers=2 p2p=aligned aligned=True failed=
2026-09-02 04:30:17 OK mesh aligned 18180:h2319/p2 18181:h2319/p2 18182:h2319/p2
2026-09-02 04:35:19 OK port 18180 [quick] height=2338 peers=2 p2p=aligned aligned=True failed=
2026-09-02 04:35:19 OK port 18181 [quick] height=2338 peers=2 p2p=aligned aligned=True failed=
2026-09-02 04:35:19 OK port 18182 [quick] height=2338 peers=2 p2p=aligned aligned=True failed=
2026-09-02 04:35:19 OK mesh aligned 18180:h2338/p2 18181:h2338/p2 18182:h2338/p2
2026-09-02 04:40:24 OK port 18180 [quick] height=2357 peers=2 p2p=aligned aligned=True failed=
2026-09-02 04:40:24 OK port 18181 [quick] height=2357 peers=2 p2p=inconsistent aligned=True failed=
2026-09-02 04:40:24 OK port 18182 [quick] height=2357 peers=2 p2p=aligned aligned=True failed=
2026-09-02 04:40:24 OK mesh aligned 18180:h2357/p2 18181:h2357/p2 18182:h2357/p2
2026-09-02 04:45:26 OK port 18180 [full] height=2376 peers=2 p2p=aligned aligned=True failed=
2026-09-02 04:45:26 OK port 18181 [full] height=2376 peers=2 p2p=aligned aligned=True failed=
2026-09-02 04:45:26 OK port 18182 [full] height=2376 peers=2 p2p=aligned aligned=True failed=
2026-09-02 04:45:26 OK mesh aligned 18180:h2376/p2 18181:h2376/p2 18182:h2376/p2
2026-09-02 04:50:32 OK port 18180 [quick] height=2395 peers=2 p2p=aligned aligned=True failed=
2026-09-02 04:50:32 OK port 18181 [quick] height=2394 peers=2 p2p=inconsistent aligned=True failed=
2026-09-02 04:50:32 OK port 18182 [quick] height=2395 peers=2 p2p=inconsistent aligned=True failed=
2026-09-02 04:50:32 OK mesh aligned 18180:h2395/p2 18181:h2394/p2 18182:h2395/p2 transient_delta=1
2026-09-02 04:55:33 OK port 18180 [quick] height=2414 peers=2 p2p=aligned aligned=True failed=
2026-09-02 04:55:33 OK port 18181 [quick] height=2414 peers=2 p2p=aligned aligned=True failed=
2026-09-02 04:55:33 OK port 18182 [quick] height=2414 peers=2 p2p=aligned aligned=True failed=
2026-09-02 04:55:33 OK mesh aligned 18180:h2414/p2 18181:h2414/p2 18182:h2414/p2
2026-09-02 05:00:34 OK port 18180 [quick] height=2433 peers=2 p2p=aligned aligned=True failed=
2026-09-02 05:00:34 OK port 18181 [quick] height=2433 peers=2 p2p=aligned aligned=True failed=
2026-09-02 05:00:34 OK port 18182 [quick] height=2433 peers=2 p2p=aligned aligned=True failed=
2026-09-02 05:00:34 OK mesh aligned 18180:h2433/p2 18181:h2433/p2 18182:h2433/p2
2026-09-02 05:05:38 OK port 18180 [quick] height=2452 peers=2 p2p=inconsistent aligned=True failed=
2026-09-02 05:05:38 OK port 18181 [quick] height=2451 peers=2 p2p=inconsistent aligned=True failed=
2026-09-02 05:05:38 OK port 18182 [quick] height=2452 peers=2 p2p=aligned aligned=True failed=
2026-09-02 05:05:38 OK mesh aligned 18180:h2452/p2 18181:h2451/p2 18182:h2452/p2 transient_delta=1
2026-09-02 05:10:40 OK port 18180 [quick] height=2471 peers=2 p2p=aligned aligned=True failed=
2026-09-02 05:10:40 OK port 18181 [quick] height=2471 peers=2 p2p=aligned aligned=True failed=
2026-09-02 05:10:40 OK port 18182 [quick] height=2471 peers=2 p2p=aligned aligned=True failed=
2026-09-02 05:10:40 OK mesh aligned 18180:h2471/p2 18181:h2471/p2 18182:h2471/p2
2026-09-02 05:15:43 OK port 18180 [full] height=2489 peers=2 p2p=aligned aligned=True failed=
2026-09-02 05:15:43 OK port 18181 [full] height=2489 peers=2 p2p=aligned aligned=True failed=
2026-09-02 05:15:43 OK port 18182 [full] height=2489 peers=2 p2p=aligned aligned=True failed=
2026-09-02 05:15:43 OK mesh aligned 18180:h2489/p2 18181:h2489/p2 18182:h2489/p2
2026-09-02 05:20:44 OK port 18180 [quick] height=2508 peers=2 p2p=aligned aligned=True failed=
2026-09-02 05:20:44 OK port 18181 [quick] height=2508 peers=2 p2p=aligned aligned=True failed=
2026-09-02 05:20:44 OK port 18182 [quick] height=2508 peers=2 p2p=aligned aligned=True failed=
2026-09-02 05:20:44 OK mesh aligned 18180:h2508/p2 18181:h2508/p2 18182:h2508/p2
2026-09-02 05:25:45 OK port 18180 [quick] height=2527 peers=2 p2p=aligned aligned=True failed=
2026-09-02 05:25:45 OK port 18181 [quick] height=2527 peers=2 p2p=aligned aligned=True failed=
2026-09-02 05:25:45 OK port 18182 [quick] height=2527 peers=2 p2p=aligned aligned=True failed=
2026-09-02 05:25:45 OK mesh aligned 18180:h2527/p2 18181:h2527/p2 18182:h2527/p2
2026-09-02 05:30:46 OK port 18180 [quick] height=2546 peers=2 p2p=aligned aligned=True failed=
2026-09-02 05:30:46 OK port 18181 [quick] height=2546 peers=2 p2p=aligned aligned=True failed=
2026-09-02 05:30:46 OK port 18182 [quick] height=2546 peers=2 p2p=aligned aligned=True failed=
2026-09-02 05:30:46 OK mesh aligned 18180:h2546/p2 18181:h2546/p2 18182:h2546/p2
2026-09-02 05:35:47 OK port 18180 [quick] height=2565 peers=2 p2p=aligned aligned=True failed=
2026-09-02 05:35:47 OK port 18181 [quick] height=2565 peers=2 p2p=aligned aligned=True failed=
2026-09-02 05:35:47 OK port 18182 [quick] height=2565 peers=2 p2p=aligned aligned=True failed=
2026-09-02 05:35:47 OK mesh aligned 18180:h2565/p2 18181:h2565/p2 18182:h2565/p2
2026-09-02 05:40:48 OK port 18180 [quick] height=2584 peers=2 p2p=aligned aligned=True failed=
2026-09-02 05:40:48 OK port 18181 [quick] height=2584 peers=2 p2p=aligned aligned=True failed=
2026-09-02 05:40:48 OK port 18182 [quick] height=2584 peers=2 p2p=aligned aligned=True failed=
2026-09-02 05:40:48 OK mesh aligned 18180:h2584/p2 18181:h2584/p2 18182:h2584/p2
2026-09-02 05:45:49 OK port 18180 [full] height=2603 peers=2 p2p=aligned aligned=True failed=
2026-09-02 05:45:49 OK port 18181 [full] height=2603 peers=2 p2p=aligned aligned=True failed=
2026-09-02 05:45:49 OK port 18182 [full] height=2603 peers=2 p2p=aligned aligned=True failed=
2026-09-02 05:45:49 OK mesh aligned 18180:h2603/p2 18181:h2603/p2 18182:h2603/p2
2026-09-02 05:50:50 OK port 18180 [quick] height=2622 peers=2 p2p=aligned aligned=True failed=
2026-09-02 05:50:50 OK port 18181 [quick] height=2622 peers=2 p2p=aligned aligned=True failed=
2026-09-02 05:50:50 OK port 18182 [quick] height=2622 peers=2 p2p=aligned aligned=True failed=
2026-09-02 05:50:50 OK mesh aligned 18180:h2622/p2 18181:h2622/p2 18182:h2622/p2
2026-09-02 05:55:53 OK port 18180 [quick] height=2641 peers=2 p2p=aligned aligned=True failed=
2026-09-02 05:55:53 OK port 18181 [quick] height=2641 peers=2 p2p=aligned aligned=True failed=
2026-09-02 05:55:53 OK port 18182 [quick] height=2641 peers=2 p2p=aligned aligned=True failed=
2026-09-02 05:55:53 OK mesh aligned 18180:h2641/p2 18181:h2641/p2 18182:h2641/p2
2026-09-02 06:00:54 OK port 18180 [quick] height=2660 peers=2 p2p=aligned aligned=True failed=
2026-09-02 06:00:54 OK port 18181 [quick] height=2660 peers=2 p2p=aligned aligned=True failed=
2026-09-02 06:00:54 OK port 18182 [quick] height=2660 peers=2 p2p=aligned aligned=True failed=
2026-09-02 06:00:54 OK mesh aligned 18180:h2660/p2 18181:h2660/p2 18182:h2660/p2
2026-09-02 06:05:56 OK port 18180 [quick] height=2679 peers=2 p2p=aligned aligned=True failed=
2026-09-02 06:05:56 OK port 18181 [quick] height=2679 peers=2 p2p=aligned aligned=True failed=
2026-09-02 06:05:56 OK port 18182 [quick] height=2679 peers=2 p2p=aligned aligned=True failed=
2026-09-02 06:05:56 OK mesh aligned 18180:h2679/p2 18181:h2679/p2 18182:h2679/p2
2026-09-02 06:10:57 OK port 18180 [quick] height=2697 peers=2 p2p=aligned aligned=True failed=
2026-09-02 06:10:57 OK port 18181 [quick] height=2697 peers=2 p2p=aligned aligned=True failed=
2026-09-02 06:10:57 OK port 18182 [quick] height=2697 peers=2 p2p=aligned aligned=True failed=
2026-09-02 06:10:57 OK mesh aligned 18180:h2697/p2 18181:h2697/p2 18182:h2697/p2
2026-09-02 06:15:58 OK port 18180 [full] height=2716 peers=2 p2p=aligned aligned=True failed=
2026-09-02 06:15:58 OK port 18181 [full] height=2716 peers=2 p2p=aligned aligned=True failed=
2026-09-02 06:15:58 OK port 18182 [full] height=2716 peers=2 p2p=aligned aligned=True failed=
2026-09-02 06:15:58 OK mesh aligned 18180:h2716/p2 18181:h2716/p2 18182:h2716/p2
2026-09-02 06:20:59 OK port 18180 [quick] height=2735 peers=2 p2p=aligned aligned=True failed=
2026-09-02 06:20:59 OK port 18181 [quick] height=2735 peers=2 p2p=aligned aligned=True failed=
2026-09-02 06:20:59 OK port 18182 [quick] height=2735 peers=2 p2p=aligned aligned=True failed=
2026-09-02 06:20:59 OK mesh aligned 18180:h2735/p2 18181:h2735/p2 18182:h2735/p2
2026-09-02 06:26:00 OK port 18180 [quick] height=2754 peers=2 p2p=aligned aligned=True failed=
2026-09-02 06:26:00 OK port 18181 [quick] height=2754 peers=2 p2p=aligned aligned=True failed=
2026-09-02 06:26:00 OK port 18182 [quick] height=2754 peers=2 p2p=aligned aligned=True failed=
2026-09-02 06:26:00 OK mesh aligned 18180:h2754/p2 18181:h2754/p2 18182:h2754/p2
2026-09-02 06:31:04 OK port 18180 [quick] height=2773 peers=2 p2p=aligned aligned=True failed=
2026-09-02 06:31:04 OK port 18181 [quick] height=2773 peers=2 p2p=aligned aligned=True failed=
2026-09-02 06:31:04 OK port 18182 [quick] height=2773 peers=2 p2p=aligned aligned=True failed=
2026-09-02 06:31:04 OK mesh aligned 18180:h2773/p2 18181:h2773/p2 18182:h2773/p2
2026-09-02 06:36:05 OK port 18180 [quick] height=2792 peers=2 p2p=aligned aligned=True failed=
2026-09-02 06:36:05 OK port 18181 [quick] height=2792 peers=2 p2p=aligned aligned=True failed=
2026-09-02 06:36:05 OK port 18182 [quick] height=2792 peers=2 p2p=aligned aligned=True failed=
2026-09-02 06:36:05 OK mesh aligned 18180:h2792/p2 18181:h2792/p2 18182:h2792/p2
2026-09-02 06:41:07 OK port 18180 [quick] height=2811 peers=2 p2p=aligned aligned=True failed=
2026-09-02 06:41:07 OK port 18181 [quick] height=2811 peers=2 p2p=aligned aligned=True failed=
2026-09-02 06:41:07 OK port 18182 [quick] height=2811 peers=2 p2p=aligned aligned=True failed=
2026-09-02 06:41:07 OK mesh aligned 18180:h2811/p2 18181:h2811/p2 18182:h2811/p2
2026-09-02 06:46:08 OK port 18180 [full] height=2830 peers=2 p2p=aligned aligned=True failed=
2026-09-02 06:46:08 OK port 18181 [full] height=2830 peers=2 p2p=aligned aligned=True failed=
2026-09-02 06:46:08 OK port 18182 [full] height=2830 peers=2 p2p=aligned aligned=True failed=
2026-09-02 06:46:08 OK mesh aligned 18180:h2830/p2 18181:h2830/p2 18182:h2830/p2
2026-09-02 06:51:10 OK port 18180 [quick] height=2849 peers=2 p2p=aligned aligned=True failed=
2026-09-02 06:51:10 OK port 18181 [quick] height=2849 peers=2 p2p=aligned aligned=True failed=
2026-09-02 06:51:10 OK port 18182 [quick] height=2849 peers=2 p2p=aligned aligned=True failed=
2026-09-02 06:51:10 OK mesh aligned 18180:h2849/p2 18181:h2849/p2 18182:h2849/p2
2026-09-02 06:56:13 OK port 18180 [quick] height=2868 peers=2 p2p=inconsistent aligned=True failed=
2026-09-02 06:56:13 OK port 18181 [quick] height=2867 peers=2 p2p=inconsistent aligned=True failed=
2026-09-02 06:56:13 OK port 18182 [quick] height=2868 peers=2 p2p=inconsistent aligned=True failed=
2026-09-02 06:56:13 OK mesh aligned 18180:h2868/p2 18181:h2867/p2 18182:h2868/p2 transient_delta=1
2026-09-02 07:01:15 OK port 18180 [quick] height=2887 peers=2 p2p=aligned aligned=True failed=
2026-09-02 07:01:15 OK port 18181 [quick] height=2887 peers=2 p2p=inconsistent aligned=True failed=
2026-09-02 07:01:15 OK port 18182 [quick] height=2887 peers=2 p2p=aligned aligned=True failed=
2026-09-02 07:01:15 OK mesh aligned 18180:h2887/p2 18181:h2887/p2 18182:h2887/p2
2026-09-02 07:06:17 OK port 18180 [quick] height=2906 peers=2 p2p=aligned aligned=True failed=
2026-09-02 07:06:17 OK port 18181 [quick] height=2906 peers=2 p2p=aligned aligned=True failed=
2026-09-02 07:06:17 OK port 18182 [quick] height=2906 peers=2 p2p=aligned aligned=True failed=
2026-09-02 07:06:17 OK mesh aligned 18180:h2906/p2 18181:h2906/p2 18182:h2906/p2
2026-09-02 07:11:19 OK port 18180 [quick] height=2925 peers=2 p2p=aligned aligned=True failed=
2026-09-02 07:11:19 OK port 18181 [quick] height=2925 peers=2 p2p=aligned aligned=True failed=
2026-09-02 07:11:19 OK port 18182 [quick] height=2925 peers=2 p2p=aligned aligned=True failed=
2026-09-02 07:11:19 OK mesh aligned 18180:h2925/p2 18181:h2925/p2 18182:h2925/p2
2026-09-02 07:16:23 OK port 18180 [full] height=2944 peers=2 p2p=inconsistent aligned=True failed=
2026-09-02 07:16:23 OK port 18181 [full] height=2943 peers=2 p2p=aligned aligned=True failed=
2026-09-02 07:16:23 OK port 18182 [full] height=2943 peers=2 p2p=inconsistent aligned=True failed=
2026-09-02 07:16:23 OK mesh aligned 18180:h2944/p2 18181:h2943/p2 18182:h2943/p2 transient_delta=1
2026-09-02 07:21:25 OK port 18180 [quick] height=2963 peers=2 p2p=aligned aligned=True failed=
2026-09-02 07:21:25 OK port 18181 [quick] height=2963 peers=2 p2p=aligned aligned=True failed=
2026-09-02 07:21:25 OK port 18182 [quick] height=2963 peers=2 p2p=aligned aligned=True failed=
2026-09-02 07:21:25 OK mesh aligned 18180:h2963/p2 18181:h2963/p2 18182:h2963/p2
2026-09-02 07:26:28 OK port 18180 [quick] height=2982 peers=2 p2p=inconsistent aligned=True failed=
2026-09-02 07:26:28 OK port 18181 [quick] height=2981 peers=2 p2p=inconsistent aligned=True failed=
2026-09-02 07:26:28 OK port 18182 [quick] height=2982 peers=2 p2p=inconsistent aligned=True failed=
2026-09-02 07:26:28 OK mesh aligned 18180:h2982/p2 18181:h2981/p2 18182:h2982/p2 transient_delta=1
2026-09-02 07:31:29 OK port 18180 [quick] height=3000 peers=2 p2p=aligned aligned=True failed=
2026-09-02 07:31:29 OK port 18181 [quick] height=3000 peers=2 p2p=aligned aligned=True failed=
2026-09-02 07:31:29 OK port 18182 [quick] height=3000 peers=2 p2p=aligned aligned=True failed=
2026-09-02 07:31:29 OK mesh aligned 18180:h3000/p2 18181:h3000/p2 18182:h3000/p2
2026-09-02 07:36:30 OK port 18180 [quick] height=3019 peers=2 p2p=aligned aligned=True failed=
2026-09-02 07:36:30 OK port 18181 [quick] height=3019 peers=2 p2p=aligned aligned=True failed=
2026-09-02 07:36:30 OK port 18182 [quick] height=3019 peers=2 p2p=aligned aligned=True failed=
2026-09-02 07:36:30 OK mesh aligned 18180:h3019/p2 18181:h3019/p2 18182:h3019/p2
2026-09-02 07:41:31 OK port 18180 [quick] height=3038 peers=2 p2p=aligned aligned=True failed=
2026-09-02 07:41:31 OK port 18181 [quick] height=3038 peers=2 p2p=aligned aligned=True failed=
2026-09-02 07:41:31 OK port 18182 [quick] height=3038 peers=2 p2p=aligned aligned=True failed=
2026-09-02 07:41:31 OK mesh aligned 18180:h3038/p2 18181:h3038/p2 18182:h3038/p2
2026-09-02 07:46:34 OK port 18180 [full] height=3057 peers=2 p2p=aligned aligned=True failed=
2026-09-02 07:46:34 OK port 18181 [full] height=3057 peers=2 p2p=inconsistent aligned=True failed=
2026-09-02 07:46:34 OK port 18182 [full] height=3056 peers=2 p2p=inconsistent aligned=True failed=
2026-09-02 07:46:34 OK mesh aligned 18180:h3057/p2 18181:h3057/p2 18182:h3056/p2 transient_delta=1
2026-09-02 07:51:39 OK port 18180 [quick] height=3075 peers=2 p2p=aligned aligned=True failed=
2026-09-02 07:51:39 OK port 18181 [quick] height=3075 peers=2 p2p=aligned aligned=True failed=
2026-09-02 07:51:39 OK port 18182 [quick] height=3075 peers=2 p2p=aligned aligned=True failed=
2026-09-02 07:51:39 OK mesh aligned 18180:h3075/p2 18181:h3075/p2 18182:h3075/p2
2026-09-02 07:56:40 OK port 18180 [quick] height=3094 peers=2 p2p=aligned aligned=True failed=
2026-09-02 07:56:40 OK port 18181 [quick] height=3094 peers=2 p2p=aligned aligned=True failed=
2026-09-02 07:56:40 OK port 18182 [quick] height=3094 peers=2 p2p=aligned aligned=True failed=
2026-09-02 07:56:40 OK mesh aligned 18180:h3094/p2 18181:h3094/p2 18182:h3094/p2
2026-09-02 08:01:41 OK port 18180 [quick] height=3113 peers=2 p2p=aligned aligned=True failed=
2026-09-02 08:01:41 OK port 18181 [quick] height=3113 peers=2 p2p=aligned aligned=True failed=
2026-09-02 08:01:41 OK port 18182 [quick] height=3113 peers=2 p2p=aligned aligned=True failed=
2026-09-02 08:01:41 OK mesh aligned 18180:h3113/p2 18181:h3113/p2 18182:h3113/p2
2026-09-02 08:06:42 OK port 18180 [quick] height=3131 peers=2 p2p=aligned aligned=True failed=
2026-09-02 08:06:42 OK port 18181 [quick] height=3131 peers=2 p2p=aligned aligned=True failed=
2026-09-02 08:06:42 OK port 18182 [quick] height=3131 peers=2 p2p=aligned aligned=True failed=
2026-09-02 08:06:42 OK mesh aligned 18180:h3131/p2 18181:h3131/p2 18182:h3131/p2
2026-09-02 08:11:43 OK port 18180 [quick] height=3150 peers=2 p2p=aligned aligned=True failed=
2026-09-02 08:11:43 OK port 18181 [quick] height=3150 peers=2 p2p=aligned aligned=True failed=
2026-09-02 08:11:43 OK port 18182 [quick] height=3150 peers=2 p2p=aligned aligned=True failed=
2026-09-02 08:11:43 OK mesh aligned 18180:h3150/p2 18181:h3150/p2 18182:h3150/p2
2026-09-02 08:16:44 OK port 18180 [full] height=3169 peers=2 p2p=aligned aligned=True failed=
2026-09-02 08:16:44 OK port 18181 [full] height=3169 peers=2 p2p=aligned aligned=True failed=
2026-09-02 08:16:44 OK port 18182 [full] height=3169 peers=2 p2p=aligned aligned=True failed=
2026-09-02 08:16:44 OK mesh aligned 18180:h3169/p2 18181:h3169/p2 18182:h3169/p2
2026-09-02 08:21:47 OK port 18180 [quick] height=3188 peers=2 p2p=inconsistent aligned=True failed=
2026-09-02 08:21:47 OK port 18181 [quick] height=3187 peers=2 p2p=aligned aligned=True failed=
2026-09-02 08:21:47 OK port 18182 [quick] height=3188 peers=2 p2p=inconsistent aligned=True failed=
2026-09-02 08:21:47 OK mesh aligned 18180:h3188/p2 18181:h3187/p2 18182:h3188/p2 transient_delta=1
2026-09-02 08:26:48 OK port 18180 [quick] height=3206 peers=2 p2p=aligned aligned=True failed=
2026-09-02 08:26:48 OK port 18181 [quick] height=3206 peers=2 p2p=aligned aligned=True failed=
2026-09-02 08:26:48 OK port 18182 [quick] height=3206 peers=2 p2p=aligned aligned=True failed=
2026-09-02 08:26:48 OK mesh aligned 18180:h3206/p2 18181:h3206/p2 18182:h3206/p2
2026-09-02 08:31:51 OK port 18180 [quick] height=3225 peers=2 p2p=inconsistent aligned=True failed=
2026-09-02 08:31:51 OK port 18181 [quick] height=3224 peers=2 p2p=inconsistent aligned=True failed=
2026-09-02 08:31:51 OK port 18182 [quick] height=3225 peers=2 p2p=inconsistent aligned=True failed=
2026-09-02 08:31:51 OK mesh aligned 18180:h3225/p2 18181:h3224/p2 18182:h3225/p2 transient_delta=1
2026-09-02 08:36:52 OK port 18180 [quick] height=3243 peers=2 p2p=aligned aligned=True failed=
2026-09-02 08:36:52 OK port 18181 [quick] height=3243 peers=2 p2p=aligned aligned=True failed=
2026-09-02 08:36:52 OK port 18182 [quick] height=3243 peers=2 p2p=aligned aligned=True failed=
2026-09-02 08:36:52 OK mesh aligned 18180:h3243/p2 18181:h3243/p2 18182:h3243/p2
2026-09-02 08:41:54 OK port 18180 [quick] height=3261 peers=2 p2p=aligned aligned=True failed=
2026-09-02 08:41:54 OK port 18181 [quick] height=3261 peers=2 p2p=aligned aligned=True failed=
2026-09-02 08:41:54 OK port 18182 [quick] height=3261 peers=2 p2p=aligned aligned=True failed=
2026-09-02 08:41:54 OK mesh aligned 18180:h3261/p2 18181:h3261/p2 18182:h3261/p2
2026-09-02 08:46:55 OK port 18180 [full] height=3280 peers=2 p2p=aligned aligned=True failed=
2026-09-02 08:46:55 OK port 18181 [full] height=3280 peers=2 p2p=aligned aligned=True failed=
2026-09-02 08:46:55 OK port 18182 [full] height=3280 peers=2 p2p=aligned aligned=True failed=
2026-09-02 08:46:55 OK mesh aligned 18180:h3280/p2 18181:h3280/p2 18182:h3280/p2
2026-09-02 08:51:56 OK port 18180 [quick] height=3298 peers=2 p2p=aligned aligned=True failed=
2026-09-02 08:51:56 OK port 18181 [quick] height=3298 peers=2 p2p=aligned aligned=True failed=
2026-09-02 08:51:56 OK port 18182 [quick] height=3298 peers=2 p2p=aligned aligned=True failed=
2026-09-02 08:51:56 OK mesh aligned 18180:h3298/p2 18181:h3298/p2 18182:h3298/p2
2026-09-02 08:56:57 OK port 18180 [quick] height=3317 peers=2 p2p=aligned aligned=True failed=
2026-09-02 08:56:57 OK port 18181 [quick] height=3317 peers=2 p2p=aligned aligned=True failed=
2026-09-02 08:56:57 OK port 18182 [quick] height=3317 peers=2 p2p=aligned aligned=True failed=
2026-09-02 08:56:57 OK mesh aligned 18180:h3317/p2 18181:h3317/p2 18182:h3317/p2
2026-09-02 09:01:58 OK port 18180 [quick] height=3335 peers=2 p2p=aligned aligned=True failed=
2026-09-02 09:01:58 OK port 18181 [quick] height=3335 peers=2 p2p=aligned aligned=True failed=
2026-09-02 09:01:58 OK port 18182 [quick] height=3335 peers=2 p2p=aligned aligned=True failed=
2026-09-02 09:01:58 OK mesh aligned 18180:h3335/p2 18181:h3335/p2 18182:h3335/p2
2026-09-02 09:06:59 OK port 18180 [quick] height=3353 peers=2 p2p=aligned aligned=True failed=
2026-09-02 09:06:59 OK port 18181 [quick] height=3353 peers=2 p2p=aligned aligned=True failed=
2026-09-02 09:06:59 OK port 18182 [quick] height=3353 peers=2 p2p=aligned aligned=True failed=
2026-09-02 09:06:59 OK mesh aligned 18180:h3353/p2 18181:h3353/p2 18182:h3353/p2
2026-09-02 09:12:01 OK port 18180 [quick] height=3372 peers=2 p2p=aligned aligned=True failed=
2026-09-02 09:12:01 OK port 18181 [quick] height=3372 peers=2 p2p=aligned aligned=True failed=
2026-09-02 09:12:01 OK port 18182 [quick] height=3372 peers=2 p2p=aligned aligned=True failed=
2026-09-02 09:12:01 OK mesh aligned 18180:h3372/p2 18181:h3372/p2 18182:h3372/p2
2026-09-02 09:17:02 OK port 18180 [full] height=3390 peers=2 p2p=aligned aligned=True failed=
2026-09-02 09:17:02 OK port 18181 [full] height=3390 peers=2 p2p=aligned aligned=True failed=
2026-09-02 09:17:02 OK port 18182 [full] height=3390 peers=2 p2p=aligned aligned=True failed=
2026-09-02 09:17:02 OK mesh aligned 18180:h3390/p2 18181:h3390/p2 18182:h3390/p2
2026-09-02 09:22:03 OK port 18180 [quick] height=3408 peers=2 p2p=aligned aligned=True failed=
2026-09-02 09:22:03 OK port 18181 [quick] height=3408 peers=2 p2p=aligned aligned=True failed=
2026-09-02 09:22:03 OK port 18182 [quick] height=3408 peers=2 p2p=aligned aligned=True failed=
2026-09-02 09:22:03 OK mesh aligned 18180:h3408/p2 18181:h3408/p2 18182:h3408/p2
2026-09-02 09:27:07 OK port 18180 [quick] height=3427 peers=2 p2p=inconsistent aligned=True failed=
2026-09-02 09:27:07 OK port 18181 [quick] height=3426 peers=2 p2p=aligned aligned=True failed=
2026-09-02 09:27:07 OK port 18182 [quick] height=3426 peers=2 p2p=aligned aligned=True failed=
2026-09-02 09:27:07 OK mesh aligned 18180:h3427/p2 18181:h3426/p2 18182:h3426/p2 transient_delta=1
2026-09-02 09:32:08 OK port 18180 [quick] height=3445 peers=2 p2p=aligned aligned=True failed=
2026-09-02 09:32:08 OK port 18181 [quick] height=3445 peers=2 p2p=aligned aligned=True failed=
2026-09-02 09:32:08 OK port 18182 [quick] height=3445 peers=2 p2p=aligned aligned=True failed=
2026-09-02 09:32:08 OK mesh aligned 18180:h3445/p2 18181:h3445/p2 18182:h3445/p2
2026-09-02 09:37:09 OK port 18180 [quick] height=3463 peers=2 p2p=aligned aligned=True failed=
2026-09-02 09:37:09 OK port 18181 [quick] height=3463 peers=2 p2p=aligned aligned=True failed=
2026-09-02 09:37:09 OK port 18182 [quick] height=3463 peers=2 p2p=aligned aligned=True failed=
2026-09-02 09:37:09 OK mesh aligned 18180:h3463/p2 18181:h3463/p2 18182:h3463/p2
2026-09-02 09:42:10 OK port 18180 [quick] height=3481 peers=2 p2p=aligned aligned=True failed=
2026-09-02 09:42:10 OK port 18181 [quick] height=3481 peers=2 p2p=aligned aligned=True failed=
2026-09-02 09:42:10 OK port 18182 [quick] height=3481 peers=2 p2p=aligned aligned=True failed=
2026-09-02 09:42:10 OK mesh aligned 18180:h3481/p2 18181:h3481/p2 18182:h3481/p2
2026-09-02 09:47:12 OK port 18180 [full] height=3500 peers=2 p2p=inconsistent aligned=True failed=
2026-09-02 09:47:12 OK port 18181 [full] height=3500 peers=2 p2p=aligned aligned=True failed=
2026-09-02 09:47:12 OK port 18182 [full] height=3500 peers=2 p2p=aligned aligned=True failed=
2026-09-02 09:47:12 OK mesh aligned 18180:h3500/p2 18181:h3500/p2 18182:h3500/p2
2026-09-02 09:52:15 OK port 18180 [quick] height=3518 peers=2 p2p=aligned aligned=True failed=
2026-09-02 09:52:15 OK port 18181 [quick] height=3518 peers=2 p2p=aligned aligned=True failed=
2026-09-02 09:52:15 OK port 18182 [quick] height=3518 peers=2 p2p=aligned aligned=True failed=
2026-09-02 09:52:15 OK mesh aligned 18180:h3518/p2 18181:h3518/p2 18182:h3518/p2
2026-09-02 09:57:16 OK port 18180 [quick] height=3536 peers=2 p2p=aligned aligned=True failed=
2026-09-02 09:57:16 OK port 18181 [quick] height=3536 peers=2 p2p=aligned aligned=True failed=
2026-09-02 09:57:16 OK port 18182 [quick] height=3536 peers=2 p2p=aligned aligned=True failed=
2026-09-02 09:57:16 OK mesh aligned 18180:h3536/p2 18181:h3536/p2 18182:h3536/p2
2026-09-02 10:02:18 OK port 18180 [quick] height=3554 peers=2 p2p=aligned aligned=True failed=
2026-09-02 10:02:18 OK port 18181 [quick] height=3554 peers=2 p2p=aligned aligned=True failed=
2026-09-02 10:02:18 OK port 18182 [quick] height=3554 peers=2 p2p=aligned aligned=True failed=
2026-09-02 10:02:18 OK mesh aligned 18180:h3554/p2 18181:h3554/p2 18182:h3554/p2
2026-09-02 10:07:19 OK port 18180 [quick] height=3572 peers=2 p2p=aligned aligned=True failed=
2026-09-02 10:07:19 OK port 18181 [quick] height=3572 peers=2 p2p=aligned aligned=True failed=
2026-09-02 10:07:19 OK port 18182 [quick] height=3572 peers=2 p2p=aligned aligned=True failed=
2026-09-02 10:07:19 OK mesh aligned 18180:h3572/p2 18181:h3572/p2 18182:h3572/p2
2026-09-02 10:12:24 OK port 18180 [quick] height=3590 peers=2 p2p=aligned aligned=True failed=
2026-09-02 10:12:24 OK port 18181 [quick] height=3590 peers=2 p2p=aligned aligned=True failed=
2026-09-02 10:12:24 OK port 18182 [quick] height=3590 peers=2 p2p=aligned aligned=True failed=
2026-09-02 10:12:24 OK mesh aligned 18180:h3590/p2 18181:h3590/p2 18182:h3590/p2
2026-09-02 10:17:26 OK port 18180 [full] height=3609 peers=2 p2p=aligned aligned=True failed=
2026-09-02 10:17:26 OK port 18181 [full] height=3609 peers=2 p2p=aligned aligned=True failed=
2026-09-02 10:17:26 OK port 18182 [full] height=3609 peers=2 p2p=aligned aligned=True failed=
2026-09-02 10:17:26 OK mesh aligned 18180:h3609/p2 18181:h3609/p2 18182:h3609/p2
2026-09-02 10:22:27 OK port 18180 [quick] height=3627 peers=2 p2p=aligned aligned=True failed=
2026-09-02 10:22:27 OK port 18181 [quick] height=3627 peers=2 p2p=aligned aligned=True failed=
2026-09-02 10:22:27 OK port 18182 [quick] height=3627 peers=2 p2p=aligned aligned=True failed=
2026-09-02 10:22:27 OK mesh aligned 18180:h3627/p2 18181:h3627/p2 18182:h3627/p2
2026-09-02 10:27:28 OK port 18180 [quick] height=3645 peers=2 p2p=aligned aligned=True failed=
2026-09-02 10:27:28 OK port 18181 [quick] height=3645 peers=2 p2p=aligned aligned=True failed=
2026-09-02 10:27:28 OK port 18182 [quick] height=3645 peers=2 p2p=aligned aligned=True failed=
2026-09-02 10:27:28 OK mesh aligned 18180:h3645/p2 18181:h3645/p2 18182:h3645/p2
2026-09-02 10:32:29 OK port 18180 [quick] height=3663 peers=2 p2p=aligned aligned=True failed=
2026-09-02 10:32:29 OK port 18181 [quick] height=3663 peers=2 p2p=aligned aligned=True failed=
2026-09-02 10:32:29 OK port 18182 [quick] height=3663 peers=2 p2p=aligned aligned=True failed=
2026-09-02 10:32:29 OK mesh aligned 18180:h3663/p2 18181:h3663/p2 18182:h3663/p2
2026-09-02 10:37:30 OK port 18180 [quick] height=3681 peers=2 p2p=aligned aligned=True failed=
2026-09-02 10:37:30 OK port 18181 [quick] height=3681 peers=2 p2p=aligned aligned=True failed=
2026-09-02 10:37:30 OK port 18182 [quick] height=3681 peers=2 p2p=aligned aligned=True failed=
2026-09-02 10:37:30 OK mesh aligned 18180:h3681/p2 18181:h3681/p2 18182:h3681/p2
2026-09-02 10:42:31 OK port 18180 [quick] height=3699 peers=2 p2p=aligned aligned=True failed=
2026-09-02 10:42:31 OK port 18181 [quick] height=3699 peers=2 p2p=aligned aligned=True failed=
2026-09-02 10:42:31 OK port 18182 [quick] height=3699 peers=2 p2p=aligned aligned=True failed=
2026-09-02 10:42:31 OK mesh aligned 18180:h3699/p2 18181:h3699/p2 18182:h3699/p2
2026-09-02 10:47:32 OK port 18180 [full] height=3717 peers=2 p2p=aligned aligned=True failed=
2026-09-02 10:47:32 OK port 18181 [full] height=3717 peers=2 p2p=aligned aligned=True failed=
2026-09-02 10:47:32 OK port 18182 [full] height=3717 peers=2 p2p=aligned aligned=True failed=
2026-09-02 10:47:32 OK mesh aligned 18180:h3717/p2 18181:h3717/p2 18182:h3717/p2
2026-09-02 10:52:34 OK port 18180 [quick] height=3735 peers=2 p2p=aligned aligned=True failed=
2026-09-02 10:52:34 OK port 18181 [quick] height=3735 peers=2 p2p=aligned aligned=True failed=
2026-09-02 10:52:34 OK port 18182 [quick] height=3735 peers=2 p2p=aligned aligned=True failed=
2026-09-02 10:52:34 OK mesh aligned 18180:h3735/p2 18181:h3735/p2 18182:h3735/p2
2026-09-02 10:57:35 OK port 18180 [quick] height=3753 peers=2 p2p=aligned aligned=True failed=
2026-09-02 10:57:35 OK port 18181 [quick] height=3753 peers=2 p2p=aligned aligned=True failed=
2026-09-02 10:57:35 OK port 18182 [quick] height=3753 peers=2 p2p=aligned aligned=True failed=
2026-09-02 10:57:35 OK mesh aligned 18180:h3753/p2 18181:h3753/p2 18182:h3753/p2
2026-09-02 11:02:37 OK port 18180 [quick] height=3771 peers=2 p2p=aligned aligned=True failed=
2026-09-02 11:02:37 OK port 18181 [quick] height=3771 peers=2 p2p=aligned aligned=True failed=
2026-09-02 11:02:37 OK port 18182 [quick] height=3771 peers=2 p2p=aligned aligned=True failed=
2026-09-02 11:02:37 OK mesh aligned 18180:h3771/p2 18181:h3771/p2 18182:h3771/p2
2026-09-02 11:07:40 OK port 18180 [quick] height=3789 peers=2 p2p=aligned aligned=True failed=
2026-09-02 11:07:40 OK port 18181 [quick] height=3789 peers=2 p2p=aligned aligned=True failed=
2026-09-02 11:07:40 OK port 18182 [quick] height=3789 peers=2 p2p=aligned aligned=True failed=
2026-09-02 11:07:40 OK mesh aligned 18180:h3789/p2 18181:h3789/p2 18182:h3789/p2
2026-09-02 11:12:43 OK port 18180 [quick] height=3807 peers=2 p2p=inconsistent aligned=True failed=
2026-09-02 11:12:43 OK port 18181 [quick] height=3807 peers=2 p2p=aligned aligned=True failed=
2026-09-02 11:12:43 OK port 18182 [quick] height=3807 peers=2 p2p=aligned aligned=True failed=
2026-09-02 11:12:43 OK mesh aligned 18180:h3807/p2 18181:h3807/p2 18182:h3807/p2
2026-09-02 11:17:44 OK port 18180 [full] height=3824 peers=2 p2p=aligned aligned=True failed=
2026-09-02 11:17:44 OK port 18181 [full] height=3824 peers=2 p2p=aligned aligned=True failed=
2026-09-02 11:17:44 OK port 18182 [full] height=3824 peers=2 p2p=aligned aligned=True failed=
2026-09-02 11:17:44 OK mesh aligned 18180:h3824/p2 18181:h3824/p2 18182:h3824/p2
2026-09-02 11:22:50 OK port 18180 [quick] height=3842 peers=2 p2p=aligned aligned=True failed=
2026-09-02 11:22:50 OK port 18181 [quick] height=3842 peers=2 p2p=aligned aligned=True failed=
2026-09-02 11:22:50 OK port 18182 [quick] height=3842 peers=2 p2p=aligned aligned=True failed=
2026-09-02 11:22:50 OK mesh aligned 18180:h3842/p2 18181:h3842/p2 18182:h3842/p2
2026-09-02 11:27:56 OK port 18180 [quick] height=3861 peers=2 p2p=inconsistent aligned=True failed=
2026-09-02 11:27:56 OK port 18181 [quick] height=3860 peers=2 p2p=aligned aligned=True failed=
2026-09-02 11:27:56 OK port 18182 [quick] height=3860 peers=2 p2p=aligned aligned=True failed=
2026-09-02 11:27:56 OK mesh aligned 18180:h3861/p2 18181:h3860/p2 18182:h3860/p2 transient_delta=1
2026-09-02 11:32:58 OK port 18180 [quick] height=3879 peers=2 p2p=aligned aligned=True failed=
2026-09-02 11:32:58 OK port 18181 [quick] height=3879 peers=2 p2p=inconsistent aligned=True failed=
2026-09-02 11:32:58 OK port 18182 [quick] height=3879 peers=2 p2p=aligned aligned=True failed=
2026-09-02 11:32:58 OK mesh aligned 18180:h3879/p2 18181:h3879/p2 18182:h3879/p2
2026-09-02 11:38:04 OK port 18180 [quick] height=3896 peers=2 p2p=aligned aligned=True failed=
2026-09-02 11:38:04 OK port 18181 [quick] height=3896 peers=2 p2p=aligned aligned=True failed=
2026-09-02 11:38:04 OK port 18182 [quick] height=3896 peers=2 p2p=aligned aligned=True failed=
2026-09-02 11:38:04 OK mesh aligned 18180:h3896/p2 18181:h3896/p2 18182:h3896/p2
2026-09-02 11:43:10 OK port 18180 [quick] height=3914 peers=2 p2p=aligned aligned=True failed=
2026-09-02 11:43:10 OK port 18181 [quick] height=3914 peers=2 p2p=aligned aligned=True failed=
2026-09-02 11:43:10 OK port 18182 [quick] height=3914 peers=2 p2p=aligned aligned=True failed=
2026-09-02 11:43:10 OK mesh aligned 18180:h3914/p2 18181:h3914/p2 18182:h3914/p2
2026-09-02 11:48:17 OK port 18180 [full] height=3932 peers=2 p2p=aligned aligned=True failed=
2026-09-02 11:48:17 OK port 18181 [full] height=3932 peers=2 p2p=aligned aligned=True failed=
2026-09-02 11:48:17 OK port 18182 [full] height=3932 peers=2 p2p=aligned aligned=True failed=
2026-09-02 11:48:17 OK mesh aligned 18180:h3932/p2 18181:h3932/p2 18182:h3932/p2
2026-09-02 11:53:24 OK port 18180 [quick] height=3950 peers=2 p2p=aligned aligned=True failed=
2026-09-02 11:53:24 OK port 18181 [quick] height=3950 peers=2 p2p=aligned aligned=True failed=
2026-09-02 11:53:24 OK port 18182 [quick] height=3950 peers=2 p2p=aligned aligned=True failed=
2026-09-02 11:53:24 OK mesh aligned 18180:h3950/p2 18181:h3950/p2 18182:h3950/p2
2026-09-02 11:58:30 OK port 18180 [quick] height=3968 peers=2 p2p=aligned aligned=True failed=
2026-09-02 11:58:30 OK port 18181 [quick] height=3968 peers=2 p2p=aligned aligned=True failed=
2026-09-02 11:58:30 OK port 18182 [quick] height=3968 peers=2 p2p=aligned aligned=True failed=
2026-09-02 11:58:30 OK mesh aligned 18180:h3968/p2 18181:h3968/p2 18182:h3968/p2
2026-09-02 12:03:34 OK port 18180 [quick] height=3986 peers=2 p2p=aligned aligned=True failed=
2026-09-02 12:03:34 OK port 18181 [quick] height=3986 peers=2 p2p=aligned aligned=True failed=
2026-09-02 12:03:34 OK port 18182 [quick] height=3986 peers=2 p2p=aligned aligned=True failed=
2026-09-02 12:03:34 OK mesh aligned 18180:h3986/p2 18181:h3986/p2 18182:h3986/p2
2026-09-02 12:08:35 OK port 18180 [quick] height=4004 peers=2 p2p=aligned aligned=True failed=
2026-09-02 12:08:35 OK port 18181 [quick] height=4004 peers=2 p2p=aligned aligned=True failed=
2026-09-02 12:08:35 OK port 18182 [quick] height=4004 peers=2 p2p=aligned aligned=True failed=
2026-09-02 12:08:35 OK mesh aligned 18180:h4004/p2 18181:h4004/p2 18182:h4004/p2
2026-09-02 12:13:39 OK port 18180 [quick] height=4022 peers=2 p2p=aligned aligned=True failed=
2026-09-02 12:13:39 OK port 18181 [quick] height=4022 peers=2 p2p=aligned aligned=True failed=
2026-09-02 12:13:39 OK port 18182 [quick] height=4022 peers=2 p2p=aligned aligned=True failed=
2026-09-02 12:13:39 OK mesh aligned 18180:h4022/p2 18181:h4022/p2 18182:h4022/p2
2026-09-02 12:18:45 OK port 18180 [full] height=4040 peers=2 p2p=aligned aligned=True failed=
2026-09-02 12:18:45 OK port 18181 [full] height=4040 peers=2 p2p=aligned aligned=True failed=
2026-09-02 12:18:45 OK port 18182 [full] height=4040 peers=2 p2p=aligned aligned=True failed=
2026-09-02 12:18:45 OK mesh aligned 18180:h4040/p2 18181:h4040/p2 18182:h4040/p2
2026-09-02 12:23:49 OK port 18180 [quick] height=4058 peers=2 p2p=aligned aligned=True failed=
2026-09-02 12:23:49 OK port 18181 [quick] height=4057 peers=2 p2p=aligned aligned=True failed=
2026-09-02 12:23:49 OK port 18182 [quick] height=4057 peers=2 p2p=inconsistent aligned=True failed=
2026-09-02 12:23:49 OK mesh aligned 18180:h4058/p2 18181:h4057/p2 18182:h4057/p2 transient_delta=1
2026-09-02 12:28:50 OK port 18180 [quick] height=4075 peers=2 p2p=aligned aligned=True failed=
2026-09-02 12:28:50 OK port 18181 [quick] height=4075 peers=2 p2p=aligned aligned=True failed=
2026-09-02 12:28:50 OK port 18182 [quick] height=4075 peers=2 p2p=aligned aligned=True failed=
2026-09-02 12:28:50 OK mesh aligned 18180:h4075/p2 18181:h4075/p2 18182:h4075/p2
2026-09-02 12:33:51 OK port 18180 [quick] height=4093 peers=2 p2p=aligned aligned=True failed=
2026-09-02 12:33:51 OK port 18181 [quick] height=4093 peers=2 p2p=aligned aligned=True failed=
2026-09-02 12:33:51 OK port 18182 [quick] height=4093 peers=2 p2p=aligned aligned=True failed=
2026-09-02 12:33:51 OK mesh aligned 18180:h4093/p2 18181:h4093/p2 18182:h4093/p2
2026-09-02 12:38:57 OK port 18180 [quick] height=4110 peers=2 p2p=aligned aligned=True failed=
2026-09-02 12:38:57 OK port 18181 [quick] height=4110 peers=2 p2p=aligned aligned=True failed=
2026-09-02 12:38:57 OK port 18182 [quick] height=4110 peers=2 p2p=aligned aligned=True failed=
2026-09-02 12:38:57 OK mesh aligned 18180:h4110/p2 18181:h4110/p2 18182:h4110/p2
2026-09-02 12:43:59 OK port 18180 [quick] height=4128 peers=2 p2p=aligned aligned=True failed=
2026-09-02 12:43:59 OK port 18181 [quick] height=4128 peers=2 p2p=aligned aligned=True failed=
2026-09-02 12:43:59 OK port 18182 [quick] height=4128 peers=2 p2p=aligned aligned=True failed=
2026-09-02 12:43:59 OK mesh aligned 18180:h4128/p2 18181:h4128/p2 18182:h4128/p2
2026-09-02 12:49:03 OK port 18180 [full] height=4146 peers=2 p2p=aligned aligned=True failed=
2026-09-02 12:49:03 OK port 18181 [full] height=4146 peers=2 p2p=aligned aligned=True failed=
2026-09-02 12:49:03 OK port 18182 [full] height=4146 peers=2 p2p=aligned aligned=True failed=
2026-09-02 12:49:03 OK mesh aligned 18180:h4146/p2 18181:h4146/p2 18182:h4146/p2
2026-09-02 12:54:04 OK port 18180 [quick] height=4163 peers=2 p2p=aligned aligned=True failed=
2026-09-02 12:54:04 OK port 18181 [quick] height=4163 peers=2 p2p=aligned aligned=True failed=
2026-09-02 12:54:04 OK port 18182 [quick] height=4163 peers=2 p2p=aligned aligned=True failed=
2026-09-02 12:54:04 OK mesh aligned 18180:h4163/p2 18181:h4163/p2 18182:h4163/p2
2026-09-02 12:59:05 OK port 18180 [quick] height=4181 peers=2 p2p=aligned aligned=True failed=
2026-09-02 12:59:05 OK port 18181 [quick] height=4181 peers=2 p2p=aligned aligned=True failed=
2026-09-02 12:59:05 OK port 18182 [quick] height=4181 peers=2 p2p=aligned aligned=True failed=
2026-09-02 12:59:05 OK mesh aligned 18180:h4181/p2 18181:h4181/p2 18182:h4181/p2
2026-09-02 13:04:12 OK port 18180 [quick] height=4198 peers=2 p2p=aligned aligned=True failed=
2026-09-02 13:04:12 OK port 18181 [quick] height=4198 peers=2 p2p=aligned aligned=True failed=
2026-09-02 13:04:12 OK port 18182 [quick] height=4198 peers=2 p2p=aligned aligned=True failed=
2026-09-02 13:04:12 OK mesh aligned 18180:h4198/p2 18181:h4198/p2 18182:h4198/p2
2026-09-02 13:09:13 OK port 18180 [quick] height=4216 peers=2 p2p=aligned aligned=True failed=
2026-09-02 13:09:13 OK port 18181 [quick] height=4216 peers=2 p2p=aligned aligned=True failed=
2026-09-02 13:09:13 OK port 18182 [quick] height=4216 peers=2 p2p=aligned aligned=True failed=
2026-09-02 13:09:13 OK mesh aligned 18180:h4216/p2 18181:h4216/p2 18182:h4216/p2
2026-09-02 13:14:16 OK port 18180 [quick] height=4233 peers=2 p2p=aligned aligned=True failed=
2026-09-02 13:14:16 OK port 18181 [quick] height=4233 peers=2 p2p=aligned aligned=True failed=
2026-09-02 13:14:16 OK port 18182 [quick] height=4233 peers=2 p2p=aligned aligned=True failed=
2026-09-02 13:14:16 OK mesh aligned 18180:h4233/p2 18181:h4233/p2 18182:h4233/p2
2026-09-02 13:19:17 OK port 18180 [full] height=4251 peers=2 p2p=aligned aligned=True failed=
2026-09-02 13:19:17 OK port 18181 [full] height=4251 peers=2 p2p=aligned aligned=True failed=
2026-09-02 13:19:17 OK port 18182 [full] height=4251 peers=2 p2p=aligned aligned=True failed=
2026-09-02 13:19:17 OK mesh aligned 18180:h4251/p2 18181:h4251/p2 18182:h4251/p2
2026-09-02 13:24:25 OK port 18180 [quick] height=4268 peers=2 p2p=aligned aligned=True failed=
2026-09-02 13:24:25 OK port 18181 [quick] height=4268 peers=2 p2p=aligned aligned=True failed=
2026-09-02 13:24:25 OK port 18182 [quick] height=4268 peers=2 p2p=aligned aligned=True failed=
2026-09-02 13:24:25 OK mesh aligned 18180:h4268/p2 18181:h4268/p2 18182:h4268/p2
2026-09-02 13:29:26 OK port 18180 [quick] height=4286 peers=2 p2p=aligned aligned=True failed=
2026-09-02 13:29:26 OK port 18181 [quick] height=4286 peers=2 p2p=aligned aligned=True failed=
2026-09-02 13:29:26 OK port 18182 [quick] height=4286 peers=2 p2p=aligned aligned=True failed=
2026-09-02 13:29:26 OK mesh aligned 18180:h4286/p2 18181:h4286/p2 18182:h4286/p2
2026-09-02 13:34:27 OK port 18180 [quick] height=4303 peers=2 p2p=aligned aligned=True failed=
2026-09-02 13:34:27 OK port 18181 [quick] height=4303 peers=2 p2p=aligned aligned=True failed=
2026-09-02 13:34:27 OK port 18182 [quick] height=4303 peers=2 p2p=aligned aligned=True failed=
2026-09-02 13:34:27 OK mesh aligned 18180:h4303/p2 18181:h4303/p2 18182:h4303/p2
2026-09-02 13:39:29 OK port 18180 [quick] height=4321 peers=2 p2p=aligned aligned=True failed=
2026-09-02 13:39:29 OK port 18181 [quick] height=4321 peers=2 p2p=aligned aligned=True failed=
2026-09-02 13:39:29 OK port 18182 [quick] height=4321 peers=2 p2p=aligned aligned=True failed=
2026-09-02 13:39:29 OK mesh aligned 18180:h4321/p2 18181:h4321/p2 18182:h4321/p2
2026-09-02 13:44:30 OK port 18180 [quick] height=4338 peers=2 p2p=aligned aligned=True failed=
2026-09-02 13:44:30 OK port 18181 [quick] height=4338 peers=2 p2p=aligned aligned=True failed=
2026-09-02 13:44:30 OK port 18182 [quick] height=4338 peers=2 p2p=aligned aligned=True failed=
2026-09-02 13:44:30 OK mesh aligned 18180:h4338/p2 18181:h4338/p2 18182:h4338/p2
2026-09-02 13:49:31 OK port 18180 [full] height=4355 peers=2 p2p=aligned aligned=True failed=
2026-09-02 13:49:31 OK port 18181 [full] height=4355 peers=2 p2p=aligned aligned=True failed=
2026-09-02 13:49:31 OK port 18182 [full] height=4355 peers=2 p2p=aligned aligned=True failed=
2026-09-02 13:49:31 OK mesh aligned 18180:h4355/p2 18181:h4355/p2 18182:h4355/p2
2026-09-02 13:54:35 OK port 18180 [quick] height=4372 peers=2 p2p=aligned aligned=True failed=
2026-09-02 13:54:35 OK port 18181 [quick] height=4372 peers=2 p2p=aligned aligned=True failed=
2026-09-02 13:54:35 OK port 18182 [quick] height=4372 peers=2 p2p=aligned aligned=True failed=
2026-09-02 13:54:35 OK mesh aligned 18180:h4372/p2 18181:h4372/p2 18182:h4372/p2
2026-09-02 13:59:37 OK port 18180 [quick] height=4390 peers=2 p2p=aligned aligned=True failed=
2026-09-02 13:59:37 OK port 18181 [quick] height=4390 peers=2 p2p=aligned aligned=True failed=
2026-09-02 13:59:37 OK port 18182 [quick] height=4390 peers=2 p2p=aligned aligned=True failed=
2026-09-02 13:59:37 OK mesh aligned 18180:h4390/p2 18181:h4390/p2 18182:h4390/p2
2026-09-02 14:04:38 OK port 18180 [quick] height=4407 peers=2 p2p=aligned aligned=True failed=
2026-09-02 14:04:38 OK port 18181 [quick] height=4407 peers=2 p2p=aligned aligned=True failed=
2026-09-02 14:04:38 OK port 18182 [quick] height=4407 peers=2 p2p=aligned aligned=True failed=
2026-09-02 14:04:38 OK mesh aligned 18180:h4407/p2 18181:h4407/p2 18182:h4407/p2
2026-09-02 14:09:44 OK port 18180 [quick] height=4424 peers=2 p2p=aligned aligned=True failed=
2026-09-02 14:09:44 OK port 18181 [quick] height=4424 peers=2 p2p=aligned aligned=True failed=
2026-09-02 14:09:44 OK port 18182 [quick] height=4424 peers=2 p2p=aligned aligned=True failed=
2026-09-02 14:09:44 OK mesh aligned 18180:h4424/p2 18181:h4424/p2 18182:h4424/p2
2026-09-02 14:14:50 OK port 18180 [quick] height=4442 peers=2 p2p=aligned aligned=True failed=
2026-09-02 14:14:50 OK port 18181 [quick] height=4442 peers=2 p2p=aligned aligned=True failed=
2026-09-02 14:14:50 OK port 18182 [quick] height=4442 peers=2 p2p=aligned aligned=True failed=
2026-09-02 14:14:50 OK mesh aligned 18180:h4442/p2 18181:h4442/p2 18182:h4442/p2
2026-09-02 14:19:51 OK port 18180 [full] height=4459 peers=2 p2p=aligned aligned=True failed=
2026-09-02 14:19:51 OK port 18181 [full] height=4459 peers=2 p2p=aligned aligned=True failed=
2026-09-02 14:19:51 OK port 18182 [full] height=4459 peers=2 p2p=aligned aligned=True failed=
2026-09-02 14:19:51 OK mesh aligned 18180:h4459/p2 18181:h4459/p2 18182:h4459/p2
2026-09-02 14:24:52 OK port 18180 [quick] height=4476 peers=2 p2p=aligned aligned=True failed=
2026-09-02 14:24:52 OK port 18181 [quick] height=4476 peers=2 p2p=aligned aligned=True failed=
2026-09-02 14:24:52 OK port 18182 [quick] height=4476 peers=2 p2p=aligned aligned=True failed=
2026-09-02 14:24:52 OK mesh aligned 18180:h4476/p2 18181:h4476/p2 18182:h4476/p2
2026-09-02 14:29:53 OK port 18180 [quick] height=4493 peers=2 p2p=aligned aligned=True failed=
2026-09-02 14:29:53 OK port 18181 [quick] height=4493 peers=2 p2p=aligned aligned=True failed=
2026-09-02 14:29:53 OK port 18182 [quick] height=4493 peers=2 p2p=aligned aligned=True failed=
2026-09-02 14:29:53 OK mesh aligned 18180:h4493/p2 18181:h4493/p2 18182:h4493/p2
2026-09-02 14:34:54 OK port 18180 [quick] height=4510 peers=2 p2p=aligned aligned=True failed=
2026-09-02 14:34:54 OK port 18181 [quick] height=4510 peers=2 p2p=aligned aligned=True failed=
2026-09-02 14:34:54 OK port 18182 [quick] height=4510 peers=2 p2p=aligned aligned=True failed=
2026-09-02 14:34:54 OK mesh aligned 18180:h4510/p2 18181:h4510/p2 18182:h4510/p2
2026-09-02 14:39:55 OK port 18180 [quick] height=4527 peers=2 p2p=aligned aligned=True failed=
2026-09-02 14:39:55 OK port 18181 [quick] height=4527 peers=2 p2p=aligned aligned=True failed=
2026-09-02 14:39:55 OK port 18182 [quick] height=4527 peers=2 p2p=aligned aligned=True failed=
2026-09-02 14:39:55 OK mesh aligned 18180:h4527/p2 18181:h4527/p2 18182:h4527/p2
2026-09-02 14:45:03 OK port 18180 [quick] height=4544 peers=2 p2p=aligned aligned=True failed=
2026-09-02 14:45:03 OK port 18181 [quick] height=4544 peers=2 p2p=aligned aligned=True failed=
2026-09-02 14:45:03 OK port 18182 [quick] height=4544 peers=2 p2p=aligned aligned=True failed=
2026-09-02 14:45:03 OK mesh aligned 18180:h4544/p2 18181:h4544/p2 18182:h4544/p2
2026-09-02 14:50:08 OK port 18180 [full] height=4562 peers=2 p2p=aligned aligned=True failed=
2026-09-02 14:50:08 OK port 18181 [full] height=4562 peers=2 p2p=aligned aligned=True failed=
2026-09-02 14:50:08 OK port 18182 [full] height=4562 peers=2 p2p=aligned aligned=True failed=
2026-09-02 14:50:08 OK mesh aligned 18180:h4562/p2 18181:h4562/p2 18182:h4562/p2
2026-09-02 14:55:09 OK port 18180 [quick] height=4579 peers=2 p2p=aligned aligned=True failed=
2026-09-02 14:55:09 OK port 18181 [quick] height=4579 peers=2 p2p=aligned aligned=True failed=
2026-09-02 14:55:09 OK port 18182 [quick] height=4579 peers=2 p2p=aligned aligned=True failed=
2026-09-02 14:55:09 OK mesh aligned 18180:h4579/p2 18181:h4579/p2 18182:h4579/p2
2026-09-02 15:00:12 OK port 18180 [quick] height=4596 peers=2 p2p=aligned aligned=True failed=
2026-09-02 15:00:12 OK port 18181 [quick] height=4596 peers=2 p2p=aligned aligned=True failed=
2026-09-02 15:00:12 OK port 18182 [quick] height=4596 peers=2 p2p=aligned aligned=True failed=
2026-09-02 15:00:12 OK mesh aligned 18180:h4596/p2 18181:h4596/p2 18182:h4596/p2
2026-09-02 15:05:13 OK port 18180 [quick] height=4613 peers=2 p2p=aligned aligned=True failed=
2026-09-02 15:05:13 OK port 18181 [quick] height=4613 peers=2 p2p=aligned aligned=True failed=
2026-09-02 15:05:13 OK port 18182 [quick] height=4613 peers=2 p2p=aligned aligned=True failed=
2026-09-02 15:05:13 OK mesh aligned 18180:h4613/p2 18181:h4613/p2 18182:h4613/p2
2026-09-02 15:10:17 OK port 18180 [quick] height=4630 peers=2 p2p=aligned aligned=True failed=
2026-09-02 15:10:17 OK port 18181 [quick] height=4630 peers=2 p2p=aligned aligned=True failed=
2026-09-02 15:10:17 OK port 18182 [quick] height=4630 peers=2 p2p=aligned aligned=True failed=
2026-09-02 15:10:17 OK mesh aligned 18180:h4630/p2 18181:h4630/p2 18182:h4630/p2
2026-09-02 15:15:18 OK port 18180 [quick] height=4647 peers=2 p2p=aligned aligned=True failed=
2026-09-02 15:15:18 OK port 18181 [quick] height=4647 peers=2 p2p=aligned aligned=True failed=
2026-09-02 15:15:18 OK port 18182 [quick] height=4647 peers=2 p2p=aligned aligned=True failed=
2026-09-02 15:15:18 OK mesh aligned 18180:h4647/p2 18181:h4647/p2 18182:h4647/p2
2026-09-02 15:20:23 OK port 18180 [full] height=4664 peers=2 p2p=aligned aligned=True failed=
2026-09-02 15:20:23 OK port 18181 [full] height=4664 peers=2 p2p=aligned aligned=True failed=
2026-09-02 15:20:23 OK port 18182 [full] height=4664 peers=2 p2p=aligned aligned=True failed=
2026-09-02 15:20:23 OK mesh aligned 18180:h4664/p2 18181:h4664/p2 18182:h4664/p2
2026-09-02 15:25:24 OK port 18180 [quick] height=4681 peers=2 p2p=aligned aligned=True failed=
2026-09-02 15:25:24 OK port 18181 [quick] height=4681 peers=2 p2p=aligned aligned=True failed=
2026-09-02 15:25:24 OK port 18182 [quick] height=4681 peers=2 p2p=aligned aligned=True failed=
2026-09-02 15:25:24 OK mesh aligned 18180:h4681/p2 18181:h4681/p2 18182:h4681/p2
2026-09-02 15:30:30 OK port 18180 [quick] height=4698 peers=2 p2p=aligned aligned=True failed=
2026-09-02 15:30:30 OK port 18181 [quick] height=4698 peers=2 p2p=aligned aligned=True failed=
2026-09-02 15:30:30 OK port 18182 [quick] height=4698 peers=2 p2p=aligned aligned=True failed=
2026-09-02 15:30:30 OK mesh aligned 18180:h4698/p2 18181:h4698/p2 18182:h4698/p2
2026-09-02 15:35:31 OK port 18180 [quick] height=4715 peers=2 p2p=aligned aligned=True failed=
2026-09-02 15:35:31 OK port 18181 [quick] height=4715 peers=2 p2p=aligned aligned=True failed=
2026-09-02 15:35:31 OK port 18182 [quick] height=4715 peers=2 p2p=aligned aligned=True failed=
2026-09-02 15:35:31 OK mesh aligned 18180:h4715/p2 18181:h4715/p2 18182:h4715/p2
2026-09-02 15:40:39 OK port 18180 [quick] height=4732 peers=2 p2p=aligned aligned=True failed=
2026-09-02 15:40:39 OK port 18181 [quick] height=4732 peers=2 p2p=aligned aligned=True failed=
2026-09-02 15:40:39 OK port 18182 [quick] height=4732 peers=2 p2p=aligned aligned=True failed=
2026-09-02 15:40:39 OK mesh aligned 18180:h4732/p2 18181:h4732/p2 18182:h4732/p2
2026-09-02 15:45:40 OK port 18180 [quick] height=4749 peers=2 p2p=aligned aligned=True failed=
2026-09-02 15:45:40 OK port 18181 [quick] height=4749 peers=2 p2p=aligned aligned=True failed=
2026-09-02 15:45:40 OK port 18182 [quick] height=4749 peers=2 p2p=aligned aligned=True failed=
2026-09-02 15:45:40 OK mesh aligned 18180:h4749/p2 18181:h4749/p2 18182:h4749/p2
2026-09-02 15:50:42 OK port 18180 [full] height=4766 peers=2 p2p=aligned aligned=True failed=
2026-09-02 15:50:42 OK port 18181 [full] height=4766 peers=2 p2p=aligned aligned=True failed=
2026-09-02 15:50:42 OK port 18182 [full] height=4766 peers=2 p2p=aligned aligned=True failed=
2026-09-02 15:50:42 OK mesh aligned 18180:h4766/p2 18181:h4766/p2 18182:h4766/p2
2026-09-02 15:55:50 OK port 18180 [quick] height=4782 peers=2 p2p=aligned aligned=True failed=
2026-09-02 15:55:50 OK port 18181 [quick] height=4782 peers=2 p2p=aligned aligned=True failed=
2026-09-02 15:55:50 OK port 18182 [quick] height=4782 peers=2 p2p=aligned aligned=True failed=
2026-09-02 15:55:50 OK mesh aligned 18180:h4782/p2 18181:h4782/p2 18182:h4782/p2
2026-09-02 16:00:51 OK port 18180 [quick] height=4799 peers=2 p2p=aligned aligned=True failed=
2026-09-02 16:00:51 OK port 18181 [quick] height=4799 peers=2 p2p=aligned aligned=True failed=
2026-09-02 16:00:51 OK port 18182 [quick] height=4799 peers=2 p2p=aligned aligned=True failed=
2026-09-02 16:00:51 OK mesh aligned 18180:h4799/p2 18181:h4799/p2 18182:h4799/p2
2026-09-02 16:05:52 OK port 18180 [quick] height=4816 peers=2 p2p=aligned aligned=True failed=
2026-09-02 16:05:52 OK port 18181 [quick] height=4816 peers=2 p2p=aligned aligned=True failed=
2026-09-02 16:05:52 OK port 18182 [quick] height=4816 peers=2 p2p=aligned aligned=True failed=
2026-09-02 16:05:52 OK mesh aligned 18180:h4816/p2 18181:h4816/p2 18182:h4816/p2
2026-09-02 16:10:53 OK port 18180 [quick] height=4833 peers=2 p2p=aligned aligned=True failed=
2026-09-02 16:10:53 OK port 18181 [quick] height=4833 peers=2 p2p=aligned aligned=True failed=
2026-09-02 16:10:53 OK port 18182 [quick] height=4833 peers=2 p2p=aligned aligned=True failed=
2026-09-02 16:10:53 OK mesh aligned 18180:h4833/p2 18181:h4833/p2 18182:h4833/p2
2026-09-02 16:16:01 OK port 18180 [quick] height=4850 peers=2 p2p=aligned aligned=True failed=
2026-09-02 16:16:01 OK port 18181 [quick] height=4850 peers=2 p2p=aligned aligned=True failed=
2026-09-02 16:16:01 OK port 18182 [quick] height=4850 peers=2 p2p=aligned aligned=True failed=
2026-09-02 16:16:01 OK mesh aligned 18180:h4850/p2 18181:h4850/p2 18182:h4850/p2
2026-09-02 16:21:03 OK port 18180 [full] height=4867 peers=2 p2p=inconsistent aligned=True failed=
2026-09-02 16:21:03 OK port 18181 [full] height=4867 peers=2 p2p=aligned aligned=True failed=
2026-09-02 16:21:03 OK port 18182 [full] height=4867 peers=2 p2p=aligned aligned=True failed=
2026-09-02 16:21:03 OK mesh aligned 18180:h4867/p2 18181:h4867/p2 18182:h4867/p2
2026-09-02 16:26:04 OK port 18180 [quick] height=4883 peers=2 p2p=aligned aligned=True failed=
2026-09-02 16:26:04 OK port 18181 [quick] height=4883 peers=2 p2p=aligned aligned=True failed=
2026-09-02 16:26:04 OK port 18182 [quick] height=4883 peers=2 p2p=aligned aligned=True failed=
2026-09-02 16:26:04 OK mesh aligned 18180:h4883/p2 18181:h4883/p2 18182:h4883/p2
2026-09-02 16:31:05 OK port 18180 [quick] height=4900 peers=2 p2p=aligned aligned=True failed=
2026-09-02 16:31:05 OK port 18181 [quick] height=4900 peers=2 p2p=aligned aligned=True failed=
2026-09-02 16:31:05 OK port 18182 [quick] height=4900 peers=2 p2p=aligned aligned=True failed=
2026-09-02 16:31:05 OK mesh aligned 18180:h4900/p2 18181:h4900/p2 18182:h4900/p2
2026-09-02 16:36:07 OK port 18180 [quick] height=4917 peers=2 p2p=aligned aligned=True failed=
2026-09-02 16:36:07 OK port 18181 [quick] height=4917 peers=2 p2p=aligned aligned=True failed=
2026-09-02 16:36:07 OK port 18182 [quick] height=4917 peers=2 p2p=aligned aligned=True failed=
2026-09-02 16:36:07 OK mesh aligned 18180:h4917/p2 18181:h4917/p2 18182:h4917/p2
2026-09-02 16:41:08 OK port 18180 [quick] height=4933 peers=2 p2p=aligned aligned=True failed=
2026-09-02 16:41:08 OK port 18181 [quick] height=4933 peers=2 p2p=aligned aligned=True failed=
2026-09-02 16:41:08 OK port 18182 [quick] height=4933 peers=2 p2p=aligned aligned=True failed=
2026-09-02 16:41:08 OK mesh aligned 18180:h4933/p2 18181:h4933/p2 18182:h4933/p2
2026-09-02 16:46:12 OK port 18180 [quick] height=4950 peers=2 p2p=aligned aligned=True failed=
2026-09-02 16:46:12 OK port 18181 [quick] height=4950 peers=2 p2p=aligned aligned=True failed=
2026-09-02 16:46:12 OK port 18182 [quick] height=4950 peers=2 p2p=aligned aligned=True failed=
2026-09-02 16:46:12 OK mesh aligned 18180:h4950/p2 18181:h4950/p2 18182:h4950/p2
2026-09-02 16:51:16 OK port 18180 [full] height=4966 peers=2 p2p=aligned aligned=True failed=
2026-09-02 16:51:16 OK port 18181 [full] height=4966 peers=2 p2p=aligned aligned=True failed=
2026-09-02 16:51:16 OK port 18182 [full] height=4966 peers=2 p2p=aligned aligned=True failed=
2026-09-02 16:51:16 OK mesh aligned 18180:h4966/p2 18181:h4966/p2 18182:h4966/p2
2026-09-02 16:56:16 OK port 18180 [quick] height=4983 peers=2 p2p=aligned aligned=True failed=
2026-09-02 16:56:17 OK port 18181 [quick] height=4983 peers=2 p2p=aligned aligned=True failed=
2026-09-02 16:56:17 OK port 18182 [quick] height=4983 peers=2 p2p=aligned aligned=True failed=
2026-09-02 16:56:17 OK mesh aligned 18180:h4983/p2 18181:h4983/p2 18182:h4983/p2
2026-09-02 17:01:22 OK port 18180 [quick] height=5000 peers=2 p2p=aligned aligned=True failed=
2026-09-02 17:01:22 OK port 18181 [quick] height=5000 peers=2 p2p=aligned aligned=True failed=
2026-09-02 17:01:22 OK port 18182 [quick] height=5000 peers=2 p2p=aligned aligned=True failed=
2026-09-02 17:01:22 OK mesh aligned 18180:h5000/p2 18181:h5000/p2 18182:h5000/p2
2026-09-02 17:06:26 OK port 18180 [quick] height=5017 peers=2 p2p=inconsistent aligned=True failed=
2026-09-02 17:06:26 OK port 18181 [quick] height=5016 peers=2 p2p=aligned aligned=True failed=
2026-09-02 17:06:26 OK port 18182 [quick] height=5016 peers=2 p2p=aligned aligned=True failed=
2026-09-02 17:06:26 OK mesh aligned 18180:h5017/p2 18181:h5016/p2 18182:h5016/p2 transient_delta=1
2026-09-02 17:11:27 OK port 18180 [quick] height=5033 peers=2 p2p=aligned aligned=True failed=
2026-09-02 17:11:27 OK port 18181 [quick] height=5033 peers=2 p2p=aligned aligned=True failed=
2026-09-02 17:11:27 OK port 18182 [quick] height=5033 peers=2 p2p=aligned aligned=True failed=
2026-09-02 17:11:27 OK mesh aligned 18180:h5033/p2 18181:h5033/p2 18182:h5033/p2
2026-09-02 17:16:34 OK port 18180 [quick] height=5050 peers=2 p2p=aligned aligned=True failed=
2026-09-02 17:16:34 OK port 18181 [quick] height=5050 peers=2 p2p=aligned aligned=True failed=
2026-09-02 17:16:34 OK port 18182 [quick] height=5050 peers=2 p2p=aligned aligned=True failed=
2026-09-02 17:16:34 OK mesh aligned 18180:h5050/p2 18181:h5050/p2 18182:h5050/p2
2026-09-02 17:21:40 OK port 18180 [full] height=5066 peers=2 p2p=aligned aligned=True failed=
2026-09-02 17:21:40 OK port 18181 [full] height=5066 peers=2 p2p=aligned aligned=True failed=
2026-09-02 17:21:40 OK port 18182 [full] height=5066 peers=2 p2p=aligned aligned=True failed=
2026-09-02 17:21:40 OK mesh aligned 18180:h5066/p2 18181:h5066/p2 18182:h5066/p2
2026-09-02 17:26:41 OK port 18180 [quick] height=5083 peers=2 p2p=aligned aligned=True failed=
2026-09-02 17:26:41 OK port 18181 [quick] height=5083 peers=2 p2p=aligned aligned=True failed=
2026-09-02 17:26:41 OK port 18182 [quick] height=5083 peers=2 p2p=aligned aligned=True failed=
2026-09-02 17:26:41 OK mesh aligned 18180:h5083/p2 18181:h5083/p2 18182:h5083/p2
2026-09-02 17:31:44 OK port 18180 [quick] height=5099 peers=2 p2p=aligned aligned=True failed=
2026-09-02 17:31:44 OK port 18181 [quick] height=5099 peers=2 p2p=aligned aligned=True failed=
2026-09-02 17:31:44 OK port 18182 [quick] height=5099 peers=2 p2p=aligned aligned=True failed=
2026-09-02 17:31:44 OK mesh aligned 18180:h5099/p2 18181:h5099/p2 18182:h5099/p2
2026-09-02 17:36:48 OK port 18180 [quick] height=5116 peers=2 p2p=aligned aligned=True failed=
2026-09-02 17:36:48 OK port 18181 [quick] height=5116 peers=2 p2p=aligned aligned=True failed=
2026-09-02 17:36:48 OK port 18182 [quick] height=5116 peers=2 p2p=aligned aligned=True failed=
2026-09-02 17:36:48 OK mesh aligned 18180:h5116/p2 18181:h5116/p2 18182:h5116/p2
2026-09-02 17:41:54 OK port 18180 [quick] height=5133 peers=2 p2p=inconsistent aligned=True failed=
2026-09-02 17:41:54 OK port 18181 [quick] height=5132 peers=2 p2p=aligned aligned=True failed=
2026-09-02 17:41:54 OK port 18182 [quick] height=5132 peers=2 p2p=aligned aligned=True failed=
2026-09-02 17:41:54 OK mesh aligned 18180:h5133/p2 18181:h5132/p2 18182:h5132/p2 transient_delta=1
2026-09-02 17:46:55 OK port 18180 [quick] height=5149 peers=2 p2p=aligned aligned=True failed=
2026-09-02 17:46:55 OK port 18181 [quick] height=5149 peers=2 p2p=aligned aligned=True failed=
2026-09-02 17:46:55 OK port 18182 [quick] height=5149 peers=2 p2p=aligned aligned=True failed=
2026-09-02 17:46:55 OK mesh aligned 18180:h5149/p2 18181:h5149/p2 18182:h5149/p2
2026-09-02 17:51:57 OK port 18180 [full] height=5166 peers=2 p2p=inconsistent aligned=True failed=
2026-09-02 17:51:57 OK port 18181 [full] height=5165 peers=2 p2p=inconsistent aligned=True failed=
2026-09-02 17:51:57 OK port 18182 [full] height=5165 peers=2 p2p=inconsistent aligned=True failed=
2026-09-02 17:51:57 OK mesh aligned 18180:h5166/p2 18181:h5165/p2 18182:h5165/p2 transient_delta=1
2026-09-02 17:57:02 OK port 18180 [quick] height=5182 peers=2 p2p=aligned aligned=True failed=
2026-09-02 17:57:02 OK port 18181 [quick] height=5182 peers=2 p2p=aligned aligned=True failed=
2026-09-02 17:57:02 OK port 18182 [quick] height=5182 peers=2 p2p=aligned aligned=True failed=
2026-09-02 17:57:02 OK mesh aligned 18180:h5182/p2 18181:h5182/p2 18182:h5182/p2
2026-09-02 18:02:10 OK port 18180 [quick] height=5198 peers=2 p2p=aligned aligned=True failed=
2026-09-02 18:02:10 OK port 18181 [quick] height=5198 peers=2 p2p=aligned aligned=True failed=
2026-09-02 18:02:10 OK port 18182 [quick] height=5198 peers=2 p2p=aligned aligned=True failed=
2026-09-02 18:02:10 OK mesh aligned 18180:h5198/p2 18181:h5198/p2 18182:h5198/p2
2026-09-02 18:07:11 OK port 18180 [quick] height=5215 peers=2 p2p=aligned aligned=True failed=
2026-09-02 18:07:11 OK port 18181 [quick] height=5215 peers=2 p2p=aligned aligned=True failed=
2026-09-02 18:07:11 OK port 18182 [quick] height=5215 peers=2 p2p=aligned aligned=True failed=
2026-09-02 18:07:11 OK mesh aligned 18180:h5215/p2 18181:h5215/p2 18182:h5215/p2
2026-09-02 18:12:12 OK port 18180 [quick] height=5231 peers=2 p2p=aligned aligned=True failed=
2026-09-02 18:12:12 OK port 18181 [quick] height=5231 peers=2 p2p=aligned aligned=True failed=
2026-09-02 18:12:12 OK port 18182 [quick] height=5231 peers=2 p2p=aligned aligned=True failed=
2026-09-02 18:12:12 OK mesh aligned 18180:h5231/p2 18181:h5231/p2 18182:h5231/p2
2026-09-02 18:17:13 OK port 18180 [quick] height=5247 peers=2 p2p=aligned aligned=True failed=
2026-09-02 18:17:13 OK port 18181 [quick] height=5247 peers=2 p2p=aligned aligned=True failed=
2026-09-02 18:17:13 OK port 18182 [quick] height=5247 peers=2 p2p=aligned aligned=True failed=
2026-09-02 18:17:13 OK mesh aligned 18180:h5247/p2 18181:h5247/p2 18182:h5247/p2
2026-09-02 18:22:18 OK port 18180 [full] height=5264 peers=2 p2p=inconsistent aligned=True failed=
2026-09-02 18:22:18 OK port 18181 [full] height=5263 peers=2 p2p=aligned aligned=True failed=
2026-09-02 18:22:18 OK port 18182 [full] height=5263 peers=2 p2p=inconsistent aligned=True failed=
2026-09-02 18:22:18 OK mesh aligned 18180:h5264/p2 18181:h5263/p2 18182:h5263/p2 transient_delta=1
2026-09-02 18:27:23 OK port 18180 [quick] height=5280 peers=2 p2p=aligned aligned=True failed=
2026-09-02 18:27:23 OK port 18181 [quick] height=5280 peers=2 p2p=aligned aligned=True failed=
2026-09-02 18:27:23 OK port 18182 [quick] height=5280 peers=2 p2p=aligned aligned=True failed=
2026-09-02 18:27:23 OK mesh aligned 18180:h5280/p2 18181:h5280/p2 18182:h5280/p2
2026-09-02 18:32:24 OK port 18180 [quick] height=5296 peers=2 p2p=aligned aligned=True failed=
2026-09-02 18:32:24 OK port 18181 [quick] height=5296 peers=2 p2p=aligned aligned=True failed=
2026-09-02 18:32:24 OK port 18182 [quick] height=5296 peers=2 p2p=aligned aligned=True failed=
2026-09-02 18:32:24 OK mesh aligned 18180:h5296/p2 18181:h5296/p2 18182:h5296/p2
2026-09-02 18:37:34 OK port 18180 [quick] height=5312 peers=2 p2p=aligned aligned=True failed=
2026-09-02 18:37:34 OK port 18181 [quick] height=5312 peers=2 p2p=aligned aligned=True failed=
2026-09-02 18:37:34 OK port 18182 [quick] height=5312 peers=2 p2p=aligned aligned=True failed=
2026-09-02 18:37:34 OK mesh aligned 18180:h5312/p2 18181:h5312/p2 18182:h5312/p2
2026-09-02 18:42:35 OK port 18180 [quick] height=5329 peers=2 p2p=aligned aligned=True failed=
2026-09-02 18:42:35 OK port 18181 [quick] height=5329 peers=2 p2p=aligned aligned=True failed=
2026-09-02 18:42:35 OK port 18182 [quick] height=5329 peers=2 p2p=aligned aligned=True failed=
2026-09-02 18:42:35 OK mesh aligned 18180:h5329/p2 18181:h5329/p2 18182:h5329/p2
2026-09-02 18:47:36 OK port 18180 [quick] height=5345 peers=2 p2p=aligned aligned=True failed=
2026-09-02 18:47:36 OK port 18181 [quick] height=5345 peers=2 p2p=aligned aligned=True failed=
2026-09-02 18:47:36 OK port 18182 [quick] height=5345 peers=2 p2p=aligned aligned=True failed=
2026-09-02 18:47:36 OK mesh aligned 18180:h5345/p2 18181:h5345/p2 18182:h5345/p2
2026-09-02 18:52:37 OK port 18180 [full] height=5361 peers=2 p2p=aligned aligned=True failed=
2026-09-02 18:52:37 OK port 18181 [full] height=5361 peers=2 p2p=aligned aligned=True failed=
2026-09-02 18:52:37 OK port 18182 [full] height=5361 peers=2 p2p=aligned aligned=True failed=
2026-09-02 18:52:37 OK mesh aligned 18180:h5361/p2 18181:h5361/p2 18182:h5361/p2
2026-09-02 18:57:38 OK port 18180 [quick] height=5377 peers=2 p2p=aligned aligned=True failed=
2026-09-02 18:57:38 OK port 18181 [quick] height=5377 peers=2 p2p=aligned aligned=True failed=
2026-09-02 18:57:38 OK port 18182 [quick] height=5377 peers=2 p2p=aligned aligned=True failed=
2026-09-02 18:57:38 OK mesh aligned 18180:h5377/p2 18181:h5377/p2 18182:h5377/p2
2026-09-02 19:02:39 OK port 18180 [quick] height=5393 peers=2 p2p=aligned aligned=True failed=
2026-09-02 19:02:39 OK port 18181 [quick] height=5393 peers=2 p2p=aligned aligned=True failed=
2026-09-02 19:02:39 OK port 18182 [quick] height=5393 peers=2 p2p=aligned aligned=True failed=
2026-09-02 19:02:39 OK mesh aligned 18180:h5393/p2 18181:h5393/p2 18182:h5393/p2
2026-09-02 19:07:40 OK port 18180 [quick] height=5409 peers=2 p2p=aligned aligned=True failed=
2026-09-02 19:07:40 OK port 18181 [quick] height=5409 peers=2 p2p=aligned aligned=True failed=
2026-09-02 19:07:40 OK port 18182 [quick] height=5409 peers=2 p2p=aligned aligned=True failed=
2026-09-02 19:07:40 OK mesh aligned 18180:h5409/p2 18181:h5409/p2 18182:h5409/p2
2026-09-02 19:12:41 OK port 18180 [quick] height=5425 peers=2 p2p=aligned aligned=True failed=
2026-09-02 19:12:41 OK port 18181 [quick] height=5425 peers=2 p2p=aligned aligned=True failed=
2026-09-02 19:12:41 OK port 18182 [quick] height=5425 peers=2 p2p=aligned aligned=True failed=
2026-09-02 19:12:41 OK mesh aligned 18180:h5425/p2 18181:h5425/p2 18182:h5425/p2
2026-09-02 19:17:43 OK port 18180 [quick] height=5441 peers=2 p2p=aligned aligned=True failed=
2026-09-02 19:17:43 OK port 18181 [quick] height=5441 peers=2 p2p=aligned aligned=True failed=
2026-09-02 19:17:43 OK port 18182 [quick] height=5441 peers=2 p2p=aligned aligned=True failed=
2026-09-02 19:17:43 OK mesh aligned 18180:h5441/p2 18181:h5441/p2 18182:h5441/p2
2026-09-02 19:22:44 OK port 18180 [full] height=5457 peers=2 p2p=aligned aligned=True failed=
2026-09-02 19:22:44 OK port 18181 [full] height=5457 peers=2 p2p=aligned aligned=True failed=
2026-09-02 19:22:44 OK port 18182 [full] height=5457 peers=2 p2p=aligned aligned=True failed=
2026-09-02 19:22:44 OK mesh aligned 18180:h5457/p2 18181:h5457/p2 18182:h5457/p2
2026-09-02 19:27:45 OK port 18180 [quick] height=5473 peers=2 p2p=aligned aligned=True failed=
2026-09-02 19:27:45 OK port 18181 [quick] height=5473 peers=2 p2p=aligned aligned=True failed=
2026-09-02 19:27:45 OK port 18182 [quick] height=5473 peers=2 p2p=aligned aligned=True failed=
2026-09-02 19:27:45 OK mesh aligned 18180:h5473/p2 18181:h5473/p2 18182:h5473/p2
2026-09-02 19:32:46 OK port 18180 [quick] height=5489 peers=2 p2p=aligned aligned=True failed=
2026-09-02 19:32:46 OK port 18181 [quick] height=5489 peers=2 p2p=aligned aligned=True failed=
2026-09-02 19:32:46 OK port 18182 [quick] height=5489 peers=2 p2p=aligned aligned=True failed=
2026-09-02 19:32:46 OK mesh aligned 18180:h5489/p2 18181:h5489/p2 18182:h5489/p2
2026-09-02 19:37:47 OK port 18180 [quick] height=5505 peers=2 p2p=aligned aligned=True failed=
2026-09-02 19:37:47 OK port 18181 [quick] height=5505 peers=2 p2p=aligned aligned=True failed=
2026-09-02 19:37:47 OK port 18182 [quick] height=5505 peers=2 p2p=aligned aligned=True failed=
2026-09-02 19:37:47 OK mesh aligned 18180:h5505/p2 18181:h5505/p2 18182:h5505/p2
2026-09-02 19:42:48 OK port 18180 [quick] height=5521 peers=2 p2p=aligned aligned=True failed=
2026-09-02 19:42:48 OK port 18181 [quick] height=5521 peers=2 p2p=aligned aligned=True failed=
2026-09-02 19:42:48 OK port 18182 [quick] height=5521 peers=2 p2p=aligned aligned=True failed=
2026-09-02 19:42:48 OK mesh aligned 18180:h5521/p2 18181:h5521/p2 18182:h5521/p2
2026-09-02 19:47:49 OK port 18180 [quick] height=5537 peers=2 p2p=aligned aligned=True failed=
2026-09-02 19:47:49 OK port 18181 [quick] height=5537 peers=2 p2p=aligned aligned=True failed=
2026-09-02 19:47:49 OK port 18182 [quick] height=5537 peers=2 p2p=aligned aligned=True failed=
2026-09-02 19:47:49 OK mesh aligned 18180:h5537/p2 18181:h5537/p2 18182:h5537/p2
2026-09-02 19:52:51 OK port 18180 [full] height=5553 peers=2 p2p=aligned aligned=True failed=
2026-09-02 19:52:51 OK port 18181 [full] height=5553 peers=2 p2p=aligned aligned=True failed=
2026-09-02 19:52:51 OK port 18182 [full] height=5553 peers=2 p2p=aligned aligned=True failed=
2026-09-02 19:52:51 OK mesh aligned 18180:h5553/p2 18181:h5553/p2 18182:h5553/p2
2026-09-02 19:57:55 OK port 18180 [quick] height=5568 peers=2 p2p=aligned aligned=True failed=
2026-09-02 19:57:55 OK port 18181 [quick] height=5568 peers=2 p2p=aligned aligned=True failed=
2026-09-02 19:57:55 OK port 18182 [quick] height=5568 peers=2 p2p=aligned aligned=True failed=
2026-09-02 19:57:55 OK mesh aligned 18180:h5568/p2 18181:h5568/p2 18182:h5568/p2
2026-09-02 20:02:59 OK port 18180 [quick] height=5584 peers=2 p2p=aligned aligned=True failed=
2026-09-02 20:02:59 OK port 18181 [quick] height=5584 peers=2 p2p=aligned aligned=True failed=
2026-09-02 20:02:59 OK port 18182 [quick] height=5584 peers=2 p2p=aligned aligned=True failed=
2026-09-02 20:02:59 OK mesh aligned 18180:h5584/p2 18181:h5584/p2 18182:h5584/p2
2026-09-02 20:08:05 OK port 18180 [quick] height=5600 peers=2 p2p=aligned aligned=True failed=
2026-09-02 20:08:05 OK port 18181 [quick] height=5600 peers=2 p2p=aligned aligned=True failed=
2026-09-02 20:08:05 OK port 18182 [quick] height=5600 peers=2 p2p=aligned aligned=True failed=
2026-09-02 20:08:05 OK mesh aligned 18180:h5600/p2 18181:h5600/p2 18182:h5600/p2
2026-09-02 20:13:10 OK port 18180 [quick] height=5616 peers=2 p2p=aligned aligned=True failed=
2026-09-02 20:13:10 OK port 18181 [quick] height=5616 peers=2 p2p=aligned aligned=True failed=
2026-09-02 20:13:10 OK port 18182 [quick] height=5616 peers=2 p2p=aligned aligned=True failed=
2026-09-02 20:13:10 OK mesh aligned 18180:h5616/p2 18181:h5616/p2 18182:h5616/p2
2026-09-02 20:18:16 OK port 18180 [quick] height=5632 peers=2 p2p=aligned aligned=True failed=
2026-09-02 20:18:16 OK port 18181 [quick] height=5632 peers=2 p2p=aligned aligned=True failed=
2026-09-02 20:18:16 OK port 18182 [quick] height=5632 peers=2 p2p=aligned aligned=True failed=
2026-09-02 20:18:16 OK mesh aligned 18180:h5632/p2 18181:h5632/p2 18182:h5632/p2
2026-09-02 20:23:22 OK port 18180 [full] height=5649 peers=2 p2p=inconsistent aligned=True failed=
2026-09-02 20:23:22 OK port 18181 [full] height=5648 peers=2 p2p=aligned aligned=True failed=
2026-09-02 20:23:22 OK port 18182 [full] height=5648 peers=2 p2p=aligned aligned=True failed=
2026-09-02 20:23:22 OK mesh aligned 18180:h5649/p2 18181:h5648/p2 18182:h5648/p2 transient_delta=1
2026-09-02 20:28:29 OK port 18180 [quick] height=5664 peers=2 p2p=aligned aligned=True failed=
2026-09-02 20:28:29 OK port 18181 [quick] height=5664 peers=2 p2p=aligned aligned=True failed=
2026-09-02 20:28:29 OK port 18182 [quick] height=5664 peers=2 p2p=aligned aligned=True failed=
2026-09-02 20:28:29 OK mesh aligned 18180:h5664/p2 18181:h5664/p2 18182:h5664/p2
2026-09-02 20:33:36 OK port 18180 [quick] height=5680 peers=2 p2p=aligned aligned=True failed=
2026-09-02 20:33:36 OK port 18181 [quick] height=5680 peers=2 p2p=aligned aligned=True failed=
2026-09-02 20:33:36 OK port 18182 [quick] height=5680 peers=2 p2p=aligned aligned=True failed=
2026-09-02 20:33:36 OK mesh aligned 18180:h5680/p2 18181:h5680/p2 18182:h5680/p2
2026-09-02 20:38:44 OK port 18180 [quick] height=5696 peers=2 p2p=aligned aligned=True failed=
2026-09-02 20:38:44 OK port 18181 [quick] height=5696 peers=2 p2p=aligned aligned=True failed=
2026-09-02 20:38:44 OK port 18182 [quick] height=5696 peers=2 p2p=aligned aligned=True failed=
2026-09-02 20:38:44 OK mesh aligned 18180:h5696/p2 18181:h5696/p2 18182:h5696/p2
2026-09-02 20:43:52 OK port 18180 [quick] height=5712 peers=2 p2p=aligned aligned=True failed=
2026-09-02 20:43:52 OK port 18181 [quick] height=5712 peers=2 p2p=aligned aligned=True failed=
2026-09-02 20:43:52 OK port 18182 [quick] height=5712 peers=2 p2p=aligned aligned=True failed=
2026-09-02 20:43:52 OK mesh aligned 18180:h5712/p2 18181:h5712/p2 18182:h5712/p2
2026-09-02 20:49:01 OK port 18180 [quick] height=5728 peers=2 p2p=aligned aligned=True failed=
2026-09-02 20:49:01 OK port 18181 [quick] height=5728 peers=2 p2p=aligned aligned=True failed=
2026-09-02 20:49:01 OK port 18182 [quick] height=5728 peers=2 p2p=aligned aligned=True failed=
2026-09-02 20:49:01 OK mesh aligned 18180:h5728/p2 18181:h5728/p2 18182:h5728/p2
2026-09-02 20:54:09 OK port 18180 [full] height=5744 peers=2 p2p=aligned aligned=True failed=
2026-09-02 20:54:09 OK port 18181 [full] height=5744 peers=2 p2p=aligned aligned=True failed=
2026-09-02 20:54:09 OK port 18182 [full] height=5744 peers=2 p2p=aligned aligned=True failed=
2026-09-02 20:54:09 OK mesh aligned 18180:h5744/p2 18181:h5744/p2 18182:h5744/p2
2026-09-02 20:59:19 OK port 18180 [quick] height=5760 peers=2 p2p=aligned aligned=True failed=
2026-09-02 20:59:19 OK port 18181 [quick] height=5760 peers=2 p2p=aligned aligned=True failed=
2026-09-02 20:59:19 OK port 18182 [quick] height=5760 peers=2 p2p=aligned aligned=True failed=
2026-09-02 20:59:19 OK mesh aligned 18180:h5760/p2 18181:h5760/p2 18182:h5760/p2
2026-09-02 21:04:27 OK port 18180 [quick] height=5776 peers=2 p2p=aligned aligned=True failed=
2026-09-02 21:04:27 OK port 18181 [quick] height=5776 peers=2 p2p=aligned aligned=True failed=
2026-09-02 21:04:27 OK port 18182 [quick] height=5776 peers=2 p2p=aligned aligned=True failed=
2026-09-02 21:04:27 OK mesh aligned 18180:h5776/p2 18181:h5776/p2 18182:h5776/p2
2026-09-02 21:09:38 OK port 18180 [quick] height=5792 peers=2 p2p=aligned aligned=True failed=
2026-09-02 21:09:38 OK port 18181 [quick] height=5792 peers=2 p2p=aligned aligned=True failed=
2026-09-02 21:09:38 OK port 18182 [quick] height=5792 peers=2 p2p=aligned aligned=True failed=
2026-09-02 21:09:38 OK mesh aligned 18180:h5792/p2 18181:h5792/p2 18182:h5792/p2
2026-09-02 21:14:49 OK port 18180 [quick] height=5808 peers=2 p2p=aligned aligned=True failed=
2026-09-02 21:14:49 OK port 18181 [quick] height=5808 peers=2 p2p=aligned aligned=True failed=
2026-09-02 21:14:49 OK port 18182 [quick] height=5808 peers=2 p2p=aligned aligned=True failed=
2026-09-02 21:14:49 OK mesh aligned 18180:h5808/p2 18181:h5808/p2 18182:h5808/p2
2026-09-02 21:19:58 OK port 18180 [quick] height=5825 peers=2 p2p=inconsistent aligned=True failed=
2026-09-02 21:19:58 OK port 18181 [quick] height=5824 peers=2 p2p=aligned aligned=True failed=
2026-09-02 21:19:58 OK port 18182 [quick] height=5824 peers=2 p2p=aligned aligned=True failed=
2026-09-02 21:19:58 OK mesh aligned 18180:h5825/p2 18181:h5824/p2 18182:h5824/p2 transient_delta=1
2026-09-02 21:25:11 OK port 18180 [full] height=5840 peers=2 p2p=aligned aligned=True failed=
2026-09-02 21:25:11 OK port 18181 [full] height=5840 peers=2 p2p=aligned aligned=True failed=
2026-09-02 21:25:11 OK port 18182 [full] height=5840 peers=2 p2p=aligned aligned=True failed=
2026-09-02 21:25:11 OK mesh aligned 18180:h5840/p2 18181:h5840/p2 18182:h5840/p2
2026-09-02 21:30:22 OK port 18180 [quick] height=5856 peers=2 p2p=aligned aligned=True failed=
2026-09-02 21:30:22 OK port 18181 [quick] height=5856 peers=2 p2p=aligned aligned=True failed=
2026-09-02 21:30:22 OK port 18182 [quick] height=5856 peers=2 p2p=aligned aligned=True failed=
2026-09-02 21:30:22 OK mesh aligned 18180:h5856/p2 18181:h5856/p2 18182:h5856/p2
2026-09-02 21:35:33 OK port 18180 [quick] height=5873 peers=2 p2p=inconsistent aligned=True failed=
2026-09-02 21:35:33 OK port 18181 [quick] height=5872 peers=2 p2p=aligned aligned=True failed=
2026-09-02 21:35:33 OK port 18182 [quick] height=5872 peers=2 p2p=aligned aligned=True failed=
2026-09-02 21:35:33 OK mesh aligned 18180:h5873/p2 18181:h5872/p2 18182:h5872/p2 transient_delta=1
2026-09-02 21:40:44 OK port 18180 [quick] height=5888 peers=2 p2p=aligned aligned=True failed=
2026-09-02 21:40:44 OK port 18181 [quick] height=5888 peers=2 p2p=aligned aligned=True failed=
2026-09-02 21:40:44 OK port 18182 [quick] height=5888 peers=2 p2p=aligned aligned=True failed=
2026-09-02 21:40:44 OK mesh aligned 18180:h5888/p2 18181:h5888/p2 18182:h5888/p2
2026-09-02 21:45:45 OK port 18180 [quick] height=5904 peers=2 p2p=aligned aligned=True failed=
2026-09-02 21:45:45 OK port 18181 [quick] height=5904 peers=2 p2p=aligned aligned=True failed=
2026-09-02 21:45:45 OK port 18182 [quick] height=5904 peers=2 p2p=aligned aligned=True failed=
2026-09-02 21:45:45 OK mesh aligned 18180:h5904/p2 18181:h5904/p2 18182:h5904/p2
2026-09-02 21:50:47 OK port 18180 [quick] height=5920 peers=2 p2p=aligned aligned=True failed=
2026-09-02 21:50:47 OK port 18181 [quick] height=5920 peers=2 p2p=aligned aligned=True failed=
2026-09-02 21:50:47 OK port 18182 [quick] height=5920 peers=2 p2p=aligned aligned=True failed=
2026-09-02 21:50:47 OK mesh aligned 18180:h5920/p2 18181:h5920/p2 18182:h5920/p2
2026-09-02 21:55:48 OK port 18180 [full] height=5935 peers=2 p2p=aligned aligned=True failed=
2026-09-02 21:55:48 OK port 18181 [full] height=5935 peers=2 p2p=aligned aligned=True failed=
2026-09-02 21:55:48 OK port 18182 [full] height=5935 peers=2 p2p=aligned aligned=True failed=
2026-09-02 21:55:48 OK mesh aligned 18180:h5935/p2 18181:h5935/p2 18182:h5935/p2
2026-09-02 22:00:57 OK port 18180 [quick] height=5950 peers=2 p2p=aligned aligned=True failed=
2026-09-02 22:00:57 OK port 18181 [quick] height=5950 peers=2 p2p=aligned aligned=True failed=
2026-09-02 22:00:57 OK port 18182 [quick] height=5950 peers=2 p2p=aligned aligned=True failed=
2026-09-02 22:00:57 OK mesh aligned 18180:h5950/p2 18181:h5950/p2 18182:h5950/p2
2026-09-02 22:05:58 OK port 18180 [quick] height=5966 peers=2 p2p=aligned aligned=True failed=
2026-09-02 22:05:58 OK port 18181 [quick] height=5966 peers=2 p2p=aligned aligned=True failed=
2026-09-02 22:05:58 OK port 18182 [quick] height=5966 peers=2 p2p=aligned aligned=True failed=
2026-09-02 22:05:58 OK mesh aligned 18180:h5966/p2 18181:h5966/p2 18182:h5966/p2
2026-09-02 22:11:02 OK port 18180 [quick] height=5981 peers=2 p2p=aligned aligned=True failed=
2026-09-02 22:11:02 OK port 18181 [quick] height=5981 peers=2 p2p=aligned aligned=True failed=
2026-09-02 22:11:02 OK port 18182 [quick] height=5981 peers=2 p2p=aligned aligned=True failed=
2026-09-02 22:11:02 OK mesh aligned 18180:h5981/p2 18181:h5981/p2 18182:h5981/p2
2026-09-02 22:16:03 OK port 18180 [quick] height=5997 peers=2 p2p=aligned aligned=True failed=
2026-09-02 22:16:03 OK port 18181 [quick] height=5997 peers=2 p2p=aligned aligned=True failed=
2026-09-02 22:16:03 OK port 18182 [quick] height=5997 peers=2 p2p=aligned aligned=True failed=
2026-09-02 22:16:03 OK mesh aligned 18180:h5997/p2 18181:h5997/p2 18182:h5997/p2
2026-09-02 22:21:16 OK port 18180 [quick] height=6012 peers=2 p2p=aligned aligned=True failed=
2026-09-02 22:21:16 OK port 18181 [quick] height=6012 peers=2 p2p=aligned aligned=True failed=
2026-09-02 22:21:16 OK port 18182 [quick] height=6012 peers=2 p2p=aligned aligned=True failed=
2026-09-02 22:21:16 OK mesh aligned 18180:h6012/p2 18181:h6012/p2 18182:h6012/p2
2026-09-02 22:26:19 OK port 18180 [full] height=6028 peers=2 p2p=aligned aligned=True failed=
2026-09-02 22:26:19 OK port 18181 [full] height=6028 peers=2 p2p=aligned aligned=True failed=
2026-09-02 22:26:19 OK port 18182 [full] height=6028 peers=2 p2p=aligned aligned=True failed=
2026-09-02 22:26:19 OK mesh aligned 18180:h6028/p2 18181:h6028/p2 18182:h6028/p2
2026-09-02 22:31:20 OK port 18180 [quick] height=6043 peers=2 p2p=aligned aligned=True failed=
2026-09-02 22:31:20 OK port 18181 [quick] height=6043 peers=2 p2p=aligned aligned=True failed=
2026-09-02 22:31:20 OK port 18182 [quick] height=6043 peers=2 p2p=aligned aligned=True failed=
2026-09-02 22:31:20 OK mesh aligned 18180:h6043/p2 18181:h6043/p2 18182:h6043/p2
2026-09-02 22:36:24 OK port 18180 [quick] height=6058 peers=2 p2p=aligned aligned=True failed=
2026-09-02 22:36:24 OK port 18181 [quick] height=6058 peers=2 p2p=aligned aligned=True failed=
2026-09-02 22:36:24 OK port 18182 [quick] height=6058 peers=2 p2p=aligned aligned=True failed=
2026-09-02 22:36:24 OK mesh aligned 18180:h6058/p2 18181:h6058/p2 18182:h6058/p2
2026-09-02 22:41:27 OK port 18180 [quick] height=6074 peers=2 p2p=aligned aligned=True failed=
2026-09-02 22:41:27 OK port 18181 [quick] height=6074 peers=2 p2p=aligned aligned=True failed=
2026-09-02 22:41:27 OK port 18182 [quick] height=6074 peers=2 p2p=aligned aligned=True failed=
2026-09-02 22:41:27 OK mesh aligned 18180:h6074/p2 18181:h6074/p2 18182:h6074/p2
2026-09-02 22:46:28 OK port 18180 [quick] height=6089 peers=2 p2p=aligned aligned=True failed=
2026-09-02 22:46:28 OK port 18181 [quick] height=6089 peers=2 p2p=aligned aligned=True failed=
2026-09-02 22:46:28 OK port 18182 [quick] height=6089 peers=2 p2p=aligned aligned=True failed=
2026-09-02 22:46:28 OK mesh aligned 18180:h6089/p2 18181:h6089/p2 18182:h6089/p2
2026-09-02 22:51:34 OK port 18180 [quick] height=6105 peers=2 p2p=inconsistent aligned=True failed=
2026-09-02 22:51:34 OK port 18181 [quick] height=6104 peers=2 p2p=aligned aligned=True failed=
2026-09-02 22:51:34 OK port 18182 [quick] height=6104 peers=2 p2p=aligned aligned=True failed=
2026-09-02 22:51:34 OK mesh aligned 18180:h6105/p2 18181:h6104/p2 18182:h6104/p2 transient_delta=1
2026-09-02 22:56:40 OK port 18180 [full] height=6120 peers=2 p2p=aligned aligned=True failed=
2026-09-02 22:56:40 OK port 18181 [full] height=6120 peers=2 p2p=aligned aligned=True failed=
2026-09-02 22:56:40 OK port 18182 [full] height=6120 peers=2 p2p=aligned aligned=True failed=
2026-09-02 22:56:40 OK mesh aligned 18180:h6120/p2 18181:h6120/p2 18182:h6120/p2
2026-09-02 23:01:41 OK port 18180 [quick] height=6135 peers=2 p2p=aligned aligned=True failed=
2026-09-02 23:01:41 OK port 18181 [quick] height=6135 peers=2 p2p=aligned aligned=True failed=
2026-09-02 23:01:41 OK port 18182 [quick] height=6135 peers=2 p2p=aligned aligned=True failed=
2026-09-02 23:01:41 OK mesh aligned 18180:h6135/p2 18181:h6135/p2 18182:h6135/p2
2026-09-02 23:06:50 OK port 18180 [quick] height=6150 peers=2 p2p=aligned aligned=True failed=
2026-09-02 23:06:50 OK port 18181 [quick] height=6150 peers=2 p2p=aligned aligned=True failed=
2026-09-02 23:06:50 OK port 18182 [quick] height=6150 peers=2 p2p=aligned aligned=True failed=
2026-09-02 23:06:50 OK mesh aligned 18180:h6150/p2 18181:h6150/p2 18182:h6150/p2
2026-09-02 23:11:57 OK port 18180 [quick] height=6166 peers=2 p2p=aligned aligned=True failed=
2026-09-02 23:11:57 OK port 18181 [quick] height=6166 peers=2 p2p=aligned aligned=True failed=
2026-09-02 23:11:57 OK port 18182 [quick] height=6166 peers=2 p2p=aligned aligned=True failed=
2026-09-02 23:11:57 OK mesh aligned 18180:h6166/p2 18181:h6166/p2 18182:h6166/p2
2026-09-02 23:16:58 OK port 18180 [quick] height=6181 peers=2 p2p=aligned aligned=True failed=
2026-09-02 23:16:58 OK port 18181 [quick] height=6181 peers=2 p2p=aligned aligned=True failed=
2026-09-02 23:16:58 OK port 18182 [quick] height=6181 peers=2 p2p=aligned aligned=True failed=
2026-09-02 23:16:58 OK mesh aligned 18180:h6181/p2 18181:h6181/p2 18182:h6181/p2
2026-09-02 23:22:09 OK port 18180 [quick] height=6196 peers=2 p2p=aligned aligned=True failed=
2026-09-02 23:22:09 OK port 18181 [quick] height=6196 peers=2 p2p=aligned aligned=True failed=
2026-09-02 23:22:09 OK port 18182 [quick] height=6196 peers=2 p2p=aligned aligned=True failed=
2026-09-02 23:22:09 OK mesh aligned 18180:h6196/p2 18181:h6196/p2 18182:h6196/p2
2026-09-02 23:27:21 OK port 18180 [full] height=6212 peers=2 p2p=aligned aligned=True failed=
2026-09-02 23:27:21 OK port 18181 [full] height=6212 peers=2 p2p=aligned aligned=True failed=
2026-09-02 23:27:21 WARN OK port 18182 [full] height=6212 peers=2 p2p=aligned aligned=True failed=peer_probe_ok
2026-09-02 23:27:21 OK mesh aligned 18180:h6212/p2 18181:h6212/p2 18182:h6212/p2
2026-09-02 23:32:22 OK port 18180 [quick] height=6227 peers=2 p2p=aligned aligned=True failed=
2026-09-02 23:32:22 OK port 18181 [quick] height=6227 peers=2 p2p=aligned aligned=True failed=
2026-09-02 23:32:22 OK port 18182 [quick] height=6227 peers=2 p2p=aligned aligned=True failed=
2026-09-02 23:32:22 OK mesh aligned 18180:h6227/p2 18181:h6227/p2 18182:h6227/p2
2026-09-02 23:37:25 OK port 18180 [quick] height=6242 peers=2 p2p=aligned aligned=True failed=
2026-09-02 23:37:25 OK port 18181 [quick] height=6242 peers=2 p2p=aligned aligned=True failed=
2026-09-02 23:37:25 OK port 18182 [quick] height=6242 peers=2 p2p=aligned aligned=True failed=
2026-09-02 23:37:25 OK mesh aligned 18180:h6242/p2 18181:h6242/p2 18182:h6242/p2
2026-09-02 23:42:26 OK port 18180 [quick] height=6257 peers=2 p2p=aligned aligned=True failed=
2026-09-02 23:42:26 OK port 18181 [quick] height=6257 peers=2 p2p=aligned aligned=True failed=
2026-09-02 23:42:26 OK port 18182 [quick] height=6257 peers=2 p2p=aligned aligned=True failed=
2026-09-02 23:42:26 OK mesh aligned 18180:h6257/p2 18181:h6257/p2 18182:h6257/p2
2026-09-02 23:47:34 OK port 18180 [quick] height=6272 peers=2 p2p=aligned aligned=True failed=
2026-09-02 23:47:34 OK port 18181 [quick] height=6272 peers=2 p2p=aligned aligned=True failed=
2026-09-02 23:47:34 OK port 18182 [quick] height=6272 peers=2 p2p=aligned aligned=True failed=
2026-09-02 23:47:34 OK mesh aligned 18180:h6272/p2 18181:h6272/p2 18182:h6272/p2
2026-09-02 23:52:35 OK port 18180 [quick] height=6287 peers=2 p2p=aligned aligned=True failed=
2026-09-02 23:52:35 OK port 18181 [quick] height=6287 peers=2 p2p=aligned aligned=True failed=
2026-09-02 23:52:35 OK port 18182 [quick] height=6287 peers=2 p2p=aligned aligned=True failed=
2026-09-02 23:52:35 OK mesh aligned 18180:h6287/p2 18181:h6287/p2 18182:h6287/p2
2026-09-02 23:57:37 OK port 18180 [full] height=6302 peers=2 p2p=aligned aligned=True failed=
2026-09-02 23:57:37 OK port 18181 [full] height=6302 peers=2 p2p=aligned aligned=True failed=
2026-09-02 23:57:37 OK port 18182 [full] height=6302 peers=2 p2p=aligned aligned=True failed=
2026-09-02 23:57:37 OK mesh aligned 18180:h6302/p2 18181:h6302/p2 18182:h6302/p2
2026-09-03 00:02:38 OK port 18180 [quick] height=6317 peers=2 p2p=aligned aligned=True failed=
2026-09-03 00:02:38 OK port 18181 [quick] height=6317 peers=2 p2p=aligned aligned=True failed=
2026-09-03 00:02:38 OK port 18182 [quick] height=6317 peers=2 p2p=aligned aligned=True failed=
2026-09-03 00:02:38 OK mesh aligned 18180:h6317/p2 18181:h6317/p2 18182:h6317/p2
2026-09-03 00:07:47 OK port 18180 [quick] height=6332 peers=2 p2p=aligned aligned=True failed=
2026-09-03 00:07:48 OK port 18181 [quick] height=6332 peers=2 p2p=aligned aligned=True failed=
2026-09-03 00:07:48 OK port 18182 [quick] height=6332 peers=2 p2p=aligned aligned=True failed=
2026-09-03 00:07:48 OK mesh aligned 18180:h6332/p2 18181:h6332/p2 18182:h6332/p2
2026-09-03 00:12:49 OK port 18180 [quick] height=6347 peers=2 p2p=aligned aligned=True failed=
2026-09-03 00:12:49 OK port 18181 [quick] height=6347 peers=2 p2p=aligned aligned=True failed=
2026-09-03 00:12:49 OK port 18182 [quick] height=6347 peers=2 p2p=aligned aligned=True failed=
2026-09-03 00:12:49 OK mesh aligned 18180:h6347/p2 18181:h6347/p2 18182:h6347/p2
2026-09-03 00:17:57 OK port 18180 [quick] height=6362 peers=2 p2p=aligned aligned=True failed=
2026-09-03 00:17:57 OK port 18181 [quick] height=6362 peers=2 p2p=aligned aligned=True failed=
2026-09-03 00:17:57 OK port 18182 [quick] height=6362 peers=2 p2p=aligned aligned=True failed=
2026-09-03 00:17:57 OK mesh aligned 18180:h6362/p2 18181:h6362/p2 18182:h6362/p2
2026-09-03 00:22:58 OK port 18180 [quick] height=6377 peers=2 p2p=aligned aligned=True failed=
2026-09-03 00:22:58 OK port 18181 [quick] height=6377 peers=2 p2p=aligned aligned=True failed=
2026-09-03 00:22:58 OK port 18182 [quick] height=6377 peers=2 p2p=aligned aligned=True failed=
2026-09-03 00:22:58 OK mesh aligned 18180:h6377/p2 18181:h6377/p2 18182:h6377/p2
2026-09-03 00:28:10 WARN OK port 18180 [full] height=6392 peers=2 p2p=aligned aligned=True failed=peer_probe_ok
2026-09-03 00:28:10 OK port 18181 [full] height=6392 peers=2 p2p=aligned aligned=True failed=
2026-09-03 00:28:10 OK port 18182 [full] height=6392 peers=2 p2p=aligned aligned=True failed=
2026-09-03 00:28:10 OK mesh aligned 18180:h6392/p2 18181:h6392/p2 18182:h6392/p2
2026-09-03 00:33:11 OK port 18180 [quick] height=6407 peers=2 p2p=aligned aligned=True failed=
2026-09-03 00:33:11 OK port 18181 [quick] height=6407 peers=2 p2p=aligned aligned=True failed=
2026-09-03 00:33:11 OK port 18182 [quick] height=6407 peers=2 p2p=aligned aligned=True failed=
2026-09-03 00:33:11 OK mesh aligned 18180:h6407/p2 18181:h6407/p2 18182:h6407/p2
2026-09-03 00:38:18 OK port 18180 [quick] height=6422 peers=2 p2p=aligned aligned=True failed=
2026-09-03 00:38:18 OK port 18181 [quick] height=6422 peers=2 p2p=aligned aligned=True failed=
2026-09-03 00:38:18 OK port 18182 [quick] height=6422 peers=2 p2p=aligned aligned=True failed=
2026-09-03 00:38:18 OK mesh aligned 18180:h6422/p2 18181:h6422/p2 18182:h6422/p2
2026-09-03 00:43:20 OK port 18180 [quick] height=6437 peers=2 p2p=aligned aligned=True failed=
2026-09-03 00:43:20 OK port 18181 [quick] height=6437 peers=2 p2p=aligned aligned=True failed=
2026-09-03 00:43:20 OK port 18182 [quick] height=6437 peers=2 p2p=aligned aligned=True failed=
2026-09-03 00:43:20 OK mesh aligned 18180:h6437/p2 18181:h6437/p2 18182:h6437/p2
2026-09-03 00:48:22 OK port 18180 [quick] height=6452 peers=2 p2p=inconsistent aligned=True failed=
2026-09-03 00:48:22 OK port 18181 [quick] height=6452 peers=2 p2p=inconsistent aligned=True failed=
2026-09-03 00:48:22 OK port 18182 [quick] height=6452 peers=2 p2p=aligned aligned=True failed=
2026-09-03 00:48:22 OK mesh aligned 18180:h6452/p2 18181:h6452/p2 18182:h6452/p2
2026-09-03 00:53:34 OK port 18180 [quick] height=6466 peers=2 p2p=aligned aligned=True failed=
2026-09-03 00:53:34 OK port 18181 [quick] height=6466 peers=2 p2p=aligned aligned=True failed=
2026-09-03 00:53:34 OK port 18182 [quick] height=6466 peers=2 p2p=aligned aligned=True failed=
2026-09-03 00:53:34 OK mesh aligned 18180:h6466/p2 18181:h6466/p2 18182:h6466/p2
2026-09-03 00:58:35 OK port 18180 [full] height=6481 peers=2 p2p=aligned aligned=True failed=
2026-09-03 00:58:35 OK port 18181 [full] height=6481 peers=2 p2p=aligned aligned=True failed=
2026-09-03 00:58:35 OK port 18182 [full] height=6481 peers=2 p2p=aligned aligned=True failed=
2026-09-03 00:58:35 OK mesh aligned 18180:h6481/p2 18181:h6481/p2 18182:h6481/p2
2026-09-03 01:03:43 OK port 18180 [quick] height=6496 peers=2 p2p=aligned aligned=True failed=
2026-09-03 01:03:43 OK port 18181 [quick] height=6496 peers=2 p2p=aligned aligned=True failed=
2026-09-03 01:03:43 OK port 18182 [quick] height=6496 peers=2 p2p=aligned aligned=True failed=
2026-09-03 01:03:43 OK mesh aligned 18180:h6496/p2 18181:h6496/p2 18182:h6496/p2
2026-09-03 01:08:44 OK port 18180 [quick] height=6511 peers=2 p2p=aligned aligned=True failed=
2026-09-03 01:08:44 OK port 18181 [quick] height=6511 peers=2 p2p=aligned aligned=True failed=
2026-09-03 01:08:44 OK port 18182 [quick] height=6511 peers=2 p2p=aligned aligned=True failed=
2026-09-03 01:08:44 OK mesh aligned 18180:h6511/p2 18181:h6511/p2 18182:h6511/p2
2026-09-03 01:13:46 OK port 18180 [quick] height=6526 peers=2 p2p=aligned aligned=True failed=
2026-09-03 01:13:46 OK port 18181 [quick] height=6526 peers=2 p2p=aligned aligned=True failed=
2026-09-03 01:13:46 OK port 18182 [quick] height=6526 peers=2 p2p=aligned aligned=True failed=
2026-09-03 01:13:46 OK mesh aligned 18180:h6526/p2 18181:h6526/p2 18182:h6526/p2
2026-09-03 01:19:00 OK port 18180 [quick] height=6540 peers=2 p2p=aligned aligned=True failed=
2026-09-03 01:19:00 OK port 18181 [quick] height=6540 peers=2 p2p=aligned aligned=True failed=
2026-09-03 01:19:00 OK port 18182 [quick] height=6540 peers=2 p2p=aligned aligned=True failed=
2026-09-03 01:19:00 OK mesh aligned 18180:h6540/p2 18181:h6540/p2 18182:h6540/p2
2026-09-03 01:24:01 OK port 18180 [quick] height=6555 peers=2 p2p=aligned aligned=True failed=
2026-09-03 01:24:01 OK port 18181 [quick] height=6555 peers=2 p2p=aligned aligned=True failed=
2026-09-03 01:24:01 OK port 18182 [quick] height=6555 peers=2 p2p=aligned aligned=True failed=
2026-09-03 01:24:01 OK mesh aligned 18180:h6555/p2 18181:h6555/p2 18182:h6555/p2
2026-09-03 01:29:18 WARN OK port 18180 [full] height=6570 peers=2 p2p=aligned aligned=True failed=peer_probe_ok
2026-09-03 01:29:18 OK port 18181 [full] height=6570 peers=2 p2p=aligned aligned=True failed=
2026-09-03 01:29:18 OK port 18182 [full] height=6570 peers=2 p2p=aligned aligned=True failed=
2026-09-03 01:29:18 OK mesh aligned 18180:h6570/p2 18181:h6570/p2 18182:h6570/p2
2026-09-03 01:34:19 OK port 18180 [quick] height=6585 peers=2 p2p=aligned aligned=True failed=
2026-09-03 01:34:19 OK port 18181 [quick] height=6585 peers=2 p2p=aligned aligned=True failed=
2026-09-03 01:34:19 OK port 18182 [quick] height=6585 peers=2 p2p=aligned aligned=True failed=
2026-09-03 01:34:19 OK mesh aligned 18180:h6585/p2 18181:h6585/p2 18182:h6585/p2
2026-09-03 01:39:32 OK port 18180 [quick] height=6600 peers=2 p2p=aligned aligned=True failed=
2026-09-03 01:39:32 OK port 18181 [quick] height=6600 peers=2 p2p=aligned aligned=True failed=
2026-09-03 01:39:32 OK port 18182 [quick] height=6600 peers=2 p2p=aligned aligned=True failed=
2026-09-03 01:39:32 OK mesh aligned 18180:h6600/p2 18181:h6600/p2 18182:h6600/p2
2026-09-03 01:44:35 OK port 18180 [quick] height=6615 peers=2 p2p=aligned aligned=True failed=
2026-09-03 01:44:35 OK port 18181 [quick] height=6615 peers=2 p2p=aligned aligned=True failed=
2026-09-03 01:44:35 OK port 18182 [quick] height=6615 peers=2 p2p=aligned aligned=True failed=
2026-09-03 01:44:35 OK mesh aligned 18180:h6615/p2 18181:h6615/p2 18182:h6615/p2
2026-09-03 01:49:36 OK port 18180 [quick] height=6629 peers=2 p2p=aligned aligned=True failed=
2026-09-03 01:49:36 OK port 18181 [quick] height=6629 peers=2 p2p=aligned aligned=True failed=
2026-09-03 01:49:36 OK port 18182 [quick] height=6629 peers=2 p2p=aligned aligned=True failed=
2026-09-03 01:49:36 OK mesh aligned 18180:h6629/p2 18181:h6629/p2 18182:h6629/p2
2026-09-03 01:54:48 OK port 18180 [quick] height=6644 peers=2 p2p=aligned aligned=True failed=
2026-09-03 01:54:48 OK port 18181 [quick] height=6644 peers=2 p2p=aligned aligned=True failed=
2026-09-03 01:54:48 OK port 18182 [quick] height=6644 peers=2 p2p=aligned aligned=True failed=
2026-09-03 01:54:48 OK mesh aligned 18180:h6644/p2 18181:h6644/p2 18182:h6644/p2
2026-09-03 01:59:50 OK port 18180 [full] height=6659 peers=2 p2p=aligned aligned=True failed=
2026-09-03 01:59:50 OK port 18181 [full] height=6659 peers=2 p2p=inconsistent aligned=True failed=
2026-09-03 01:59:50 OK port 18182 [full] height=6659 peers=2 p2p=inconsistent aligned=True failed=
2026-09-03 01:59:50 OK mesh aligned 18180:h6659/p2 18181:h6659/p2 18182:h6659/p2
2026-09-03 02:04:51 OK port 18180 [quick] height=6673 peers=2 p2p=aligned aligned=True failed=
2026-09-03 02:04:51 OK port 18181 [quick] height=6673 peers=2 p2p=aligned aligned=True failed=
2026-09-03 02:04:51 OK port 18182 [quick] height=6673 peers=2 p2p=aligned aligned=True failed=
2026-09-03 02:04:51 OK mesh aligned 18180:h6673/p2 18181:h6673/p2 18182:h6673/p2
2026-09-03 02:10:08 OK port 18180 [quick] height=6688 peers=2 p2p=aligned aligned=True failed=
2026-09-03 02:10:08 OK port 18181 [quick] height=6688 peers=2 p2p=aligned aligned=True failed=
2026-09-03 02:10:08 OK port 18182 [quick] height=6688 peers=2 p2p=aligned aligned=True failed=
2026-09-03 02:10:08 OK mesh aligned 18180:h6688/p2 18181:h6688/p2 18182:h6688/p2
2026-09-03 02:15:10 OK port 18180 [quick] height=6703 peers=2 p2p=inconsistent aligned=True failed=
2026-09-03 02:15:10 OK port 18181 [quick] height=6702 peers=2 p2p=aligned aligned=True failed=
2026-09-03 02:15:10 OK port 18182 [quick] height=6702 peers=2 p2p=aligned aligned=True failed=
2026-09-03 02:15:10 OK mesh aligned 18180:h6703/p2 18181:h6702/p2 18182:h6702/p2 transient_delta=1
2026-09-03 02:20:11 OK port 18180 [quick] height=6717 peers=2 p2p=aligned aligned=True failed=
2026-09-03 02:20:11 OK port 18181 [quick] height=6717 peers=2 p2p=aligned aligned=True failed=
2026-09-03 02:20:11 OK port 18182 [quick] height=6717 peers=2 p2p=aligned aligned=True failed=
2026-09-03 02:20:11 OK mesh aligned 18180:h6717/p2 18181:h6717/p2 18182:h6717/p2
2026-09-03 02:25:13 OK port 18180 [quick] height=6731 peers=2 p2p=aligned aligned=True failed=
2026-09-03 02:25:13 OK port 18181 [quick] height=6731 peers=2 p2p=aligned aligned=True failed=
2026-09-03 02:25:13 OK port 18182 [quick] height=6731 peers=2 p2p=aligned aligned=True failed=
2026-09-03 02:25:13 OK mesh aligned 18180:h6731/p2 18181:h6731/p2 18182:h6731/p2
2026-09-03 02:30:30 WARN OK port 18180 [full] height=6746 peers=2 p2p=aligned aligned=True failed=peer_probe_ok
2026-09-03 02:30:30 OK port 18181 [full] height=6746 peers=2 p2p=aligned aligned=True failed=
2026-09-03 02:30:30 OK port 18182 [full] height=6746 peers=2 p2p=aligned aligned=True failed=
2026-09-03 02:30:30 OK mesh aligned 18180:h6746/p2 18181:h6746/p2 18182:h6746/p2
2026-09-03 02:35:31 OK port 18180 [quick] height=6761 peers=2 p2p=aligned aligned=True failed=
2026-09-03 02:35:31 OK port 18181 [quick] height=6761 peers=2 p2p=aligned aligned=True failed=
2026-09-03 02:35:31 OK port 18182 [quick] height=6761 peers=2 p2p=aligned aligned=True failed=
2026-09-03 02:35:31 OK mesh aligned 18180:h6761/p2 18181:h6761/p2 18182:h6761/p2
2026-09-03 02:40:32 OK port 18180 [quick] height=6775 peers=2 p2p=aligned aligned=True failed=
2026-09-03 02:40:32 OK port 18181 [quick] height=6775 peers=2 p2p=aligned aligned=True failed=
2026-09-03 02:40:32 OK port 18182 [quick] height=6775 peers=2 p2p=aligned aligned=True failed=
2026-09-03 02:40:32 OK mesh aligned 18180:h6775/p2 18181:h6775/p2 18182:h6775/p2
2026-09-03 02:45:34 OK port 18180 [quick] height=6790 peers=2 p2p=aligned aligned=True failed=
2026-09-03 02:45:34 OK port 18181 [quick] height=6790 peers=2 p2p=aligned aligned=True failed=
2026-09-03 02:45:34 OK port 18182 [quick] height=6790 peers=2 p2p=aligned aligned=True failed=
2026-09-03 02:45:34 OK mesh aligned 18180:h6790/p2 18181:h6790/p2 18182:h6790/p2
2026-09-03 02:50:45 OK port 18180 [quick] height=6804 peers=2 p2p=aligned aligned=True failed=
2026-09-03 02:50:45 OK port 18181 [quick] height=6804 peers=2 p2p=aligned aligned=True failed=
2026-09-03 02:50:45 OK port 18182 [quick] height=6804 peers=2 p2p=aligned aligned=True failed=
2026-09-03 02:50:45 OK mesh aligned 18180:h6804/p2 18181:h6804/p2 18182:h6804/p2
2026-09-03 02:55:51 OK port 18180 [quick] height=6818 peers=2 p2p=aligned aligned=True failed=
2026-09-03 02:55:51 OK port 18181 [quick] height=6818 peers=2 p2p=aligned aligned=True failed=
2026-09-03 02:55:51 OK port 18182 [quick] height=6818 peers=2 p2p=aligned aligned=True failed=
2026-09-03 02:55:51 OK mesh aligned 18180:h6818/p2 18181:h6818/p2 18182:h6818/p2
2026-09-03 03:00:52 OK port 18180 [full] height=6833 peers=2 p2p=aligned aligned=True failed=
2026-09-03 03:00:52 OK port 18181 [full] height=6833 peers=2 p2p=aligned aligned=True failed=
2026-09-03 03:00:52 OK port 18182 [full] height=6833 peers=2 p2p=aligned aligned=True failed=
2026-09-03 03:00:52 OK mesh aligned 18180:h6833/p2 18181:h6833/p2 18182:h6833/p2
2026-09-03 03:05:53 OK port 18180 [quick] height=6847 peers=2 p2p=aligned aligned=True failed=
2026-09-03 03:05:54 OK port 18181 [quick] height=6847 peers=2 p2p=aligned aligned=True failed=
2026-09-03 03:05:54 OK port 18182 [quick] height=6847 peers=2 p2p=aligned aligned=True failed=
2026-09-03 03:05:54 OK mesh aligned 18180:h6847/p2 18181:h6847/p2 18182:h6847/p2
2026-09-03 03:10:55 OK port 18180 [quick] height=6861 peers=2 p2p=aligned aligned=True failed=
2026-09-03 03:10:55 OK port 18181 [quick] height=6861 peers=2 p2p=aligned aligned=True failed=
2026-09-03 03:10:55 OK port 18182 [quick] height=6861 peers=2 p2p=aligned aligned=True failed=
2026-09-03 03:10:55 OK mesh aligned 18180:h6861/p2 18181:h6861/p2 18182:h6861/p2
2026-09-03 03:15:56 OK port 18180 [quick] height=6875 peers=2 p2p=aligned aligned=True failed=
2026-09-03 03:15:56 OK port 18181 [quick] height=6875 peers=2 p2p=aligned aligned=True failed=
2026-09-03 03:15:56 OK port 18182 [quick] height=6875 peers=2 p2p=aligned aligned=True failed=
2026-09-03 03:15:56 OK mesh aligned 18180:h6875/p2 18181:h6875/p2 18182:h6875/p2
2026-09-03 03:20:57 OK port 18180 [quick] height=6889 peers=2 p2p=aligned aligned=True failed=
2026-09-03 03:20:57 OK port 18181 [quick] height=6889 peers=2 p2p=aligned aligned=True failed=
2026-09-03 03:20:57 OK port 18182 [quick] height=6889 peers=2 p2p=aligned aligned=True failed=
2026-09-03 03:20:57 OK mesh aligned 18180:h6889/p2 18181:h6889/p2 18182:h6889/p2
2026-09-03 03:25:59 OK port 18180 [quick] height=6904 peers=2 p2p=inconsistent aligned=True failed=
2026-09-03 03:25:59 OK port 18181 [quick] height=6903 peers=2 p2p=inconsistent aligned=True failed=
2026-09-03 03:25:59 OK port 18182 [quick] height=6903 peers=2 p2p=inconsistent aligned=True failed=
2026-09-03 03:25:59 OK mesh aligned 18180:h6904/p2 18181:h6903/p2 18182:h6903/p2 transient_delta=1
2026-09-03 03:31:19 WARN OK port 18180 [full] height=6918 peers=2 p2p=aligned aligned=True failed=peer_probe_ok
2026-09-03 03:31:19 OK port 18181 [full] height=6918 peers=2 p2p=aligned aligned=True failed=
2026-09-03 03:31:19 OK port 18182 [full] height=6918 peers=2 p2p=aligned aligned=True failed=
2026-09-03 03:31:19 OK mesh aligned 18180:h6918/p2 18181:h6918/p2 18182:h6918/p2
2026-09-03 03:36:25 OK port 18180 [quick] height=6933 peers=2 p2p=inconsistent aligned=True failed=
2026-09-03 03:36:25 OK port 18181 [quick] height=6932 peers=2 p2p=aligned aligned=True failed=
2026-09-03 03:36:25 OK port 18182 [quick] height=6932 peers=2 p2p=aligned aligned=True failed=
2026-09-03 03:36:25 OK mesh aligned 18180:h6933/p2 18181:h6932/p2 18182:h6932/p2 transient_delta=1
2026-09-03 03:41:26 OK port 18180 [quick] height=6947 peers=2 p2p=aligned aligned=True failed=
2026-09-03 03:41:26 OK port 18181 [quick] height=6947 peers=2 p2p=aligned aligned=True failed=
2026-09-03 03:41:26 OK port 18182 [quick] height=6947 peers=2 p2p=aligned aligned=True failed=
2026-09-03 03:41:26 OK mesh aligned 18180:h6947/p2 18181:h6947/p2 18182:h6947/p2
2026-09-03 03:46:27 OK port 18180 [quick] height=6961 peers=2 p2p=aligned aligned=True failed=
2026-09-03 03:46:27 OK port 18181 [quick] height=6961 peers=2 p2p=aligned aligned=True failed=
2026-09-03 03:46:27 OK port 18182 [quick] height=6961 peers=2 p2p=aligned aligned=True failed=
2026-09-03 03:46:27 OK mesh aligned 18180:h6961/p2 18181:h6961/p2 18182:h6961/p2
2026-09-03 03:51:29 OK port 18180 [quick] height=6975 peers=2 p2p=aligned aligned=True failed=
2026-09-03 03:51:29 OK port 18181 [quick] height=6975 peers=2 p2p=aligned aligned=True failed=
2026-09-03 03:51:29 OK port 18182 [quick] height=6975 peers=2 p2p=aligned aligned=True failed=
2026-09-03 03:51:29 OK mesh aligned 18180:h6975/p2 18181:h6975/p2 18182:h6975/p2
2026-09-03 03:56:32 OK port 18180 [quick] height=6988 peers=2 p2p=aligned aligned=True failed=
2026-09-03 03:56:32 OK port 18181 [quick] height=6988 peers=2 p2p=aligned aligned=True failed=
2026-09-03 03:56:32 OK port 18182 [quick] height=6988 peers=2 p2p=aligned aligned=True failed=
2026-09-03 03:56:32 OK mesh aligned 18180:h6988/p2 18181:h6988/p2 18182:h6988/p2
2026-09-03 04:01:36 OK port 18180 [full] height=7002 peers=2 p2p=aligned aligned=True failed=
2026-09-03 04:01:36 OK port 18181 [full] height=7002 peers=2 p2p=aligned aligned=True failed=
2026-09-03 04:01:36 OK port 18182 [full] height=7002 peers=2 p2p=aligned aligned=True failed=
2026-09-03 04:01:36 OK mesh aligned 18180:h7002/p2 18181:h7002/p2 18182:h7002/p2
2026-09-03 04:06:40 OK port 18180 [quick] height=7016 peers=2 p2p=aligned aligned=True failed=
2026-09-03 04:06:40 OK port 18181 [quick] height=7016 peers=2 p2p=aligned aligned=True failed=
2026-09-03 04:06:40 OK port 18182 [quick] height=7016 peers=2 p2p=aligned aligned=True failed=
2026-09-03 04:06:40 OK mesh aligned 18180:h7016/p2 18181:h7016/p2 18182:h7016/p2
2026-09-03 04:11:42 OK port 18180 [quick] height=7031 peers=2 p2p=aligned aligned=True failed=
2026-09-03 04:11:42 OK port 18181 [quick] height=7031 peers=2 p2p=aligned aligned=True failed=
2026-09-03 04:11:42 OK port 18182 [quick] height=7031 peers=2 p2p=aligned aligned=True failed=
2026-09-03 04:11:42 OK mesh aligned 18180:h7031/p2 18181:h7031/p2 18182:h7031/p2
2026-09-03 04:16:44 OK port 18180 [quick] height=7045 peers=2 p2p=aligned aligned=True failed=
2026-09-03 04:16:44 OK port 18181 [quick] height=7045 peers=2 p2p=aligned aligned=True failed=
2026-09-03 04:16:44 OK port 18182 [quick] height=7045 peers=2 p2p=aligned aligned=True failed=
2026-09-03 04:16:44 OK mesh aligned 18180:h7045/p2 18181:h7045/p2 18182:h7045/p2
2026-09-03 04:21:46 OK port 18180 [quick] height=7059 peers=2 p2p=aligned aligned=True failed=
2026-09-03 04:21:46 OK port 18181 [quick] height=7059 peers=2 p2p=aligned aligned=True failed=
2026-09-03 04:21:46 OK port 18182 [quick] height=7059 peers=2 p2p=aligned aligned=True failed=
2026-09-03 04:21:46 OK mesh aligned 18180:h7059/p2 18181:h7059/p2 18182:h7059/p2
2026-09-03 04:26:49 OK port 18180 [quick] height=7073 peers=2 p2p=aligned aligned=True failed=
2026-09-03 04:26:49 OK port 18181 [quick] height=7073 peers=2 p2p=aligned aligned=True failed=
2026-09-03 04:26:49 OK port 18182 [quick] height=7073 peers=2 p2p=aligned aligned=True failed=
2026-09-03 04:26:49 OK mesh aligned 18180:h7073/p2 18181:h7073/p2 18182:h7073/p2
2026-09-03 04:31:51 OK port 18180 [full] height=7087 peers=2 p2p=inconsistent aligned=True failed=
2026-09-03 04:31:51 OK port 18181 [full] height=7087 peers=2 p2p=inconsistent aligned=True failed=
2026-09-03 04:31:51 OK port 18182 [full] height=7087 peers=2 p2p=aligned aligned=True failed=
2026-09-03 04:31:51 OK mesh aligned 18180:h7087/p2 18181:h7087/p2 18182:h7087/p2
2026-09-03 04:36:58 OK port 18180 [quick] height=7101 peers=2 p2p=inconsistent aligned=True failed=
2026-09-03 04:36:58 OK port 18181 [quick] height=7100 peers=2 p2p=aligned aligned=True failed=
2026-09-03 04:36:58 OK port 18182 [quick] height=7100 peers=2 p2p=aligned aligned=True failed=
2026-09-03 04:36:58 OK mesh aligned 18180:h7101/p2 18181:h7100/p2 18182:h7100/p2 transient_delta=1
2026-09-03 04:42:02 OK port 18180 [quick] height=7114 peers=2 p2p=aligned aligned=True failed=
2026-09-03 04:42:02 OK port 18181 [quick] height=7114 peers=2 p2p=aligned aligned=True failed=
2026-09-03 04:42:02 OK port 18182 [quick] height=7114 peers=2 p2p=aligned aligned=True failed=
2026-09-03 04:42:02 OK mesh aligned 18180:h7114/p2 18181:h7114/p2 18182:h7114/p2
2026-09-03 04:47:11 OK port 18180 [quick] height=7128 peers=2 p2p=aligned aligned=True failed=
2026-09-03 04:47:11 OK port 18181 [quick] height=7128 peers=2 p2p=aligned aligned=True failed=
2026-09-03 04:47:11 OK port 18182 [quick] height=7128 peers=2 p2p=aligned aligned=True failed=
2026-09-03 04:47:11 OK mesh aligned 18180:h7128/p2 18181:h7128/p2 18182:h7128/p2
2026-09-03 04:52:17 OK port 18180 [quick] height=7142 peers=2 p2p=aligned aligned=True failed=
2026-09-03 04:52:17 OK port 18181 [quick] height=7142 peers=2 p2p=aligned aligned=True failed=
2026-09-03 04:52:17 OK port 18182 [quick] height=7142 peers=2 p2p=aligned aligned=True failed=
2026-09-03 04:52:17 OK mesh aligned 18180:h7142/p2 18181:h7142/p2 18182:h7142/p2
2026-09-03 04:57:24 OK port 18180 [quick] height=7156 peers=2 p2p=aligned aligned=True failed=
2026-09-03 04:57:24 OK port 18181 [quick] height=7156 peers=2 p2p=aligned aligned=True failed=
2026-09-03 04:57:24 OK port 18182 [quick] height=7156 peers=2 p2p=aligned aligned=True failed=
2026-09-03 04:57:24 OK mesh aligned 18180:h7156/p2 18181:h7156/p2 18182:h7156/p2
2026-09-03 05:02:30 OK port 18180 [full] height=7170 peers=2 p2p=aligned aligned=True failed=
2026-09-03 05:02:30 OK port 18181 [full] height=7170 peers=2 p2p=aligned aligned=True failed=
2026-09-03 05:02:30 OK port 18182 [full] height=7170 peers=2 p2p=aligned aligned=True failed=
2026-09-03 05:02:30 OK mesh aligned 18180:h7170/p2 18181:h7170/p2 18182:h7170/p2
2026-09-03 05:07:38 OK port 18180 [quick] height=7185 peers=2 p2p=inconsistent aligned=True failed=
2026-09-03 05:07:38 OK port 18181 [quick] height=7184 peers=2 p2p=aligned aligned=True failed=
2026-09-03 05:07:38 OK port 18182 [quick] height=7184 peers=2 p2p=aligned aligned=True failed=
2026-09-03 05:07:38 OK mesh aligned 18180:h7185/p2 18181:h7184/p2 18182:h7184/p2 transient_delta=1
2026-09-03 05:12:46 OK port 18180 [quick] height=7198 peers=2 p2p=aligned aligned=True failed=
2026-09-03 05:12:46 OK port 18181 [quick] height=7198 peers=2 p2p=aligned aligned=True failed=
2026-09-03 05:12:46 OK port 18182 [quick] height=7198 peers=2 p2p=aligned aligned=True failed=
2026-09-03 05:12:46 OK mesh aligned 18180:h7198/p2 18181:h7198/p2 18182:h7198/p2
2026-09-03 05:17:54 OK port 18180 [quick] height=7212 peers=2 p2p=aligned aligned=True failed=
2026-09-03 05:17:54 OK port 18181 [quick] height=7212 peers=2 p2p=aligned aligned=True failed=
2026-09-03 05:17:54 OK port 18182 [quick] height=7212 peers=2 p2p=aligned aligned=True failed=
2026-09-03 05:17:54 OK mesh aligned 18180:h7212/p2 18181:h7212/p2 18182:h7212/p2
2026-09-03 05:23:05 OK port 18180 [quick] height=7226 peers=2 p2p=aligned aligned=True failed=
2026-09-03 05:23:05 OK port 18181 [quick] height=7226 peers=2 p2p=aligned aligned=True failed=
2026-09-03 05:23:05 OK port 18182 [quick] height=7226 peers=2 p2p=aligned aligned=True failed=
2026-09-03 05:23:05 OK mesh aligned 18180:h7226/p2 18181:h7226/p2 18182:h7226/p2
2026-09-03 05:28:14 OK port 18180 [quick] height=7240 peers=2 p2p=aligned aligned=True failed=
2026-09-03 05:28:14 OK port 18181 [quick] height=7240 peers=2 p2p=aligned aligned=True failed=
2026-09-03 05:28:14 OK port 18182 [quick] height=7240 peers=2 p2p=aligned aligned=True failed=
2026-09-03 05:28:14 OK mesh aligned 18180:h7240/p2 18181:h7240/p2 18182:h7240/p2
2026-09-03 05:33:23 OK port 18180 [full] height=7254 peers=2 p2p=aligned aligned=True failed=
2026-09-03 05:33:23 OK port 18181 [full] height=7254 peers=2 p2p=aligned aligned=True failed=
2026-09-03 05:33:23 OK port 18182 [full] height=7254 peers=2 p2p=aligned aligned=True failed=
2026-09-03 05:33:23 OK mesh aligned 18180:h7254/p2 18181:h7254/p2 18182:h7254/p2
2026-09-03 05:38:33 OK port 18180 [quick] height=7268 peers=2 p2p=aligned aligned=True failed=
2026-09-03 05:38:33 OK port 18181 [quick] height=7268 peers=2 p2p=aligned aligned=True failed=
2026-09-03 05:38:33 OK port 18182 [quick] height=7268 peers=2 p2p=aligned aligned=True failed=
2026-09-03 05:38:33 OK mesh aligned 18180:h7268/p2 18181:h7268/p2 18182:h7268/p2
2026-09-03 05:43:43 OK port 18180 [quick] height=7282 peers=2 p2p=aligned aligned=True failed=
2026-09-03 05:43:43 OK port 18181 [quick] height=7282 peers=2 p2p=aligned aligned=True failed=
2026-09-03 05:43:43 OK port 18182 [quick] height=7282 peers=2 p2p=aligned aligned=True failed=
2026-09-03 05:43:43 OK mesh aligned 18180:h7282/p2 18181:h7282/p2 18182:h7282/p2
2026-09-03 05:48:54 OK port 18180 [quick] height=7296 peers=2 p2p=aligned aligned=True failed=
2026-09-03 05:48:54 OK port 18181 [quick] height=7296 peers=2 p2p=aligned aligned=True failed=
2026-09-03 05:48:54 OK port 18182 [quick] height=7296 peers=2 p2p=aligned aligned=True failed=
2026-09-03 05:48:54 OK mesh aligned 18180:h7296/p2 18181:h7296/p2 18182:h7296/p2
2026-09-03 05:54:07 OK port 18180 [quick] height=7310 peers=2 p2p=aligned aligned=True failed=
2026-09-03 05:54:07 OK port 18181 [quick] height=7310 peers=2 p2p=aligned aligned=True failed=
2026-09-03 05:54:07 OK port 18182 [quick] height=7310 peers=2 p2p=aligned aligned=True failed=
2026-09-03 05:54:07 OK mesh aligned 18180:h7310/p2 18181:h7310/p2 18182:h7310/p2
2026-09-03 05:59:20 OK port 18180 [quick] height=7324 peers=2 p2p=aligned aligned=True failed=
2026-09-03 05:59:20 OK port 18181 [quick] height=7324 peers=2 p2p=aligned aligned=True failed=
2026-09-03 05:59:20 OK port 18182 [quick] height=7324 peers=2 p2p=aligned aligned=True failed=
2026-09-03 05:59:20 OK mesh aligned 18180:h7324/p2 18181:h7324/p2 18182:h7324/p2
2026-09-03 06:04:35 OK port 18180 [full] height=7338 peers=2 p2p=aligned aligned=True failed=
2026-09-03 06:04:35 OK port 18181 [full] height=7338 peers=2 p2p=aligned aligned=True failed=
2026-09-03 06:04:35 OK port 18182 [full] height=7338 peers=2 p2p=aligned aligned=True failed=
2026-09-03 06:04:35 OK mesh aligned 18180:h7338/p2 18181:h7338/p2 18182:h7338/p2
2026-09-03 06:09:50 OK port 18180 [quick] height=7352 peers=2 p2p=aligned aligned=True failed=
2026-09-03 06:09:50 OK port 18181 [quick] height=7352 peers=2 p2p=aligned aligned=True failed=
2026-09-03 06:09:50 OK port 18182 [quick] height=7352 peers=2 p2p=aligned aligned=True failed=
2026-09-03 06:09:50 OK mesh aligned 18180:h7352/p2 18181:h7352/p2 18182:h7352/p2
2026-09-03 06:15:05 OK port 18180 [quick] height=7366 peers=2 p2p=aligned aligned=True failed=
2026-09-03 06:15:05 OK port 18181 [quick] height=7366 peers=2 p2p=aligned aligned=True failed=
2026-09-03 06:15:05 OK port 18182 [quick] height=7366 peers=2 p2p=aligned aligned=True failed=
2026-09-03 06:15:05 OK mesh aligned 18180:h7366/p2 18181:h7366/p2 18182:h7366/p2
2026-09-03 06:20:22 OK port 18180 [quick] height=7380 peers=2 p2p=aligned aligned=True failed=
2026-09-03 06:20:22 OK port 18181 [quick] height=7380 peers=2 p2p=aligned aligned=True failed=
2026-09-03 06:20:22 OK port 18182 [quick] height=7380 peers=2 p2p=inconsistent aligned=True failed=
2026-09-03 06:20:22 OK mesh aligned 18180:h7380/p2 18181:h7380/p2 18182:h7380/p2
2026-09-03 06:25:38 OK port 18180 [quick] height=7394 peers=2 p2p=aligned aligned=True failed=
2026-09-03 06:25:38 OK port 18181 [quick] height=7394 peers=2 p2p=aligned aligned=True failed=
2026-09-03 06:25:38 OK port 18182 [quick] height=7394 peers=2 p2p=aligned aligned=True failed=
2026-09-03 06:25:38 OK mesh aligned 18180:h7394/p2 18181:h7394/p2 18182:h7394/p2
2026-09-03 06:30:56 OK port 18180 [quick] height=7408 peers=2 p2p=aligned aligned=True failed=
2026-09-03 06:30:56 OK port 18181 [quick] height=7408 peers=2 p2p=aligned aligned=True failed=
2026-09-03 06:30:56 OK port 18182 [quick] height=7408 peers=2 p2p=aligned aligned=True failed=
2026-09-03 06:30:56 OK mesh aligned 18180:h7408/p2 18181:h7408/p2 18182:h7408/p2
2026-09-03 06:36:14 OK port 18180 [full] height=7422 peers=2 p2p=aligned aligned=True failed=
2026-09-03 06:36:14 WARN OK port 18181 [full] height=7422 peers=2 p2p=aligned aligned=True failed=peer_probe_ok
2026-09-03 06:36:14 OK port 18182 [full] height=7422 peers=2 p2p=aligned aligned=True failed=
2026-09-03 06:36:14 OK mesh aligned 18180:h7422/p2 18181:h7422/p2 18182:h7422/p2
2026-09-03 06:41:25 OK port 18180 [quick] height=7436 peers=2 p2p=aligned aligned=True failed=
2026-09-03 06:41:25 OK port 18181 [quick] height=7436 peers=2 p2p=aligned aligned=True failed=
2026-09-03 06:41:25 OK port 18182 [quick] height=7436 peers=2 p2p=aligned aligned=True failed=
2026-09-03 06:41:25 OK mesh aligned 18180:h7436/p2 18181:h7436/p2 18182:h7436/p2
2026-09-03 06:46:43 OK port 18180 [quick] height=7450 peers=2 p2p=aligned aligned=True failed=
2026-09-03 06:46:43 OK port 18181 [quick] height=7450 peers=2 p2p=aligned aligned=True failed=
2026-09-03 06:46:43 OK port 18182 [quick] height=7450 peers=2 p2p=aligned aligned=True failed=
2026-09-03 06:46:43 OK mesh aligned 18180:h7450/p2 18181:h7450/p2 18182:h7450/p2
2026-09-03 06:51:57 OK port 18180 [quick] height=7464 peers=2 p2p=aligned aligned=True failed=
2026-09-03 06:51:57 OK port 18181 [quick] height=7464 peers=2 p2p=aligned aligned=True failed=
2026-09-03 06:51:57 OK port 18182 [quick] height=7464 peers=2 p2p=aligned aligned=True failed=
2026-09-03 06:51:57 OK mesh aligned 18180:h7464/p2 18181:h7464/p2 18182:h7464/p2
2026-09-03 06:57:16 OK port 18180 [quick] height=7478 peers=2 p2p=aligned aligned=True failed=
2026-09-03 06:57:16 OK port 18181 [quick] height=7478 peers=2 p2p=aligned aligned=True failed=
2026-09-03 06:57:16 OK port 18182 [quick] height=7478 peers=2 p2p=aligned aligned=True failed=
2026-09-03 06:57:16 OK mesh aligned 18180:h7478/p2 18181:h7478/p2 18182:h7478/p2
2026-09-03 07:02:31 OK port 18180 [quick] height=7492 peers=2 p2p=aligned aligned=True failed=
2026-09-03 07:02:31 OK port 18181 [quick] height=7492 peers=2 p2p=aligned aligned=True failed=
2026-09-03 07:02:31 OK port 18182 [quick] height=7492 peers=2 p2p=aligned aligned=True failed=
2026-09-03 07:02:31 OK mesh aligned 18180:h7492/p2 18181:h7492/p2 18182:h7492/p2
2026-09-03 07:07:50 OK port 18180 [full] height=7506 peers=2 p2p=aligned aligned=True failed=
2026-09-03 07:07:50 OK port 18181 [full] height=7506 peers=2 p2p=aligned aligned=True failed=
2026-09-03 07:07:50 OK port 18182 [full] height=7506 peers=2 p2p=aligned aligned=True failed=
2026-09-03 07:07:50 OK mesh aligned 18180:h7506/p2 18181:h7506/p2 18182:h7506/p2
2026-09-03 07:13:03 OK port 18180 [quick] height=7518 peers=2 p2p=aligned aligned=True failed=
2026-09-03 07:13:03 WARN OK port 18181 [quick] height=7518 peers=2 p2p=inconsistent aligned=True failed=peer_probe_ok,p2p_state_consistent
2026-09-03 07:13:03 OK port 18182 [quick] height=7518 peers=2 p2p=aligned aligned=True failed=
2026-09-03 07:13:03 OK mesh aligned 18180:h7518/p2 18181:h7518/p2 18182:h7518/p2
2026-09-03 07:18:14 OK port 18180 [quick] height=7531 peers=2 p2p=aligned aligned=True failed=
2026-09-03 07:18:14 OK port 18181 [quick] height=7531 peers=2 p2p=aligned aligned=True failed=
2026-09-03 07:18:14 OK port 18182 [quick] height=7531 peers=2 p2p=aligned aligned=True failed=
2026-09-03 07:18:14 OK mesh aligned 18180:h7531/p2 18181:h7531/p2 18182:h7531/p2
2026-09-03 07:23:16 OK port 18180 [quick] height=7545 peers=2 p2p=aligned aligned=True failed=
2026-09-03 07:23:16 OK port 18181 [quick] height=7545 peers=2 p2p=aligned aligned=True failed=
2026-09-03 07:23:16 OK port 18182 [quick] height=7545 peers=2 p2p=aligned aligned=True failed=
2026-09-03 07:23:16 OK mesh aligned 18180:h7545/p2 18181:h7545/p2 18182:h7545/p2
2026-09-03 07:28:34 OK port 18180 [quick] height=7558 peers=2 p2p=aligned aligned=True failed=
2026-09-03 07:28:34 OK port 18181 [quick] height=7558 peers=2 p2p=aligned aligned=True failed=
2026-09-03 07:28:34 OK port 18182 [quick] height=7558 peers=2 p2p=aligned aligned=True failed=
2026-09-03 07:28:34 OK mesh aligned 18180:h7558/p2 18181:h7558/p2 18182:h7558/p2
2026-09-03 07:33:51 OK port 18180 [quick] height=7572 peers=2 p2p=aligned aligned=True failed=
2026-09-03 07:33:51 OK port 18181 [quick] height=7572 peers=2 p2p=aligned aligned=True failed=
2026-09-03 07:33:51 OK port 18182 [quick] height=7572 peers=2 p2p=aligned aligned=True failed=
2026-09-03 07:33:51 OK mesh aligned 18180:h7572/p2 18181:h7572/p2 18182:h7572/p2
2026-09-03 07:38:56 OK port 18180 [full] height=7585 peers=2 p2p=aligned aligned=True failed=
2026-09-03 07:38:56 OK port 18181 [full] height=7585 peers=2 p2p=aligned aligned=True failed=
2026-09-03 07:38:56 OK port 18182 [full] height=7585 peers=2 p2p=aligned aligned=True failed=
2026-09-03 07:38:56 OK mesh aligned 18180:h7585/p2 18181:h7585/p2 18182:h7585/p2
2026-09-03 07:44:12 OK port 18180 [quick] height=7599 peers=2 p2p=aligned aligned=True failed=
2026-09-03 07:44:12 OK port 18181 [quick] height=7599 peers=2 p2p=aligned aligned=True failed=
2026-09-03 07:44:12 OK port 18182 [quick] height=7599 peers=2 p2p=aligned aligned=True failed=
2026-09-03 07:44:12 OK mesh aligned 18180:h7599/p2 18181:h7599/p2 18182:h7599/p2
2026-09-03 07:49:30 OK port 18180 [quick] height=7613 peers=2 p2p=aligned aligned=True failed=
2026-09-03 07:49:30 OK port 18181 [quick] height=7613 peers=2 p2p=aligned aligned=True failed=
2026-09-03 07:49:30 OK port 18182 [quick] height=7613 peers=2 p2p=aligned aligned=True failed=
2026-09-03 07:49:30 OK mesh aligned 18180:h7613/p2 18181:h7613/p2 18182:h7613/p2
2026-09-03 07:54:32 OK port 18180 [quick] height=7627 peers=2 p2p=aligned aligned=True failed=
2026-09-03 07:54:32 OK port 18181 [quick] height=7627 peers=2 p2p=aligned aligned=True failed=
2026-09-03 07:54:32 OK port 18182 [quick] height=7627 peers=2 p2p=aligned aligned=True failed=
2026-09-03 07:54:32 OK mesh aligned 18180:h7627/p2 18181:h7627/p2 18182:h7627/p2
2026-09-03 07:59:35 OK port 18180 [quick] height=7639 peers=2 p2p=aligned aligned=True failed=
2026-09-03 07:59:35 OK port 18181 [quick] height=7639 peers=2 p2p=aligned aligned=True failed=
2026-09-03 07:59:35 OK port 18182 [quick] height=7639 peers=2 p2p=aligned aligned=True failed=
2026-09-03 07:59:35 OK mesh aligned 18180:h7639/p2 18181:h7639/p2 18182:h7639/p2
2026-09-03 08:04:52 OK port 18180 [quick] height=7653 peers=2 p2p=aligned aligned=True failed=
2026-09-03 08:04:52 OK port 18181 [quick] height=7653 peers=2 p2p=aligned aligned=True failed=
2026-09-03 08:04:52 OK port 18182 [quick] height=7653 peers=2 p2p=aligned aligned=True failed=
2026-09-03 08:04:52 OK mesh aligned 18180:h7653/p2 18181:h7653/p2 18182:h7653/p2
2026-09-03 08:09:55 OK port 18180 [full] height=7666 peers=2 p2p=aligned aligned=True failed=
2026-09-03 08:09:55 OK port 18181 [full] height=7666 peers=2 p2p=aligned aligned=True failed=
2026-09-03 08:09:55 OK port 18182 [full] height=7666 peers=2 p2p=aligned aligned=True failed=
2026-09-03 08:09:55 OK mesh aligned 18180:h7666/p2 18181:h7666/p2 18182:h7666/p2
2026-09-03 08:15:00 OK port 18180 [quick] height=7679 peers=2 p2p=aligned aligned=True failed=
2026-09-03 08:15:00 OK port 18181 [quick] height=7679 peers=2 p2p=aligned aligned=True failed=
2026-09-03 08:15:00 OK port 18182 [quick] height=7679 peers=2 p2p=aligned aligned=True failed=
2026-09-03 08:15:00 OK mesh aligned 18180:h7679/p2 18181:h7679/p2 18182:h7679/p2
2026-09-03 08:20:16 OK port 18180 [quick] height=7693 peers=2 p2p=aligned aligned=True failed=
2026-09-03 08:20:16 OK port 18181 [quick] height=7693 peers=2 p2p=aligned aligned=True failed=
2026-09-03 08:20:16 OK port 18182 [quick] height=7693 peers=2 p2p=aligned aligned=True failed=
2026-09-03 08:20:16 OK mesh aligned 18180:h7693/p2 18181:h7693/p2 18182:h7693/p2
2026-09-03 08:25:19 OK port 18180 [quick] height=7706 peers=2 p2p=aligned aligned=True failed=
2026-09-03 08:25:19 OK port 18181 [quick] height=7706 peers=2 p2p=aligned aligned=True failed=
2026-09-03 08:25:19 OK port 18182 [quick] height=7706 peers=2 p2p=aligned aligned=True failed=
2026-09-03 08:25:19 OK mesh aligned 18180:h7706/p2 18181:h7706/p2 18182:h7706/p2
2026-09-03 08:30:25 OK port 18180 [quick] height=7719 peers=2 p2p=aligned aligned=True failed=
2026-09-03 08:30:25 OK port 18181 [quick] height=7719 peers=2 p2p=aligned aligned=True failed=
2026-09-03 08:30:25 OK port 18182 [quick] height=7719 peers=2 p2p=aligned aligned=True failed=
2026-09-03 08:30:25 OK mesh aligned 18180:h7719/p2 18181:h7719/p2 18182:h7719/p2
2026-09-03 08:35:43 OK port 18180 [quick] height=7733 peers=2 p2p=aligned aligned=True failed=
2026-09-03 08:35:43 OK port 18181 [quick] height=7733 peers=2 p2p=aligned aligned=True failed=
2026-09-03 08:35:43 OK port 18182 [quick] height=7733 peers=2 p2p=aligned aligned=True failed=
2026-09-03 08:35:44 OK mesh aligned 18180:h7733/p2 18181:h7733/p2 18182:h7733/p2
2026-09-03 08:40:47 OK port 18180 [full] height=7746 peers=2 p2p=aligned aligned=True failed=
2026-09-03 08:40:47 OK port 18181 [full] height=7746 peers=2 p2p=aligned aligned=True failed=
2026-09-03 08:40:47 OK port 18182 [full] height=7746 peers=2 p2p=aligned aligned=True failed=
2026-09-03 08:40:47 OK mesh aligned 18180:h7746/p2 18181:h7746/p2 18182:h7746/p2
2026-09-03 08:45:55 OK port 18180 [quick] height=7758 peers=2 p2p=aligned aligned=True failed=
2026-09-03 08:45:55 OK port 18181 [quick] height=7758 peers=2 p2p=aligned aligned=True failed=
2026-09-03 08:45:55 OK port 18182 [quick] height=7758 peers=2 p2p=aligned aligned=True failed=
2026-09-03 08:45:55 OK mesh aligned 18180:h7758/p2 18181:h7758/p2 18182:h7758/p2
2026-09-03 08:50:56 OK port 18180 [quick] height=7772 peers=2 p2p=aligned aligned=True failed=
2026-09-03 08:50:56 OK port 18181 [quick] height=7772 peers=2 p2p=aligned aligned=True failed=
2026-09-03 08:50:56 OK port 18182 [quick] height=7772 peers=2 p2p=aligned aligned=True failed=
2026-09-03 08:50:56 OK mesh aligned 18180:h7772/p2 18181:h7772/p2 18182:h7772/p2
2026-09-03 08:56:04 OK port 18180 [quick] height=7784 peers=2 p2p=aligned aligned=True failed=
2026-09-03 08:56:04 OK port 18181 [quick] height=7784 peers=2 p2p=aligned aligned=True failed=
2026-09-03 08:56:04 OK port 18182 [quick] height=7784 peers=2 p2p=aligned aligned=True failed=
2026-09-03 08:56:04 OK mesh aligned 18180:h7784/p2 18181:h7784/p2 18182:h7784/p2
2026-09-03 09:01:05 OK port 18180 [quick] height=7798 peers=2 p2p=aligned aligned=True failed=
2026-09-03 09:01:05 OK port 18181 [quick] height=7798 peers=2 p2p=aligned aligned=True failed=
2026-09-03 09:01:05 OK port 18182 [quick] height=7798 peers=2 p2p=aligned aligned=True failed=
2026-09-03 09:01:05 OK mesh aligned 18180:h7798/p2 18181:h7798/p2 18182:h7798/p2
2026-09-03 09:06:12 OK port 18180 [quick] height=7811 peers=2 p2p=inconsistent aligned=True failed=
2026-09-03 09:06:12 OK port 18181 [quick] height=7810 peers=2 p2p=aligned aligned=True failed=
2026-09-03 09:06:12 OK port 18182 [quick] height=7810 peers=2 p2p=aligned aligned=True failed=
2026-09-03 09:06:12 OK mesh aligned 18180:h7811/p2 18181:h7810/p2 18182:h7810/p2 transient_delta=1
2026-09-03 09:11:14 OK port 18180 [full] height=7824 peers=2 p2p=aligned aligned=True failed=
2026-09-03 09:11:14 OK port 18181 [full] height=7824 peers=2 p2p=aligned aligned=True failed=
2026-09-03 09:11:14 OK port 18182 [full] height=7824 peers=2 p2p=aligned aligned=True failed=
2026-09-03 09:11:14 OK mesh aligned 18180:h7824/p2 18181:h7824/p2 18182:h7824/p2
2026-09-03 09:16:23 OK port 18180 [quick] height=7836 peers=2 p2p=aligned aligned=True failed=
2026-09-03 09:16:23 OK port 18181 [quick] height=7836 peers=2 p2p=aligned aligned=True failed=
2026-09-03 09:16:23 OK port 18182 [quick] height=7836 peers=2 p2p=aligned aligned=True failed=
2026-09-03 09:16:23 OK mesh aligned 18180:h7836/p2 18181:h7836/p2 18182:h7836/p2
2026-09-03 09:21:26 OK port 18180 [quick] height=7849 peers=2 p2p=aligned aligned=True failed=
2026-09-03 09:21:26 OK port 18181 [quick] height=7849 peers=2 p2p=aligned aligned=True failed=
2026-09-03 09:21:26 OK port 18182 [quick] height=7849 peers=2 p2p=aligned aligned=True failed=
2026-09-03 09:21:26 OK mesh aligned 18180:h7849/p2 18181:h7849/p2 18182:h7849/p2
2026-09-03 09:26:35 OK port 18180 [quick] height=7863 peers=2 p2p=inconsistent aligned=True failed=
2026-09-03 09:26:35 OK port 18181 [quick] height=7862 peers=2 p2p=aligned aligned=True failed=
2026-09-03 09:26:35 OK port 18182 [quick] height=7862 peers=2 p2p=aligned aligned=True failed=
2026-09-03 09:26:35 OK mesh aligned 18180:h7863/p2 18181:h7862/p2 18182:h7862/p2 transient_delta=1
2026-09-03 09:31:37 OK port 18180 [quick] height=7876 peers=2 p2p=inconsistent aligned=True failed=
2026-09-03 09:31:37 OK port 18181 [quick] height=7875 peers=2 p2p=inconsistent aligned=True failed=
2026-09-03 09:31:37 OK port 18182 [quick] height=7875 peers=2 p2p=inconsistent aligned=True failed=
2026-09-03 09:31:37 OK mesh aligned 18180:h7876/p2 18181:h7875/p2 18182:h7875/p2 transient_delta=1
2026-09-03 09:36:49 OK port 18180 [quick] height=7889 peers=2 p2p=inconsistent aligned=True failed=
2026-09-03 09:36:49 OK port 18181 [quick] height=7888 peers=2 p2p=aligned aligned=True failed=
2026-09-03 09:36:49 OK port 18182 [quick] height=7888 peers=2 p2p=aligned aligned=True failed=
2026-09-03 09:36:49 OK mesh aligned 18180:h7889/p2 18181:h7888/p2 18182:h7888/p2 transient_delta=1
2026-09-03 09:41:54 OK port 18180 [full] height=7901 peers=2 p2p=aligned aligned=True failed=
2026-09-03 09:41:54 OK port 18181 [full] height=7901 peers=2 p2p=aligned aligned=True failed=
2026-09-03 09:41:54 OK port 18182 [full] height=7901 peers=2 p2p=aligned aligned=True failed=
2026-09-03 09:41:54 OK mesh aligned 18180:h7901/p2 18181:h7901/p2 18182:h7901/p2
2026-09-03 09:47:06 OK port 18180 [quick] height=7914 peers=2 p2p=aligned aligned=True failed=
2026-09-03 09:47:06 OK port 18181 [quick] height=7914 peers=2 p2p=aligned aligned=True failed=
2026-09-03 09:47:06 OK port 18182 [quick] height=7914 peers=2 p2p=aligned aligned=True failed=
2026-09-03 09:47:06 OK mesh aligned 18180:h7914/p2 18181:h7914/p2 18182:h7914/p2
2026-09-03 09:52:12 OK port 18180 [quick] height=7927 peers=2 p2p=aligned aligned=True failed=
2026-09-03 09:52:12 OK port 18181 [quick] height=7927 peers=2 p2p=aligned aligned=True failed=
2026-09-03 09:52:12 OK port 18182 [quick] height=7927 peers=2 p2p=aligned aligned=True failed=
2026-09-03 09:52:12 OK mesh aligned 18180:h7927/p2 18181:h7927/p2 18182:h7927/p2
2026-09-03 09:57:23 OK port 18180 [quick] height=7940 peers=2 p2p=aligned aligned=True failed=
2026-09-03 09:57:23 OK port 18181 [quick] height=7940 peers=2 p2p=aligned aligned=True failed=
2026-09-03 09:57:23 OK port 18182 [quick] height=7940 peers=2 p2p=aligned aligned=True failed=
2026-09-03 09:57:23 OK mesh aligned 18180:h7940/p2 18181:h7940/p2 18182:h7940/p2
2026-09-03 10:02:28 OK port 18180 [quick] height=7953 peers=2 p2p=aligned aligned=True failed=
2026-09-03 10:02:28 OK port 18181 [quick] height=7953 peers=2 p2p=aligned aligned=True failed=
2026-09-03 10:02:28 OK port 18182 [quick] height=7953 peers=2 p2p=aligned aligned=True failed=
2026-09-03 10:02:28 OK mesh aligned 18180:h7953/p2 18181:h7953/p2 18182:h7953/p2
2026-09-03 10:07:43 OK port 18180 [quick] height=7965 peers=2 p2p=aligned aligned=True failed=
2026-09-03 10:07:43 OK port 18181 [quick] height=7965 peers=2 p2p=aligned aligned=True failed=
2026-09-03 10:07:43 OK port 18182 [quick] height=7965 peers=2 p2p=aligned aligned=True failed=
2026-09-03 10:07:43 OK mesh aligned 18180:h7965/p2 18181:h7965/p2 18182:h7965/p2
2026-09-03 10:12:50 OK port 18180 [full] height=7978 peers=2 p2p=aligned aligned=True failed=
2026-09-03 10:12:50 OK port 18181 [full] height=7978 peers=2 p2p=aligned aligned=True failed=
2026-09-03 10:12:50 OK port 18182 [full] height=7978 peers=2 p2p=aligned aligned=True failed=
2026-09-03 10:12:50 OK mesh aligned 18180:h7978/p2 18181:h7978/p2 18182:h7978/p2
2026-09-03 10:18:05 OK port 18180 [quick] height=7991 peers=2 p2p=aligned aligned=True failed=
2026-09-03 10:18:05 OK port 18181 [quick] height=7991 peers=2 p2p=aligned aligned=True failed=
2026-09-03 10:18:05 OK port 18182 [quick] height=7991 peers=2 p2p=aligned aligned=True failed=
2026-09-03 10:18:05 OK mesh aligned 18180:h7991/p2 18181:h7991/p2 18182:h7991/p2
2026-09-03 10:23:12 OK port 18180 [quick] height=8004 peers=2 p2p=aligned aligned=True failed=
2026-09-03 10:23:12 OK port 18181 [quick] height=8004 peers=2 p2p=aligned aligned=True failed=
2026-09-03 10:23:12 OK port 18182 [quick] height=8004 peers=2 p2p=aligned aligned=True failed=
2026-09-03 10:23:12 OK mesh aligned 18180:h8004/p2 18181:h8004/p2 18182:h8004/p2
2026-09-03 10:28:28 OK port 18180 [quick] height=8017 peers=2 p2p=aligned aligned=True failed=
2026-09-03 10:28:28 OK port 18181 [quick] height=8017 peers=2 p2p=aligned aligned=True failed=
2026-09-03 10:28:28 OK port 18182 [quick] height=8017 peers=2 p2p=aligned aligned=True failed=
2026-09-03 10:28:28 OK mesh aligned 18180:h8017/p2 18181:h8017/p2 18182:h8017/p2
2026-09-03 10:33:36 OK port 18180 [quick] height=8030 peers=2 p2p=aligned aligned=True failed=
2026-09-03 10:33:36 OK port 18181 [quick] height=8030 peers=2 p2p=aligned aligned=True failed=
2026-09-03 10:33:36 OK port 18182 [quick] height=8030 peers=2 p2p=aligned aligned=True failed=
2026-09-03 10:33:36 OK mesh aligned 18180:h8030/p2 18181:h8030/p2 18182:h8030/p2
2026-09-03 10:38:51 OK port 18180 [quick] height=8043 peers=2 p2p=aligned aligned=True failed=
2026-09-03 10:38:51 OK port 18181 [quick] height=8043 peers=2 p2p=aligned aligned=True failed=
2026-09-03 10:38:51 OK port 18182 [quick] height=8043 peers=2 p2p=aligned aligned=True failed=
2026-09-03 10:38:51 OK mesh aligned 18180:h8043/p2 18181:h8043/p2 18182:h8043/p2
2026-09-03 10:44:02 OK port 18180 [full] height=8056 peers=2 p2p=aligned aligned=True failed=
2026-09-03 10:44:02 OK port 18181 [full] height=8056 peers=2 p2p=aligned aligned=True failed=
2026-09-03 10:44:02 OK port 18182 [full] height=8056 peers=2 p2p=aligned aligned=True failed=
2026-09-03 10:44:02 OK mesh aligned 18180:h8056/p2 18181:h8056/p2 18182:h8056/p2
2026-09-03 10:49:19 OK port 18180 [quick] height=8069 peers=2 p2p=aligned aligned=True failed=
2026-09-03 10:49:19 OK port 18181 [quick] height=8069 peers=2 p2p=aligned aligned=True failed=
2026-09-03 10:49:19 OK port 18182 [quick] height=8069 peers=2 p2p=aligned aligned=True failed=
2026-09-03 10:49:19 OK mesh aligned 18180:h8069/p2 18181:h8069/p2 18182:h8069/p2
2026-09-03 10:54:29 OK port 18180 [quick] height=8082 peers=2 p2p=aligned aligned=True failed=
2026-09-03 10:54:29 OK port 18181 [quick] height=8082 peers=2 p2p=aligned aligned=True failed=
2026-09-03 10:54:29 OK port 18182 [quick] height=8082 peers=2 p2p=aligned aligned=True failed=
2026-09-03 10:54:29 OK mesh aligned 18180:h8082/p2 18181:h8082/p2 18182:h8082/p2
2026-09-03 10:59:46 OK port 18180 [quick] height=8095 peers=2 p2p=aligned aligned=True failed=
2026-09-03 10:59:46 OK port 18181 [quick] height=8095 peers=2 p2p=aligned aligned=True failed=
2026-09-03 10:59:46 OK port 18182 [quick] height=8095 peers=2 p2p=aligned aligned=True failed=
2026-09-03 10:59:46 OK mesh aligned 18180:h8095/p2 18181:h8095/p2 18182:h8095/p2
2026-09-03 11:04:56 OK port 18180 [quick] height=8108 peers=2 p2p=aligned aligned=True failed=
2026-09-03 11:04:56 OK port 18181 [quick] height=8108 peers=2 p2p=inconsistent aligned=True failed=
2026-09-03 11:04:56 OK port 18182 [quick] height=8108 peers=2 p2p=aligned aligned=True failed=
2026-09-03 11:04:56 OK mesh aligned 18180:h8108/p2 18181:h8108/p2 18182:h8108/p2
2026-09-03 11:10:16 OK port 18180 [quick] height=8121 peers=2 p2p=aligned aligned=True failed=
2026-09-03 11:10:16 OK port 18181 [quick] height=8121 peers=2 p2p=aligned aligned=True failed=
2026-09-03 11:10:16 OK port 18182 [quick] height=8121 peers=2 p2p=aligned aligned=True failed=
2026-09-03 11:10:16 OK mesh aligned 18180:h8121/p2 18181:h8121/p2 18182:h8121/p2
2026-09-03 11:15:28 OK port 18180 [full] height=8134 peers=2 p2p=aligned aligned=True failed=
2026-09-03 11:15:28 OK port 18181 [full] height=8134 peers=2 p2p=inconsistent aligned=True failed=
2026-09-03 11:15:28 OK port 18182 [full] height=8134 peers=2 p2p=aligned aligned=True failed=
2026-09-03 11:15:28 OK mesh aligned 18180:h8134/p2 18181:h8134/p2 18182:h8134/p2
2026-09-03 11:20:47 OK port 18180 [quick] height=8147 peers=2 p2p=aligned aligned=True failed=
2026-09-03 11:20:47 OK port 18181 [quick] height=8147 peers=2 p2p=aligned aligned=True failed=
2026-09-03 11:20:47 OK port 18182 [quick] height=8147 peers=2 p2p=aligned aligned=True failed=
2026-09-03 11:20:47 OK mesh aligned 18180:h8147/p2 18181:h8147/p2 18182:h8147/p2
2026-09-03 11:25:59 OK port 18180 [quick] height=8160 peers=2 p2p=aligned aligned=True failed=
2026-09-03 11:25:59 OK port 18181 [quick] height=8160 peers=2 p2p=aligned aligned=True failed=
2026-09-03 11:25:59 OK port 18182 [quick] height=8160 peers=2 p2p=aligned aligned=True failed=
2026-09-03 11:25:59 OK mesh aligned 18180:h8160/p2 18181:h8160/p2 18182:h8160/p2
2026-09-03 11:31:20 OK port 18180 [quick] height=8174 peers=2 p2p=inconsistent aligned=True failed=
2026-09-03 11:31:20 OK port 18181 [quick] height=8173 peers=2 p2p=aligned aligned=True failed=
2026-09-03 11:31:20 OK port 18182 [quick] height=8173 peers=2 p2p=aligned aligned=True failed=
2026-09-03 11:31:20 OK mesh aligned 18180:h8174/p2 18181:h8173/p2 18182:h8173/p2 transient_delta=1
2026-09-03 11:36:34 OK port 18180 [quick] height=8186 peers=2 p2p=aligned aligned=True failed=
2026-09-03 11:36:34 OK port 18181 [quick] height=8186 peers=2 p2p=aligned aligned=True failed=
2026-09-03 11:36:34 OK port 18182 [quick] height=8186 peers=2 p2p=aligned aligned=True failed=
2026-09-03 11:36:34 OK mesh aligned 18180:h8186/p2 18181:h8186/p2 18182:h8186/p2
2026-09-03 11:41:56 OK port 18180 [quick] height=8199 peers=2 p2p=aligned aligned=True failed=
2026-09-03 11:41:56 OK port 18181 [quick] height=8199 peers=2 p2p=aligned aligned=True failed=
2026-09-03 11:41:56 OK port 18182 [quick] height=8199 peers=2 p2p=aligned aligned=True failed=
2026-09-03 11:41:56 OK mesh aligned 18180:h8199/p2 18181:h8199/p2 18182:h8199/p2
2026-09-03 11:47:10 OK port 18180 [full] height=8212 peers=2 p2p=aligned aligned=True failed=
2026-09-03 11:47:10 OK port 18181 [full] height=8212 peers=2 p2p=aligned aligned=True failed=
2026-09-03 11:47:10 OK port 18182 [full] height=8212 peers=2 p2p=aligned aligned=True failed=
2026-09-03 11:47:10 OK mesh aligned 18180:h8212/p2 18181:h8212/p2 18182:h8212/p2
2026-09-03 11:52:31 OK port 18180 [quick] height=8225 peers=2 p2p=aligned aligned=True failed=
2026-09-03 11:52:31 WARN OK port 18181 [quick] height=8225 peers=2 p2p=inconsistent aligned=True failed=peer_probe_ok,p2p_state_consistent
2026-09-03 11:52:31 OK port 18182 [quick] height=8225 peers=2 p2p=aligned aligned=True failed=
2026-09-03 11:52:31 OK mesh aligned 18180:h8225/p2 18181:h8225/p2 18182:h8225/p2
2026-09-03 11:57:41 OK port 18180 [quick] height=8235 peers=2 p2p=inconsistent aligned=True failed=
2026-09-03 11:57:41 OK port 18181 [quick] height=8235 peers=2 p2p=aligned aligned=True failed=
2026-09-03 11:57:41 OK port 18182 [quick] height=8235 peers=2 p2p=inconsistent aligned=True failed=
2026-09-03 11:57:41 OK mesh aligned 18180:h8235/p2 18181:h8235/p2 18182:h8235/p2
2026-09-03 12:03:00 OK port 18180 [quick] height=8245 peers=2 p2p=aligned aligned=True failed=
2026-09-03 12:03:00 WARN OK port 18181 [quick] height=8245 peers=2 p2p=inconsistent aligned=True failed=peer_probe_ok,p2p_state_consistent
2026-09-03 12:03:00 OK port 18182 [quick] height=8245 peers=2 p2p=aligned aligned=True failed=
2026-09-03 12:03:00 OK mesh aligned 18180:h8245/p2 18181:h8245/p2 18182:h8245/p2
2026-09-03 12:08:20 OK port 18180 [quick] height=8256 peers=2 p2p=inconsistent aligned=True failed=
2026-09-03 12:08:20 OK port 18181 [quick] height=8256 peers=2 p2p=aligned aligned=True failed=
2026-09-03 12:08:20 OK port 18182 [quick] height=8256 peers=2 p2p=inconsistent aligned=True failed=
2026-09-03 12:08:20 OK mesh aligned 18180:h8256/p2 18181:h8256/p2 18182:h8256/p2
2026-09-03 12:13:41 OK port 18180 [quick] height=8269 peers=2 p2p=aligned aligned=True failed=
2026-09-03 12:13:41 OK port 18181 [quick] height=8269 peers=2 p2p=aligned aligned=True failed=
2026-09-03 12:13:41 OK port 18182 [quick] height=8269 peers=2 p2p=aligned aligned=True failed=
2026-09-03 12:13:41 OK mesh aligned 18180:h8269/p2 18181:h8269/p2 18182:h8269/p2
2026-09-03 12:19:02 OK port 18180 [full] height=8282 peers=2 p2p=aligned aligned=True failed=
2026-09-03 12:19:02 OK port 18181 [full] height=8282 peers=2 p2p=aligned aligned=True failed=
2026-09-03 12:19:02 OK port 18182 [full] height=8282 peers=2 p2p=aligned aligned=True failed=
2026-09-03 12:19:02 OK mesh aligned 18180:h8282/p2 18181:h8282/p2 18182:h8282/p2
2026-09-03 12:24:22 OK port 18180 [quick] height=8295 peers=2 p2p=aligned aligned=True failed=
2026-09-03 12:24:22 OK port 18181 [quick] height=8295 peers=2 p2p=aligned aligned=True failed=
2026-09-03 12:24:22 OK port 18182 [quick] height=8295 peers=2 p2p=aligned aligned=True failed=
2026-09-03 12:24:22 OK mesh aligned 18180:h8295/p2 18181:h8295/p2 18182:h8295/p2
2026-09-03 12:29:42 OK port 18180 [quick] height=8308 peers=2 p2p=aligned aligned=True failed=
2026-09-03 12:29:42 OK port 18181 [quick] height=8308 peers=2 p2p=aligned aligned=True failed=
2026-09-03 12:29:42 OK port 18182 [quick] height=8308 peers=2 p2p=aligned aligned=True failed=
2026-09-03 12:29:42 OK mesh aligned 18180:h8308/p2 18181:h8308/p2 18182:h8308/p2
2026-09-03 12:34:45 OK port 18180 [quick] height=8318 peers=2 p2p=aligned aligned=True failed=
2026-09-03 12:34:45 OK port 18181 [quick] height=8318 peers=2 p2p=aligned aligned=True failed=
2026-09-03 12:34:45 OK port 18182 [quick] height=8318 peers=2 p2p=aligned aligned=True failed=
2026-09-03 12:34:45 OK mesh aligned 18180:h8318/p2 18181:h8318/p2 18182:h8318/p2
2026-09-03 12:39:47 OK port 18180 [quick] height=8329 peers=2 p2p=aligned aligned=True failed=
2026-09-03 12:39:47 OK port 18181 [quick] height=8329 peers=2 p2p=aligned aligned=True failed=
2026-09-03 12:39:47 OK port 18182 [quick] height=8329 peers=2 p2p=aligned aligned=True failed=
2026-09-03 12:39:47 OK mesh aligned 18180:h8329/p2 18181:h8329/p2 18182:h8329/p2
2026-09-03 12:44:48 OK port 18180 [quick] height=8339 peers=2 p2p=aligned aligned=True failed=
2026-09-03 12:44:48 OK port 18181 [quick] height=8339 peers=2 p2p=aligned aligned=True failed=
2026-09-03 12:44:48 OK port 18182 [quick] height=8339 peers=2 p2p=aligned aligned=True failed=
2026-09-03 12:44:48 OK mesh aligned 18180:h8339/p2 18181:h8339/p2 18182:h8339/p2
2026-09-03 12:50:11 OK port 18180 [full] height=8347 peers=2 p2p=aligned aligned=True failed=
2026-09-03 12:50:11 OK port 18181 [full] height=8347 peers=2 p2p=aligned aligned=True failed=
2026-09-03 12:50:11 OK port 18182 [full] height=8347 peers=2 p2p=inconsistent aligned=True failed=
2026-09-03 12:50:11 OK mesh aligned 18180:h8347/p2 18181:h8347/p2 18182:h8347/p2
2026-09-03 12:55:20 OK port 18180 [quick] height=8357 peers=2 p2p=aligned aligned=True failed=
2026-09-03 12:55:20 OK port 18181 [quick] height=8357 peers=2 p2p=aligned aligned=True failed=
2026-09-03 12:55:20 OK port 18182 [quick] height=8357 peers=2 p2p=aligned aligned=True failed=
2026-09-03 12:55:20 OK mesh aligned 18180:h8357/p2 18181:h8357/p2 18182:h8357/p2
2026-09-03 13:00:27 OK port 18180 [quick] height=8368 peers=2 p2p=inconsistent aligned=True failed=
2026-09-03 13:00:27 OK port 18181 [quick] height=8368 peers=2 p2p=aligned aligned=True failed=
2026-09-03 13:00:27 OK port 18182 [quick] height=8368 peers=2 p2p=inconsistent aligned=True failed=
2026-09-03 13:00:27 OK mesh aligned 18180:h8368/p2 18181:h8368/p2 18182:h8368/p2
2026-09-03 13:05:50 OK port 18180 [quick] height=8379 peers=2 p2p=aligned aligned=True failed=
2026-09-03 13:05:50 OK port 18181 [quick] height=8379 peers=2 p2p=aligned aligned=True failed=
2026-09-03 13:05:50 OK port 18182 [quick] height=8379 peers=2 p2p=aligned aligned=True failed=
2026-09-03 13:05:50 OK mesh aligned 18180:h8379/p2 18181:h8379/p2 18182:h8379/p2
2026-09-03 13:11:12 OK port 18180 [quick] height=8390 peers=2 p2p=aligned aligned=True failed=
2026-09-03 13:11:12 WARN OK port 18181 [quick] height=8390 peers=2 p2p=inconsistent aligned=True failed=peer_probe_ok,p2p_state_consistent
2026-09-03 13:11:12 OK port 18182 [quick] height=8390 peers=2 p2p=aligned aligned=True failed=
2026-09-03 13:11:12 OK mesh aligned 18180:h8390/p2 18181:h8390/p2 18182:h8390/p2
2026-09-03 13:16:14 OK port 18180 [quick] height=8401 peers=2 p2p=aligned aligned=True failed=
2026-09-03 13:16:14 OK port 18181 [quick] height=8400 peers=2 p2p=inconsistent aligned=True failed=
2026-09-03 13:16:14 OK port 18182 [quick] height=8401 peers=2 p2p=inconsistent aligned=True failed=
2026-09-03 13:16:14 OK mesh aligned 18180:h8401/p2 18181:h8400/p2 18182:h8401/p2 transient_delta=1
2026-09-03 13:21:40 OK port 18180 [full] height=8408 peers=2 p2p=aligned aligned=True failed=
2026-09-03 13:21:40 OK port 18181 [full] height=8408 peers=2 p2p=aligned aligned=True failed=
2026-09-03 13:21:40 OK port 18182 [full] height=8408 peers=2 p2p=aligned aligned=True failed=
2026-09-03 13:21:40 OK mesh aligned 18180:h8408/p2 18181:h8408/p2 18182:h8408/p2
2026-09-03 13:27:00 OK port 18180 [quick] height=8418 peers=2 p2p=aligned aligned=True failed=
2026-09-03 13:27:00 OK port 18181 [quick] height=8419 peers=2 p2p=inconsistent aligned=True failed=
2026-09-03 13:27:00 OK port 18182 [quick] height=8418 peers=2 p2p=aligned aligned=True failed=
2026-09-03 13:27:00 OK mesh aligned 18180:h8418/p2 18181:h8419/p2 18182:h8418/p2 transient_delta=1
2026-09-03 13:32:21 OK port 18180 [quick] height=8427 peers=2 p2p=aligned aligned=True failed=
2026-09-03 13:32:21 OK port 18181 [quick] height=8427 peers=2 p2p=aligned aligned=True failed=
2026-09-03 13:32:21 OK port 18182 [quick] height=8427 peers=2 p2p=aligned aligned=True failed=
2026-09-03 13:32:21 OK mesh aligned 18180:h8427/p2 18181:h8427/p2 18182:h8427/p2
2026-09-03 13:37:36 OK port 18180 [quick] height=8437 peers=2 p2p=inconsistent aligned=True failed=
2026-09-03 13:37:36 OK port 18181 [quick] height=8436 peers=2 p2p=aligned aligned=True failed=
2026-09-03 13:37:36 OK port 18182 [quick] height=8436 peers=2 p2p=aligned aligned=True failed=
2026-09-03 13:37:36 OK mesh aligned 18180:h8437/p2 18181:h8436/p2 18182:h8436/p2 transient_delta=1
2026-09-03 13:42:49 OK port 18180 [quick] height=8446 peers=2 p2p=aligned aligned=True failed=
2026-09-03 13:42:49 OK port 18181 [quick] height=8446 peers=2 p2p=inconsistent aligned=True failed=
2026-09-03 13:42:49 OK port 18182 [quick] height=8446 peers=2 p2p=aligned aligned=True failed=
2026-09-03 13:42:49 OK mesh aligned 18180:h8446/p2 18181:h8446/p2 18182:h8446/p2
2026-09-03 13:48:13 OK port 18180 [quick] height=8458 peers=2 p2p=aligned aligned=True failed=
2026-09-03 13:48:13 OK port 18181 [quick] height=8458 peers=2 p2p=inconsistent aligned=True failed=
2026-09-03 13:48:13 OK port 18182 [quick] height=8458 peers=2 p2p=aligned aligned=True failed=
2026-09-03 13:48:13 OK mesh aligned 18180:h8458/p2 18181:h8458/p2 18182:h8458/p2
2026-09-03 13:53:39 WARN OK port 18180 [full] height=8468 peers=2 p2p=aligned aligned=True failed=peer_probe_ok
2026-09-03 13:53:39 WARN OK port 18181 [full] height=8468 peers=2 p2p=aligned aligned=True failed=peer_probe_ok
2026-09-03 13:53:39 OK port 18182 [full] height=8468 peers=2 p2p=aligned aligned=True failed=
2026-09-03 13:53:39 OK mesh aligned 18180:h8468/p2 18181:h8468/p2 18182:h8468/p2
2026-09-03 13:58:44 OK port 18180 [quick] height=8478 peers=2 p2p=aligned aligned=True failed=
2026-09-03 13:58:44 OK port 18181 [quick] height=8478 peers=2 p2p=inconsistent aligned=True failed=
2026-09-03 13:58:44 OK port 18182 [quick] height=8478 peers=2 p2p=aligned aligned=True failed=
2026-09-03 13:58:44 OK mesh aligned 18180:h8478/p2 18181:h8478/p2 18182:h8478/p2
2026-09-03 14:03:46 OK port 18180 [quick] height=8488 peers=2 p2p=inconsistent aligned=True failed=
2026-09-03 14:03:46 OK port 18181 [quick] height=8488 peers=2 p2p=aligned aligned=True failed=
2026-09-03 14:03:46 OK port 18182 [quick] height=8488 peers=2 p2p=inconsistent aligned=True failed=
2026-09-03 14:03:46 OK mesh aligned 18180:h8488/p2 18181:h8488/p2 18182:h8488/p2
2026-09-03 14:08:49 OK port 18180 [quick] height=8497 peers=2 p2p=inconsistent aligned=True failed=
2026-09-03 14:08:49 OK port 18181 [quick] height=8497 peers=2 p2p=aligned aligned=True failed=
2026-09-03 14:08:49 OK port 18182 [quick] height=8497 peers=2 p2p=inconsistent aligned=True failed=
2026-09-03 14:08:49 OK mesh aligned 18180:h8497/p2 18181:h8497/p2 18182:h8497/p2
2026-09-03 14:14:01 OK port 18180 [quick] height=8505 peers=2 p2p=aligned aligned=True failed=
2026-09-03 14:14:01 OK port 18181 [quick] height=8505 peers=2 p2p=aligned aligned=True failed=
2026-09-03 14:14:01 OK port 18182 [quick] height=8505 peers=2 p2p=aligned aligned=True failed=
2026-09-03 14:14:01 OK mesh aligned 18180:h8505/p2 18181:h8505/p2 18182:h8505/p2
2026-09-03 14:19:15 OK port 18180 [quick] height=8515 peers=2 p2p=aligned aligned=True failed=
2026-09-03 14:19:15 WARN OK port 18181 [quick] height=8515 peers=2 p2p=inconsistent aligned=True failed=peer_probe_ok,p2p_state_consistent
2026-09-03 14:19:15 OK port 18182 [quick] height=8515 peers=2 p2p=aligned aligned=True failed=
2026-09-03 14:19:15 OK mesh aligned 18180:h8515/p2 18181:h8515/p2 18182:h8515/p2
2026-09-03 14:24:37 WARN OK port 18180 [full] height=8524 peers=2 p2p=aligned aligned=True failed=peer_probe_ok
2026-09-03 14:24:37 OK port 18181 [full] height=8524 peers=2 p2p=aligned aligned=True failed=
2026-09-03 14:24:37 OK port 18182 [full] height=8524 peers=2 p2p=aligned aligned=True failed=
2026-09-03 14:24:37 OK mesh aligned 18180:h8524/p2 18181:h8524/p2 18182:h8524/p2
2026-09-03 14:29:50 OK port 18180 [quick] height=8535 peers=2 p2p=aligned aligned=True failed=
2026-09-03 14:29:50 OK port 18181 [quick] height=8535 peers=2 p2p=inconsistent aligned=True failed=
2026-09-03 14:29:50 OK port 18182 [quick] height=8535 peers=2 p2p=aligned aligned=True failed=
2026-09-03 14:29:50 OK mesh aligned 18180:h8535/p2 18181:h8535/p2 18182:h8535/p2
2026-09-03 14:34:55 OK port 18180 [quick] height=8545 peers=2 p2p=inconsistent aligned=True failed=
2026-09-03 14:34:55 OK port 18181 [quick] height=8544 peers=2 p2p=aligned aligned=True failed=
2026-09-03 14:34:55 OK port 18182 [quick] height=8545 peers=2 p2p=inconsistent aligned=True failed=
2026-09-03 14:34:55 OK mesh aligned 18180:h8545/p2 18181:h8544/p2 18182:h8545/p2 transient_delta=1
2026-09-03 14:40:03 OK port 18180 [quick] height=8555 peers=2 p2p=inconsistent aligned=True failed=
2026-09-03 14:40:03 OK port 18181 [quick] height=8555 peers=2 p2p=inconsistent aligned=True failed=
2026-09-03 14:40:03 OK port 18182 [quick] height=8555 peers=2 p2p=inconsistent aligned=True failed=
2026-09-03 14:40:03 OK mesh aligned 18180:h8555/p2 18181:h8555/p2 18182:h8555/p2
2026-09-03 14:45:06 OK port 18180 [quick] height=8564 peers=2 p2p=inconsistent aligned=True failed=
2026-09-03 14:45:06 OK port 18181 [quick] height=8564 peers=2 p2p=aligned aligned=True failed=
2026-09-03 14:45:06 OK port 18182 [quick] height=8564 peers=2 p2p=inconsistent aligned=True failed=
2026-09-03 14:45:06 OK mesh aligned 18180:h8564/p2 18181:h8564/p2 18182:h8564/p2
2026-09-03 14:50:12 OK port 18180 [quick] height=8575 peers=2 p2p=inconsistent aligned=True failed=
2026-09-03 14:50:12 OK port 18181 [quick] height=8575 peers=2 p2p=aligned aligned=True failed=
2026-09-03 14:50:12 OK port 18182 [quick] height=8575 peers=2 p2p=inconsistent aligned=True failed=
2026-09-03 14:50:12 OK mesh aligned 18180:h8575/p2 18181:h8575/p2 18182:h8575/p2
2026-09-03 14:55:20 OK port 18180 [full] height=8585 peers=2 p2p=inconsistent aligned=True failed=
2026-09-03 14:55:20 OK port 18181 [full] height=8585 peers=2 p2p=aligned aligned=True failed=
2026-09-03 14:55:20 OK port 18182 [full] height=8585 peers=2 p2p=inconsistent aligned=True failed=
2026-09-03 14:55:20 OK mesh aligned 18180:h8585/p2 18181:h8585/p2 18182:h8585/p2
2026-09-03 15:00:31 OK port 18180 [quick] height=8593 peers=2 p2p=inconsistent aligned=True failed=
2026-09-03 15:00:31 OK port 18181 [quick] height=8593 peers=2 p2p=aligned aligned=True failed=
2026-09-03 15:00:31 OK port 18182 [quick] height=8593 peers=2 p2p=inconsistent aligned=True failed=
2026-09-03 15:00:31 OK mesh aligned 18180:h8593/p2 18181:h8593/p2 18182:h8593/p2
2026-09-03 15:05:51 OK port 18180 [quick] height=8599 peers=2 p2p=inconsistent aligned=True failed=
2026-09-03 15:05:51 WARN OK port 18181 [quick] height=8599 peers=2 p2p=inconsistent aligned=True failed=peer_probe_ok,p2p_state_consistent
2026-09-03 15:05:51 OK port 18182 [quick] height=8599 peers=2 p2p=inconsistent aligned=True failed=
2026-09-03 15:05:51 OK mesh aligned 18180:h8599/p2 18181:h8599/p2 18182:h8599/p2
2026-09-03 15:11:13 OK port 18180 [quick] height=8606 peers=2 p2p=inconsistent aligned=True failed=
2026-09-03 15:11:13 OK port 18181 [quick] height=8606 peers=2 p2p=inconsistent aligned=True failed=
2026-09-03 15:11:13 OK port 18182 [quick] height=8606 peers=2 p2p=aligned aligned=True failed=
2026-09-03 15:11:13 OK mesh aligned 18180:h8606/p2 18181:h8606/p2 18182:h8606/p2
2026-09-03 15:16:23 OK port 18180 [quick] height=8613 peers=2 p2p=aligned aligned=True failed=
2026-09-03 15:16:23 OK port 18181 [quick] height=8613 peers=2 p2p=aligned aligned=True failed=
2026-09-03 15:16:23 OK port 18182 [quick] height=8613 peers=2 p2p=aligned aligned=True failed=
2026-09-03 15:16:23 OK mesh aligned 18180:h8613/p2 18181:h8613/p2 18182:h8613/p2
2026-09-03 15:21:45 OK port 18180 [quick] height=8620 peers=2 p2p=aligned aligned=True failed=
2026-09-03 15:21:45 OK port 18181 [quick] height=8621 peers=2 p2p=aligned aligned=True failed=
2026-09-03 15:21:45 OK port 18182 [quick] height=8620 peers=2 p2p=aligned aligned=True failed=
2026-09-03 15:21:45 OK mesh aligned 18180:h8620/p2 18181:h8621/p2 18182:h8620/p2 transient_delta=1
2026-09-03 15:26:52 OK port 18180 [full] height=8630 peers=2 p2p=aligned aligned=True failed=
2026-09-03 15:26:52 OK port 18181 [full] height=8630 peers=2 p2p=aligned aligned=True failed=
2026-09-03 15:26:52 OK port 18182 [full] height=8630 peers=2 p2p=aligned aligned=True failed=
2026-09-03 15:26:52 OK mesh aligned 18180:h8630/p2 18181:h8630/p2 18182:h8630/p2
2026-09-03 15:31:59 OK port 18180 [quick] height=8640 peers=2 p2p=inconsistent aligned=True failed=
2026-09-03 15:31:59 OK port 18181 [quick] height=8640 peers=2 p2p=aligned aligned=True failed=
2026-09-03 15:31:59 OK port 18182 [quick] height=8640 peers=2 p2p=inconsistent aligned=True failed=
2026-09-03 15:31:59 OK mesh aligned 18180:h8640/p2 18181:h8640/p2 18182:h8640/p2
2026-09-03 15:37:08 OK port 18180 [quick] height=8649 peers=2 p2p=inconsistent aligned=True failed=
2026-09-03 15:37:08 OK port 18181 [quick] height=8649 peers=2 p2p=aligned aligned=True failed=
2026-09-03 15:37:08 OK port 18182 [quick] height=8649 peers=2 p2p=inconsistent aligned=True failed=
2026-09-03 15:37:08 OK mesh aligned 18180:h8649/p2 18181:h8649/p2 18182:h8649/p2
2026-09-03 15:42:18 OK port 18180 [quick] height=8659 peers=2 p2p=inconsistent aligned=True failed=
2026-09-03 15:42:18 OK port 18181 [quick] height=8659 peers=2 p2p=aligned aligned=True failed=
2026-09-03 15:42:18 OK port 18182 [quick] height=8659 peers=2 p2p=inconsistent aligned=True failed=
2026-09-03 15:42:18 OK mesh aligned 18180:h8659/p2 18181:h8659/p2 18182:h8659/p2
2026-09-03 15:47:27 OK port 18180 [quick] height=8667 peers=2 p2p=aligned aligned=True failed=
2026-09-03 15:47:27 OK port 18181 [quick] height=8668 peers=2 p2p=inconsistent aligned=True failed=
2026-09-03 15:47:27 OK port 18182 [quick] height=8667 peers=2 p2p=aligned aligned=True failed=
2026-09-03 15:47:27 OK mesh aligned 18180:h8667/p2 18181:h8668/p2 18182:h8667/p2 transient_delta=1
2026-09-03 15:52:36 OK port 18180 [quick] height=8676 peers=2 p2p=aligned aligned=True failed=
2026-09-03 15:52:36 OK port 18181 [quick] height=8676 peers=2 p2p=inconsistent aligned=True failed=
2026-09-03 15:52:36 OK port 18182 [quick] height=8676 peers=2 p2p=aligned aligned=True failed=
2026-09-03 15:52:36 OK mesh aligned 18180:h8676/p2 18181:h8676/p2 18182:h8676/p2
2026-09-03 15:57:45 WARN OK port 18180 [full] height=8685 peers=2 p2p=aligned aligned=True failed=peer_probe_ok
2026-09-03 15:57:45 OK port 18181 [full] height=8685 peers=2 p2p=aligned aligned=True failed=
2026-09-03 15:57:45 OK port 18182 [full] height=8685 peers=2 p2p=aligned aligned=True failed=
2026-09-03 15:57:45 OK mesh aligned 18180:h8685/p2 18181:h8685/p2 18182:h8685/p2
2026-09-03 16:02:53 OK port 18180 [quick] height=8693 peers=2 p2p=aligned aligned=True failed=
2026-09-03 16:02:53 OK port 18181 [quick] height=8693 peers=2 p2p=aligned aligned=True failed=
2026-09-03 16:02:53 OK port 18182 [quick] height=8693 peers=2 p2p=aligned aligned=True failed=
2026-09-03 16:02:53 OK mesh aligned 18180:h8693/p2 18181:h8693/p2 18182:h8693/p2
2026-09-03 16:08:03 OK port 18180 [quick] height=8702 peers=2 p2p=aligned aligned=True failed=
2026-09-03 16:08:03 OK port 18181 [quick] height=8702 peers=2 p2p=aligned aligned=True failed=
2026-09-03 16:08:03 OK port 18182 [quick] height=8702 peers=2 p2p=aligned aligned=True failed=
2026-09-03 16:08:03 OK mesh aligned 18180:h8702/p2 18181:h8702/p2 18182:h8702/p2
2026-09-03 16:13:16 OK port 18180 [quick] height=8712 peers=2 p2p=inconsistent aligned=True failed=
2026-09-03 16:13:16 OK port 18181 [quick] height=8711 peers=2 p2p=aligned aligned=True failed=
2026-09-03 16:13:16 OK port 18182 [quick] height=8712 peers=2 p2p=inconsistent aligned=True failed=
2026-09-03 16:13:16 OK mesh aligned 18180:h8712/p2 18181:h8711/p2 18182:h8712/p2 transient_delta=1
2026-09-03 16:18:26 OK port 18180 [quick] height=8720 peers=2 p2p=aligned aligned=True failed=
2026-09-03 16:18:26 OK port 18181 [quick] height=8720 peers=2 p2p=aligned aligned=True failed=
2026-09-03 16:18:26 OK port 18182 [quick] height=8720 peers=2 p2p=aligned aligned=True failed=
2026-09-03 16:18:26 OK mesh aligned 18180:h8720/p2 18181:h8720/p2 18182:h8720/p2
2026-09-03 16:23:38 OK port 18180 [quick] height=8730 peers=2 p2p=inconsistent aligned=True failed=
2026-09-03 16:23:38 OK port 18181 [quick] height=8730 peers=2 p2p=aligned aligned=True failed=
2026-09-03 16:23:38 OK port 18182 [quick] height=8730 peers=2 p2p=inconsistent aligned=True failed=
2026-09-03 16:23:38 OK mesh aligned 18180:h8730/p2 18181:h8730/p2 18182:h8730/p2
2026-09-03 16:28:49 OK port 18180 [full] height=8739 peers=2 p2p=inconsistent aligned=True failed=
2026-09-03 16:28:49 OK port 18181 [full] height=8739 peers=2 p2p=aligned aligned=True failed=
2026-09-03 16:28:49 OK port 18182 [full] height=8739 peers=2 p2p=inconsistent aligned=True failed=
2026-09-03 16:28:49 OK mesh aligned 18180:h8739/p2 18181:h8739/p2 18182:h8739/p2
2026-09-03 16:34:04 OK port 18180 [quick] height=8748 peers=2 p2p=aligned aligned=True failed=
2026-09-03 16:34:04 OK port 18181 [quick] height=8748 peers=2 p2p=aligned aligned=True failed=
2026-09-03 16:34:04 OK port 18182 [quick] height=8748 peers=2 p2p=aligned aligned=True failed=
2026-09-03 16:34:04 OK mesh aligned 18180:h8748/p2 18181:h8748/p2 18182:h8748/p2
2026-09-03 16:39:21 OK port 18180 [quick] height=8757 peers=2 p2p=inconsistent aligned=True failed=
2026-09-03 16:39:21 OK port 18181 [quick] height=8757 peers=2 p2p=aligned aligned=True failed=
2026-09-03 16:39:21 OK port 18182 [quick] height=8757 peers=2 p2p=inconsistent aligned=True failed=
2026-09-03 16:39:21 OK mesh aligned 18180:h8757/p2 18181:h8757/p2 18182:h8757/p2
2026-09-03 16:44:35 OK port 18180 [quick] height=8765 peers=2 p2p=inconsistent aligned=True failed=
2026-09-03 16:44:35 OK port 18181 [quick] height=8765 peers=2 p2p=aligned aligned=True failed=
2026-09-03 16:44:35 OK port 18182 [quick] height=8765 peers=2 p2p=inconsistent aligned=True failed=
2026-09-03 16:44:35 OK mesh aligned 18180:h8765/p2 18181:h8765/p2 18182:h8765/p2
2026-09-03 16:49:42 OK port 18180 [quick] height=8772 peers=2 p2p=inconsistent aligned=True failed=
2026-09-03 16:49:42 OK port 18181 [quick] height=8772 peers=2 p2p=aligned aligned=True failed=
2026-09-03 16:49:42 OK port 18182 [quick] height=8772 peers=2 p2p=inconsistent aligned=True failed=
2026-09-03 16:49:42 OK mesh aligned 18180:h8772/p2 18181:h8772/p2 18182:h8772/p2
2026-09-03 16:54:58 OK port 18180 [quick] height=8782 peers=2 p2p=aligned aligned=True failed=
2026-09-03 16:54:58 OK port 18181 [quick] height=8782 peers=2 p2p=aligned aligned=True failed=
2026-09-03 16:54:58 OK port 18182 [quick] height=8782 peers=2 p2p=aligned aligned=True failed=
2026-09-03 16:54:58 OK mesh aligned 18180:h8782/p2 18181:h8782/p2 18182:h8782/p2
2026-09-03 17:00:12 OK port 18180 [full] height=8792 peers=2 p2p=inconsistent aligned=True failed=
2026-09-03 17:00:12 OK port 18181 [full] height=8792 peers=2 p2p=aligned aligned=True failed=
2026-09-03 17:00:12 OK port 18182 [full] height=8791 peers=2 p2p=inconsistent aligned=True failed=
2026-09-03 17:00:12 OK mesh aligned 18180:h8792/p2 18181:h8792/p2 18182:h8791/p2 transient_delta=1
2026-09-03 17:05:23 OK port 18180 [quick] height=8801 peers=2 p2p=aligned aligned=True failed=
2026-09-03 17:05:23 OK port 18181 [quick] height=8801 peers=2 p2p=inconsistent aligned=True failed=
2026-09-03 17:05:23 OK port 18182 [quick] height=8801 peers=2 p2p=aligned aligned=True failed=
2026-09-03 17:05:23 OK mesh aligned 18180:h8801/p2 18181:h8801/p2 18182:h8801/p2
2026-09-03 17:10:33 OK port 18180 [quick] height=8810 peers=2 p2p=inconsistent aligned=True failed=
2026-09-03 17:10:33 OK port 18181 [quick] height=8810 peers=2 p2p=aligned aligned=True failed=
2026-09-03 17:10:33 OK port 18182 [quick] height=8810 peers=2 p2p=inconsistent aligned=True failed=
2026-09-03 17:10:33 OK mesh aligned 18180:h8810/p2 18181:h8810/p2 18182:h8810/p2
2026-09-03 17:15:50 OK port 18180 [quick] height=8819 peers=2 p2p=aligned aligned=True failed=
2026-09-03 17:15:50 OK port 18181 [quick] height=8819 peers=2 p2p=aligned aligned=True failed=
2026-09-03 17:15:50 OK port 18182 [quick] height=8819 peers=2 p2p=aligned aligned=True failed=
2026-09-03 17:15:50 OK mesh aligned 18180:h8819/p2 18181:h8819/p2 18182:h8819/p2
2026-09-03 17:21:08 OK port 18180 [quick] height=8829 peers=2 p2p=aligned aligned=True failed=
2026-09-03 17:21:08 OK port 18181 [quick] height=8829 peers=2 p2p=aligned aligned=True failed=
2026-09-03 17:21:08 OK port 18182 [quick] height=8829 peers=2 p2p=aligned aligned=True failed=
2026-09-03 17:21:08 OK mesh aligned 18180:h8829/p2 18181:h8829/p2 18182:h8829/p2
2026-09-03 17:26:21 OK port 18180 [quick] height=8838 peers=2 p2p=aligned aligned=True failed=
2026-09-03 17:26:21 OK port 18181 [quick] height=8839 peers=2 p2p=inconsistent aligned=True failed=
2026-09-03 17:26:21 OK port 18182 [quick] height=8838 peers=2 p2p=aligned aligned=True failed=
2026-09-03 17:26:21 OK mesh aligned 18180:h8838/p2 18181:h8839/p2 18182:h8838/p2 transient_delta=1
2026-09-03 17:31:37 WARN OK port 18180 [full] height=8847 peers=2 p2p=aligned aligned=True failed=peer_probe_ok
2026-09-03 17:31:37 OK port 18181 [full] height=8848 peers=2 p2p=aligned aligned=True failed=
2026-09-03 17:31:37 OK port 18182 [full] height=8847 peers=2 p2p=aligned aligned=True failed=
2026-09-03 17:31:37 OK mesh aligned 18180:h8847/p2 18181:h8848/p2 18182:h8847/p2 transient_delta=1
2026-09-03 17:36:55 OK port 18180 [quick] height=8857 peers=2 p2p=aligned aligned=True failed=
2026-09-03 17:36:55 OK port 18181 [quick] height=8857 peers=2 p2p=aligned aligned=True failed=
2026-09-03 17:36:55 WARN OK port 18182 [quick] height=8857 peers=2 p2p=inconsistent aligned=True failed=peer_probe_ok,p2p_state_consistent
2026-09-03 17:36:55 OK mesh aligned 18180:h8857/p2 18181:h8857/p2 18182:h8857/p2
2026-09-03 17:42:13 OK port 18180 [quick] height=8864 peers=2 p2p=aligned aligned=True failed=
2026-09-03 17:42:13 OK port 18181 [quick] height=8864 peers=2 p2p=aligned aligned=True failed=
2026-09-03 17:42:13 OK port 18182 [quick] height=8864 peers=2 p2p=aligned aligned=True failed=
2026-09-03 17:42:13 OK mesh aligned 18180:h8864/p2 18181:h8864/p2 18182:h8864/p2
2026-09-03 17:47:34 OK port 18180 [quick] height=8871 peers=2 p2p=inconsistent aligned=True failed=
2026-09-03 17:47:34 OK port 18181 [quick] height=8871 peers=2 p2p=aligned aligned=True failed=
2026-09-03 17:47:34 OK port 18182 [quick] height=8870 peers=2 p2p=aligned aligned=True failed=
2026-09-03 17:47:34 OK mesh aligned 18180:h8871/p2 18181:h8871/p2 18182:h8870/p2 transient_delta=1
2026-09-03 17:52:51 OK port 18180 [quick] height=8876 peers=2 p2p=inconsistent aligned=True failed=
2026-09-03 17:52:51 OK port 18181 [quick] height=8876 peers=2 p2p=aligned aligned=True failed=
2026-09-03 17:52:51 WARN OK port 18182 [quick] height=8876 peers=2 p2p=inconsistent aligned=True failed=peer_probe_ok,p2p_state_consistent
2026-09-03 17:52:51 OK mesh aligned 18180:h8876/p2 18181:h8876/p2 18182:h8876/p2
2026-09-03 17:58:04 OK port 18180 [quick] height=8881 peers=2 p2p=aligned aligned=True failed=
2026-09-03 17:58:04 OK port 18181 [quick] height=8881 peers=2 p2p=aligned aligned=True failed=
2026-09-03 17:58:04 OK port 18182 [quick] height=8881 peers=2 p2p=aligned aligned=True failed=
2026-09-03 17:58:04 OK mesh aligned 18180:h8881/p2 18181:h8881/p2 18182:h8881/p2
2026-09-03 18:03:34 OK port 18180 [full] height=8886 peers=2 p2p=aligned aligned=True failed=
2026-09-03 18:03:34 OK port 18181 [full] height=8886 peers=2 p2p=aligned aligned=True failed=
2026-09-03 18:03:34 WARN OK port 18182 [full] height=8886 peers=2 p2p=aligned aligned=True failed=peer_probe_ok
2026-09-03 18:03:34 OK mesh aligned 18180:h8886/p2 18181:h8886/p2 18182:h8886/p2
2026-09-03 18:08:54 OK port 18180 [quick] height=8892 peers=2 p2p=inconsistent aligned=True failed=
2026-09-03 18:08:54 OK port 18181 [quick] height=8892 peers=2 p2p=inconsistent aligned=True failed=
2026-09-03 18:08:54 OK port 18182 [quick] height=8892 peers=2 p2p=aligned aligned=True failed=
2026-09-03 18:08:54 OK mesh aligned 18180:h8892/p2 18181:h8892/p2 18182:h8892/p2
2026-09-03 18:14:09 OK port 18180 [quick] height=8898 peers=2 p2p=aligned aligned=True failed=
2026-09-03 18:14:09 OK port 18181 [quick] height=8898 peers=2 p2p=aligned aligned=True failed=
2026-09-03 18:14:09 OK port 18182 [quick] height=8898 peers=2 p2p=aligned aligned=True failed=
2026-09-03 18:14:09 OK mesh aligned 18180:h8898/p2 18181:h8898/p2 18182:h8898/p2
2026-09-03 18:17:38 OK port 18180 [quick] height=8902 peers=2 p2p=inconsistent aligned=True failed=
2026-09-03 18:17:38 OK port 18181 [quick] height=8902 peers=2 p2p=aligned aligned=True failed=
2026-09-03 18:17:38 OK port 18182 [quick] height=8902 peers=2 p2p=inconsistent aligned=True failed=
2026-09-03 18:17:38 OK mesh aligned 18180:h8902/p2 18181:h8902/p2 18182:h8902/p2
2026-09-03 18:17:38 health_watch done (duration 2880m cycles=567 hard_fails=0 ready_only=0)
