
2026-09-06 07:13:16 health_watch start ports=29080,29081,29082 interval=300s full_every=6 log=logs/soak_48h_long_range_lab.log parallel=1 tip_stagnant_fail_after=3600s
2026-09-06 07:13:18 OK port 29080 [quick] height=4 peers=2 p2p=aligned aligned=True failed=
2026-09-06 07:13:18 OK port 29081 [quick] height=4 peers=2 p2p=aligned aligned=True failed=
2026-09-06 07:13:18 OK port 29082 [quick] height=4 peers=2 p2p=aligned aligned=True failed=
2026-09-06 07:13:18 OK mesh aligned 29080:h4/p2 29081:h4/p2 29082:h4/p2
2026-09-06 07:18:19 OK port 29080 [quick] height=24 peers=2 p2p=aligned aligned=True failed=
2026-09-06 07:18:19 OK port 29081 [quick] height=24 peers=2 p2p=aligned aligned=True failed=
2026-09-06 07:18:19 OK port 29082 [quick] height=24 peers=2 p2p=aligned aligned=True failed=
2026-09-06 07:18:19 OK mesh aligned 29080:h24/p2 29081:h24/p2 29082:h24/p2
2026-09-06 07:23:21 OK port 29080 [quick] height=44 peers=2 p2p=aligned aligned=True failed=
2026-09-06 07:23:21 OK port 29081 [quick] height=44 peers=2 p2p=aligned aligned=True failed=
2026-09-06 07:23:21 OK port 29082 [quick] height=44 peers=2 p2p=aligned aligned=True failed=
2026-09-06 07:23:21 OK mesh aligned 29080:h44/p2 29081:h44/p2 29082:h44/p2
2026-09-06 07:28:22 OK port 29080 [quick] height=64 peers=2 p2p=aligned aligned=True failed=
2026-09-06 07:28:22 OK port 29081 [quick] height=64 peers=2 p2p=aligned aligned=True failed=
2026-09-06 07:28:22 OK port 29082 [quick] height=64 peers=2 p2p=aligned aligned=True failed=
2026-09-06 07:28:22 OK mesh aligned 29080:h64/p2 29081:h64/p2 29082:h64/p2
2026-09-06 07:33:24 OK port 29080 [quick] height=84 peers=2 p2p=aligned aligned=True failed=
2026-09-06 07:33:24 OK port 29081 [quick] height=84 peers=2 p2p=aligned aligned=True failed=
2026-09-06 07:33:24 OK port 29082 [quick] height=84 peers=2 p2p=aligned aligned=True failed=
2026-09-06 07:33:24 OK mesh aligned 29080:h84/p2 29081:h84/p2 29082:h84/p2
2026-09-06 07:38:25 OK port 29080 [full] height=104 peers=2 p2p=aligned aligned=True failed=
2026-09-06 07:38:25 OK port 29081 [full] height=104 peers=2 p2p=aligned aligned=True failed=
2026-09-06 07:38:25 OK port 29082 [full] height=104 peers=2 p2p=aligned aligned=True failed=
2026-09-06 07:38:25 OK mesh aligned 29080:h104/p2 29081:h104/p2 29082:h104/p2
2026-09-06 07:43:27 OK port 29080 [quick] height=124 peers=2 p2p=aligned aligned=True failed=
2026-09-06 07:43:27 OK port 29081 [quick] height=124 peers=2 p2p=aligned aligned=True failed=
2026-09-06 07:43:27 OK port 29082 [quick] height=124 peers=2 p2p=aligned aligned=True failed=
2026-09-06 07:43:27 OK mesh aligned 29080:h124/p2 29081:h124/p2 29082:h124/p2
2026-09-06 07:48:28 OK port 29080 [quick] height=144 peers=2 p2p=aligned aligned=True failed=
2026-09-06 07:48:28 OK port 29081 [quick] height=144 peers=2 p2p=aligned aligned=True failed=
2026-09-06 07:48:28 OK port 29082 [quick] height=144 peers=2 p2p=aligned aligned=True failed=
2026-09-06 07:48:28 OK mesh aligned 29080:h144/p2 29081:h144/p2 29082:h144/p2
2026-09-06 07:53:30 OK port 29080 [quick] height=164 peers=2 p2p=aligned aligned=True failed=
2026-09-06 07:53:30 OK port 29081 [quick] height=164 peers=2 p2p=aligned aligned=True failed=
2026-09-06 07:53:30 OK port 29082 [quick] height=164 peers=2 p2p=aligned aligned=True failed=
2026-09-06 07:53:30 OK mesh aligned 29080:h164/p2 29081:h164/p2 29082:h164/p2
2026-09-06 07:58:32 OK port 29080 [quick] height=184 peers=2 p2p=aligned aligned=True failed=
2026-09-06 07:58:32 OK port 29081 [quick] height=184 peers=2 p2p=aligned aligned=True failed=
2026-09-06 07:58:32 OK port 29082 [quick] height=184 peers=2 p2p=aligned aligned=True failed=
2026-09-06 07:58:32 OK mesh aligned 29080:h184/p2 29081:h184/p2 29082:h184/p2
2026-09-06 08:03:33 OK port 29080 [quick] height=204 peers=2 p2p=aligned aligned=True failed=
2026-09-06 08:03:33 OK port 29081 [quick] height=204 peers=2 p2p=aligned aligned=True failed=
2026-09-06 08:03:33 OK port 29082 [quick] height=204 peers=2 p2p=aligned aligned=True failed=
2026-09-06 08:03:33 OK mesh aligned 29080:h204/p2 29081:h204/p2 29082:h204/p2
2026-09-06 08:08:35 OK port 29080 [full] height=224 peers=2 p2p=aligned aligned=True failed=
2026-09-06 08:08:35 OK port 29081 [full] height=224 peers=2 p2p=aligned aligned=True failed=
2026-09-06 08:08:35 OK port 29082 [full] height=224 peers=2 p2p=aligned aligned=True failed=
2026-09-06 08:08:35 OK mesh aligned 29080:h224/p2 29081:h224/p2 29082:h224/p2
2026-09-06 08:13:36 OK port 29080 [quick] height=244 peers=2 p2p=aligned aligned=True failed=
2026-09-06 08:13:36 OK port 29081 [quick] height=244 peers=2 p2p=aligned aligned=True failed=
2026-09-06 08:13:36 OK port 29082 [quick] height=244 peers=2 p2p=aligned aligned=True failed=
2026-09-06 08:13:36 OK mesh aligned 29080:h244/p2 29081:h244/p2 29082:h244/p2
2026-09-06 08:18:38 OK port 29080 [quick] height=264 peers=2 p2p=aligned aligned=True failed=
2026-09-06 08:18:38 OK port 29081 [quick] height=264 peers=2 p2p=aligned aligned=True failed=
2026-09-06 08:18:38 OK port 29082 [quick] height=264 peers=2 p2p=aligned aligned=True failed=
2026-09-06 08:18:38 OK mesh aligned 29080:h264/p2 29081:h264/p2 29082:h264/p2
2026-09-06 08:23:39 OK port 29080 [quick] height=284 peers=2 p2p=aligned aligned=True failed=
2026-09-06 08:23:39 OK port 29081 [quick] height=284 peers=2 p2p=aligned aligned=True failed=
2026-09-06 08:23:39 OK port 29082 [quick] height=284 peers=2 p2p=aligned aligned=True failed=
2026-09-06 08:23:39 OK mesh aligned 29080:h284/p2 29081:h284/p2 29082:h284/p2
2026-09-06 08:28:41 OK port 29080 [quick] height=304 peers=2 p2p=aligned aligned=True failed=
2026-09-06 08:28:41 OK port 29081 [quick] height=304 peers=2 p2p=aligned aligned=True failed=
2026-09-06 08:28:41 OK port 29082 [quick] height=304 peers=2 p2p=aligned aligned=True failed=
2026-09-06 08:28:41 OK mesh aligned 29080:h304/p2 29081:h304/p2 29082:h304/p2
2026-09-06 08:33:43 OK port 29080 [quick] height=324 peers=2 p2p=aligned aligned=True failed=
2026-09-06 08:33:43 OK port 29081 [quick] height=324 peers=2 p2p=aligned aligned=True failed=
2026-09-06 08:33:43 OK port 29082 [quick] height=324 peers=2 p2p=aligned aligned=True failed=
2026-09-06 08:33:43 OK mesh aligned 29080:h324/p2 29081:h324/p2 29082:h324/p2
2026-09-06 08:38:44 OK port 29080 [full] height=344 peers=2 p2p=aligned aligned=True failed=peer_probe_ok
2026-09-06 08:38:44 OK port 29081 [full] height=344 peers=2 p2p=aligned aligned=True failed=
2026-09-06 08:38:44 OK port 29082 [full] height=344 peers=2 p2p=aligned aligned=True failed=
2026-09-06 08:38:44 OK mesh aligned 29080:h344/p2 29081:h344/p2 29082:h344/p2
2026-09-06 08:43:46 OK port 29080 [quick] height=364 peers=2 p2p=aligned aligned=True failed=
2026-09-06 08:43:46 OK port 29081 [quick] height=364 peers=2 p2p=aligned aligned=True failed=
2026-09-06 08:43:46 OK port 29082 [quick] height=364 peers=2 p2p=aligned aligned=True failed=
2026-09-06 08:43:46 OK mesh aligned 29080:h364/p2 29081:h364/p2 29082:h364/p2
2026-09-06 08:48:49 OK port 29080 [quick] height=384 peers=2 p2p=aligned aligned=True failed=
2026-09-06 08:48:49 OK port 29081 [quick] height=384 peers=2 p2p=aligned aligned=True failed=
2026-09-06 08:48:49 OK port 29082 [quick] height=384 peers=2 p2p=aligned aligned=True failed=
2026-09-06 08:48:49 OK mesh aligned 29080:h384/p2 29081:h384/p2 29082:h384/p2
2026-09-06 08:53:53 OK port 29080 [quick] height=404 peers=2 p2p=aligned aligned=True failed=
2026-09-06 08:53:53 OK port 29081 [quick] height=404 peers=2 p2p=aligned aligned=True failed=
2026-09-06 08:53:53 OK port 29082 [quick] height=404 peers=2 p2p=aligned aligned=True failed=
2026-09-06 08:53:53 OK mesh aligned 29080:h404/p2 29081:h404/p2 29082:h404/p2
2026-09-06 08:58:54 OK port 29080 [quick] height=423 peers=2 p2p=aligned aligned=True failed=
2026-09-06 08:58:54 OK port 29081 [quick] height=423 peers=2 p2p=aligned aligned=True failed=
2026-09-06 08:58:54 OK port 29082 [quick] height=423 peers=2 p2p=aligned aligned=True failed=
2026-09-06 08:58:54 OK mesh aligned 29080:h423/p2 29081:h423/p2 29082:h423/p2
2026-09-06 09:03:54 OK port 29080 [quick] height=443 peers=2 p2p=inconsistent aligned=True failed=
2026-09-06 09:03:54 OK port 29081 [quick] height=443 peers=2 p2p=aligned aligned=True failed=
2026-09-06 09:03:54 OK port 29082 [quick] height=443 peers=2 p2p=aligned aligned=True failed=
2026-09-06 09:03:54 OK mesh aligned 29080:h443/p2 29081:h443/p2 29082:h443/p2
2026-09-06 09:09:03 OK port 29080 [full] height=463 peers=2 p2p=inconsistent aligned=True failed=peer_probe_ok
2026-09-06 09:09:03 OK port 29081 [full] height=463 peers=2 p2p=aligned aligned=True failed=
2026-09-06 09:09:03 OK port 29082 [full] height=463 peers=2 p2p=inconsistent aligned=True failed=
2026-09-06 09:09:03 OK mesh aligned 29080:h463/p2 29081:h463/p2 29082:h463/p2
2026-09-06 09:14:07 OK port 29080 [quick] height=483 peers=2 p2p=aligned aligned=True failed=
2026-09-06 09:14:07 OK port 29081 [quick] height=483 peers=2 p2p=aligned aligned=True failed=
2026-09-06 09:14:07 OK port 29082 [quick] height=483 peers=2 p2p=aligned aligned=True failed=
2026-09-06 09:14:07 OK mesh aligned 29080:h483/p2 29081:h483/p2 29082:h483/p2
2026-09-06 09:19:07 OK port 29080 [quick] height=502 peers=2 p2p=aligned aligned=True failed=
2026-09-06 09:19:07 OK port 29081 [quick] height=502 peers=2 p2p=aligned aligned=True failed=
2026-09-06 09:19:07 OK port 29082 [quick] height=502 peers=2 p2p=aligned aligned=True failed=
2026-09-06 09:19:07 OK mesh aligned 29080:h502/p2 29081:h502/p2 29082:h502/p2
2026-09-06 09:24:11 OK port 29080 [quick] height=522 peers=2 p2p=aligned aligned=True failed=
2026-09-06 09:24:11 OK port 29081 [quick] height=522 peers=2 p2p=aligned aligned=True failed=
2026-09-06 09:24:11 OK port 29082 [quick] height=522 peers=2 p2p=aligned aligned=True failed=
2026-09-06 09:24:11 OK mesh aligned 29080:h522/p2 29081:h522/p2 29082:h522/p2
2026-09-06 09:29:12 OK port 29080 [quick] height=541 peers=2 p2p=aligned aligned=True failed=
2026-09-06 09:29:12 OK port 29081 [quick] height=541 peers=2 p2p=aligned aligned=True failed=
2026-09-06 09:29:12 OK port 29082 [quick] height=541 peers=2 p2p=aligned aligned=True failed=
2026-09-06 09:29:12 OK mesh aligned 29080:h541/p2 29081:h541/p2 29082:h541/p2
2026-09-06 09:34:15 OK port 29080 [quick] height=561 peers=2 p2p=aligned aligned=True failed=
2026-09-06 09:34:15 OK port 29081 [quick] height=561 peers=2 p2p=aligned aligned=True failed=
2026-09-06 09:34:15 OK port 29082 [quick] height=561 peers=2 p2p=aligned aligned=True failed=
2026-09-06 09:34:15 OK mesh aligned 29080:h561/p2 29081:h561/p2 29082:h561/p2
2026-09-06 09:39:16 OK port 29080 [full] height=580 peers=2 p2p=aligned aligned=True failed=
2026-09-06 09:39:16 OK port 29081 [full] height=580 peers=2 p2p=aligned aligned=True failed=
2026-09-06 09:39:16 OK port 29082 [full] height=580 peers=2 p2p=aligned aligned=True failed=
2026-09-06 09:39:16 OK mesh aligned 29080:h580/p2 29081:h580/p2 29082:h580/p2
2026-09-06 09:44:20 OK port 29080 [quick] height=600 peers=2 p2p=aligned aligned=True failed=
2026-09-06 09:44:20 OK port 29081 [quick] height=600 peers=2 p2p=aligned aligned=True failed=
2026-09-06 09:44:20 OK port 29082 [quick] height=600 peers=2 p2p=aligned aligned=True failed=
2026-09-06 09:44:20 OK mesh aligned 29080:h600/p2 29081:h600/p2 29082:h600/p2
2026-09-06 09:49:21 OK port 29080 [quick] height=619 peers=2 p2p=aligned aligned=True failed=
2026-09-06 09:49:21 OK port 29081 [quick] height=619 peers=2 p2p=aligned aligned=True failed=
2026-09-06 09:49:21 OK port 29082 [quick] height=619 peers=2 p2p=aligned aligned=True failed=
2026-09-06 09:49:21 OK mesh aligned 29080:h619/p2 29081:h619/p2 29082:h619/p2
2026-09-06 09:54:24 OK port 29080 [quick] height=639 peers=2 p2p=aligned aligned=True failed=
2026-09-06 09:54:24 OK port 29081 [quick] height=639 peers=2 p2p=aligned aligned=True failed=
2026-09-06 09:54:24 OK port 29082 [quick] height=639 peers=2 p2p=aligned aligned=True failed=
2026-09-06 09:54:24 OK mesh aligned 29080:h639/p2 29081:h639/p2 29082:h639/p2
2026-09-06 09:59:25 OK port 29080 [quick] height=658 peers=2 p2p=aligned aligned=True failed=
2026-09-06 09:59:25 OK port 29081 [quick] height=658 peers=2 p2p=aligned aligned=True failed=
2026-09-06 09:59:25 OK port 29082 [quick] height=658 peers=2 p2p=aligned aligned=True failed=
2026-09-06 09:59:25 OK mesh aligned 29080:h658/p2 29081:h658/p2 29082:h658/p2
2026-09-06 10:04:28 OK port 29080 [quick] height=678 peers=2 p2p=aligned aligned=True failed=
2026-09-06 10:04:28 OK port 29081 [quick] height=678 peers=2 p2p=aligned aligned=True failed=
2026-09-06 10:04:28 OK port 29082 [quick] height=678 peers=2 p2p=aligned aligned=True failed=
2026-09-06 10:04:28 OK mesh aligned 29080:h678/p2 29081:h678/p2 29082:h678/p2
2026-09-06 10:09:29 OK port 29080 [full] height=697 peers=2 p2p=aligned aligned=True failed=
2026-09-06 10:09:29 OK port 29081 [full] height=697 peers=2 p2p=aligned aligned=True failed=
2026-09-06 10:09:29 OK port 29082 [full] height=697 peers=2 p2p=aligned aligned=True failed=
2026-09-06 10:09:29 OK mesh aligned 29080:h697/p2 29081:h697/p2 29082:h697/p2
2026-09-06 10:14:33 OK port 29080 [quick] height=717 peers=2 p2p=aligned aligned=True failed=
2026-09-06 10:14:33 OK port 29081 [quick] height=717 peers=2 p2p=aligned aligned=True failed=
2026-09-06 10:14:33 OK port 29082 [quick] height=717 peers=2 p2p=aligned aligned=True failed=
2026-09-06 10:14:33 OK mesh aligned 29080:h717/p2 29081:h717/p2 29082:h717/p2
2026-09-06 10:19:33 OK port 29080 [quick] height=736 peers=2 p2p=aligned aligned=True failed=
2026-09-06 10:19:33 OK port 29081 [quick] height=736 peers=2 p2p=aligned aligned=True failed=
2026-09-06 10:19:33 OK port 29082 [quick] height=736 peers=2 p2p=aligned aligned=True failed=
2026-09-06 10:19:33 OK mesh aligned 29080:h736/p2 29081:h736/p2 29082:h736/p2
2026-09-06 10:24:37 OK port 29080 [quick] height=756 peers=2 p2p=aligned aligned=True failed=
2026-09-06 10:24:37 OK port 29081 [quick] height=756 peers=2 p2p=aligned aligned=True failed=
2026-09-06 10:24:37 OK port 29082 [quick] height=756 peers=2 p2p=aligned aligned=True failed=
2026-09-06 10:24:37 OK mesh aligned 29080:h756/p2 29081:h756/p2 29082:h756/p2
2026-09-06 10:29:38 OK port 29080 [quick] height=775 peers=2 p2p=aligned aligned=True failed=
2026-09-06 10:29:38 OK port 29081 [quick] height=775 peers=2 p2p=aligned aligned=True failed=
2026-09-06 10:29:38 OK port 29082 [quick] height=775 peers=2 p2p=aligned aligned=True failed=
2026-09-06 10:29:38 OK mesh aligned 29080:h775/p2 29081:h775/p2 29082:h775/p2
2026-09-06 10:34:41 OK port 29080 [quick] height=795 peers=2 p2p=aligned aligned=True failed=
2026-09-06 10:34:41 OK port 29081 [quick] height=795 peers=2 p2p=aligned aligned=True failed=
2026-09-06 10:34:41 OK port 29082 [quick] height=795 peers=2 p2p=aligned aligned=True failed=
2026-09-06 10:34:41 OK mesh aligned 29080:h795/p2 29081:h795/p2 29082:h795/p2
2026-09-06 10:39:42 OK port 29080 [full] height=814 peers=2 p2p=aligned aligned=True failed=
2026-09-06 10:39:42 OK port 29081 [full] height=814 peers=2 p2p=aligned aligned=True failed=
2026-09-06 10:39:42 OK port 29082 [full] height=814 peers=2 p2p=aligned aligned=True failed=
2026-09-06 10:39:42 OK mesh aligned 29080:h814/p2 29081:h814/p2 29082:h814/p2
2026-09-06 10:44:46 OK port 29080 [quick] height=834 peers=2 p2p=aligned aligned=True failed=
2026-09-06 10:44:46 OK port 29081 [quick] height=834 peers=2 p2p=aligned aligned=True failed=
2026-09-06 10:44:46 OK port 29082 [quick] height=834 peers=2 p2p=aligned aligned=True failed=
2026-09-06 10:44:46 OK mesh aligned 29080:h834/p2 29081:h834/p2 29082:h834/p2
2026-09-06 10:49:46 OK port 29080 [quick] height=853 peers=2 p2p=aligned aligned=True failed=
2026-09-06 10:49:46 OK port 29081 [quick] height=853 peers=2 p2p=aligned aligned=True failed=
2026-09-06 10:49:46 OK port 29082 [quick] height=853 peers=2 p2p=aligned aligned=True failed=
2026-09-06 10:49:46 OK mesh aligned 29080:h853/p2 29081:h853/p2 29082:h853/p2
2026-09-06 10:54:50 OK port 29080 [quick] height=873 peers=2 p2p=aligned aligned=True failed=
2026-09-06 10:54:50 OK port 29081 [quick] height=873 peers=2 p2p=aligned aligned=True failed=
2026-09-06 10:54:50 OK port 29082 [quick] height=873 peers=2 p2p=aligned aligned=True failed=
2026-09-06 10:54:50 OK mesh aligned 29080:h873/p2 29081:h873/p2 29082:h873/p2
2026-09-06 10:59:51 OK port 29080 [quick] height=892 peers=2 p2p=aligned aligned=True failed=
2026-09-06 10:59:51 OK port 29081 [quick] height=892 peers=2 p2p=aligned aligned=True failed=
2026-09-06 10:59:51 OK port 29082 [quick] height=892 peers=2 p2p=aligned aligned=True failed=
2026-09-06 10:59:51 OK mesh aligned 29080:h892/p2 29081:h892/p2 29082:h892/p2
2026-09-06 11:04:54 OK port 29080 [quick] height=912 peers=2 p2p=aligned aligned=True failed=
2026-09-06 11:04:54 OK port 29081 [quick] height=912 peers=2 p2p=aligned aligned=True failed=
2026-09-06 11:04:54 OK port 29082 [quick] height=912 peers=2 p2p=aligned aligned=True failed=
2026-09-06 11:04:54 OK mesh aligned 29080:h912/p2 29081:h912/p2 29082:h912/p2
2026-09-06 11:09:55 OK port 29080 [full] height=931 peers=2 p2p=aligned aligned=True failed=
2026-09-06 11:09:55 OK port 29081 [full] height=931 peers=2 p2p=aligned aligned=True failed=
2026-09-06 11:09:55 OK port 29082 [full] height=931 peers=2 p2p=aligned aligned=True failed=
2026-09-06 11:09:55 OK mesh aligned 29080:h931/p2 29081:h931/p2 29082:h931/p2
2026-09-06 11:14:59 OK port 29080 [quick] height=951 peers=2 p2p=inconsistent aligned=True failed=
2026-09-06 11:14:59 OK port 29081 [quick] height=951 peers=2 p2p=aligned aligned=True failed=
2026-09-06 11:14:59 OK port 29082 [quick] height=951 peers=2 p2p=inconsistent aligned=True failed=
2026-09-06 11:14:59 OK mesh aligned 29080:h951/p2 29081:h951/p2 29082:h951/p2
2026-09-06 11:20:00 OK port 29080 [quick] height=970 peers=2 p2p=aligned aligned=True failed=
2026-09-06 11:20:00 OK port 29081 [quick] height=970 peers=2 p2p=aligned aligned=True failed=
2026-09-06 11:20:00 OK port 29082 [quick] height=970 peers=2 p2p=aligned aligned=True failed=
2026-09-06 11:20:00 OK mesh aligned 29080:h970/p2 29081:h970/p2 29082:h970/p2
2026-09-06 11:25:04 OK port 29080 [quick] height=990 peers=2 p2p=inconsistent aligned=True failed=
2026-09-06 11:25:04 OK port 29081 [quick] height=990 peers=2 p2p=aligned aligned=True failed=
2026-09-06 11:25:04 OK port 29082 [quick] height=990 peers=2 p2p=inconsistent aligned=True failed=
2026-09-06 11:25:04 OK mesh aligned 29080:h990/p2 29081:h990/p2 29082:h990/p2
2026-09-06 11:30:05 OK port 29080 [quick] height=1009 peers=2 p2p=aligned aligned=True failed=
2026-09-06 11:30:05 OK port 29081 [quick] height=1009 peers=2 p2p=aligned aligned=True failed=
2026-09-06 11:30:05 OK port 29082 [quick] height=1009 peers=2 p2p=aligned aligned=True failed=
2026-09-06 11:30:05 OK mesh aligned 29080:h1009/p2 29081:h1009/p2 29082:h1009/p2
2026-09-06 11:35:09 OK port 29080 [quick] height=1029 peers=2 p2p=inconsistent aligned=True failed=
2026-09-06 11:35:09 OK port 29081 [quick] height=1028 peers=2 p2p=inconsistent aligned=True failed=
2026-09-06 11:35:09 OK port 29082 [quick] height=1028 peers=2 p2p=inconsistent aligned=True failed=
2026-09-06 11:35:09 OK mesh aligned 29080:h1029/p2 29081:h1028/p2 29082:h1028/p2 transient_delta=1
2026-09-06 11:40:10 OK port 29080 [full] height=1048 peers=2 p2p=aligned aligned=True failed=
2026-09-06 11:40:10 OK port 29081 [full] height=1048 peers=2 p2p=aligned aligned=True failed=
2026-09-06 11:40:10 OK port 29082 [full] height=1048 peers=2 p2p=aligned aligned=True failed=
2026-09-06 11:40:10 OK mesh aligned 29080:h1048/p2 29081:h1048/p2 29082:h1048/p2
2026-09-06 11:45:14 OK port 29080 [quick] height=1068 peers=2 p2p=inconsistent aligned=True failed=
2026-09-06 11:45:14 OK port 29081 [quick] height=1068 peers=2 p2p=aligned aligned=True failed=
2026-09-06 11:45:14 OK port 29082 [quick] height=1068 peers=2 p2p=inconsistent aligned=True failed=
2026-09-06 11:45:14 OK mesh aligned 29080:h1068/p2 29081:h1068/p2 29082:h1068/p2
2026-09-06 11:50:16 OK port 29080 [quick] height=1087 peers=2 p2p=aligned aligned=True failed=
2026-09-06 11:50:16 OK port 29081 [quick] height=1087 peers=2 p2p=aligned aligned=True failed=
2026-09-06 11:50:16 OK port 29082 [quick] height=1087 peers=2 p2p=aligned aligned=True failed=
2026-09-06 11:50:16 OK mesh aligned 29080:h1087/p2 29081:h1087/p2 29082:h1087/p2
2026-09-06 11:55:20 OK port 29080 [quick] height=1107 peers=2 p2p=inconsistent aligned=True failed=
2026-09-06 11:55:20 OK port 29081 [quick] height=1107 peers=2 p2p=aligned aligned=True failed=
2026-09-06 11:55:20 OK port 29082 [quick] height=1107 peers=2 p2p=inconsistent aligned=True failed=
2026-09-06 11:55:20 OK mesh aligned 29080:h1107/p2 29081:h1107/p2 29082:h1107/p2
2026-09-06 12:00:21 OK port 29080 [quick] height=1126 peers=2 p2p=aligned aligned=True failed=
2026-09-06 12:00:21 OK port 29081 [quick] height=1126 peers=2 p2p=aligned aligned=True failed=
2026-09-06 12:00:22 OK port 29082 [quick] height=1126 peers=2 p2p=aligned aligned=True failed=
2026-09-06 12:00:22 OK mesh aligned 29080:h1126/p2 29081:h1126/p2 29082:h1126/p2
2026-09-06 12:05:26 OK port 29080 [quick] height=1146 peers=2 p2p=aligned aligned=True failed=
2026-09-06 12:05:26 OK port 29081 [quick] height=1146 peers=2 p2p=inconsistent aligned=True failed=
2026-09-06 12:05:26 OK port 29082 [quick] height=1146 peers=2 p2p=aligned aligned=True failed=
2026-09-06 12:05:26 OK mesh aligned 29080:h1146/p2 29081:h1146/p2 29082:h1146/p2
2026-09-06 12:10:27 OK port 29080 [full] height=1165 peers=2 p2p=aligned aligned=True failed=
2026-09-06 12:10:27 OK port 29081 [full] height=1165 peers=2 p2p=aligned aligned=True failed=
2026-09-06 12:10:27 OK port 29082 [full] height=1165 peers=2 p2p=aligned aligned=True failed=
2026-09-06 12:10:27 OK mesh aligned 29080:h1165/p2 29081:h1165/p2 29082:h1165/p2
2026-09-06 12:15:31 OK port 29080 [quick] height=1185 peers=2 p2p=inconsistent aligned=True failed=
2026-09-06 12:15:31 OK port 29081 [quick] height=1185 peers=2 p2p=aligned aligned=True failed=
2026-09-06 12:15:31 OK port 29082 [quick] height=1185 peers=2 p2p=inconsistent aligned=True failed=
2026-09-06 12:15:31 OK mesh aligned 29080:h1185/p2 29081:h1185/p2 29082:h1185/p2
2026-09-06 12:20:32 OK port 29080 [quick] height=1204 peers=2 p2p=aligned aligned=True failed=
2026-09-06 12:20:32 OK port 29081 [quick] height=1204 peers=2 p2p=aligned aligned=True failed=
2026-09-06 12:20:32 OK port 29082 [quick] height=1204 peers=2 p2p=aligned aligned=True failed=
2026-09-06 12:20:32 OK mesh aligned 29080:h1204/p2 29081:h1204/p2 29082:h1204/p2
2026-09-06 12:25:37 OK port 29080 [quick] height=1224 peers=2 p2p=inconsistent aligned=True failed=
2026-09-06 12:25:37 OK port 29081 [quick] height=1223 peers=2 p2p=inconsistent aligned=True failed=
2026-09-06 12:25:37 OK port 29082 [quick] height=1224 peers=2 p2p=inconsistent aligned=True failed=
2026-09-06 12:25:37 OK mesh aligned 29080:h1224/p2 29081:h1223/p2 29082:h1224/p2 transient_delta=1
2026-09-06 12:30:38 OK port 29080 [quick] height=1243 peers=2 p2p=aligned aligned=True failed=
2026-09-06 12:30:38 OK port 29081 [quick] height=1243 peers=2 p2p=aligned aligned=True failed=
2026-09-06 12:30:38 OK port 29082 [quick] height=1243 peers=2 p2p=aligned aligned=True failed=
2026-09-06 12:30:38 OK mesh aligned 29080:h1243/p2 29081:h1243/p2 29082:h1243/p2
2026-09-06 12:35:42 OK port 29080 [quick] height=1263 peers=2 p2p=inconsistent aligned=True failed=
2026-09-06 12:35:42 OK port 29081 [quick] height=1262 peers=2 p2p=inconsistent aligned=True failed=
2026-09-06 12:35:42 OK port 29082 [quick] height=1262 peers=2 p2p=inconsistent aligned=True failed=
2026-09-06 12:35:42 OK mesh aligned 29080:h1263/p2 29081:h1262/p2 29082:h1262/p2 transient_delta=1
2026-09-06 12:40:46 OK port 29080 [full] height=1282 peers=2 p2p=aligned aligned=True failed=
2026-09-06 12:40:46 OK port 29081 [full] height=1282 peers=2 p2p=aligned aligned=True failed=
2026-09-06 12:40:46 OK port 29082 [full] height=1282 peers=2 p2p=aligned aligned=True failed=
2026-09-06 12:40:46 OK mesh aligned 29080:h1282/p2 29081:h1282/p2 29082:h1282/p2
2026-09-06 12:45:50 OK port 29080 [quick] height=1302 peers=2 p2p=aligned aligned=True failed=
2026-09-06 12:45:50 OK port 29081 [quick] height=1302 peers=2 p2p=aligned aligned=True failed=
2026-09-06 12:45:50 OK port 29082 [quick] height=1302 peers=2 p2p=aligned aligned=True failed=
2026-09-06 12:45:50 OK mesh aligned 29080:h1302/p2 29081:h1302/p2 29082:h1302/p2
2026-09-06 12:50:51 OK port 29080 [quick] height=1321 peers=2 p2p=aligned aligned=True failed=
2026-09-06 12:50:51 OK port 29081 [quick] height=1321 peers=2 p2p=aligned aligned=True failed=
2026-09-06 12:50:51 OK port 29082 [quick] height=1321 peers=2 p2p=aligned aligned=True failed=
2026-09-06 12:50:51 OK mesh aligned 29080:h1321/p2 29081:h1321/p2 29082:h1321/p2
2026-09-06 12:55:55 OK port 29080 [quick] height=1341 peers=2 p2p=inconsistent aligned=True failed=
2026-09-06 12:55:55 OK port 29081 [quick] height=1341 peers=2 p2p=aligned aligned=True failed=
2026-09-06 12:55:55 OK port 29082 [quick] height=1341 peers=2 p2p=inconsistent aligned=True failed=
2026-09-06 12:55:55 OK mesh aligned 29080:h1341/p2 29081:h1341/p2 29082:h1341/p2
2026-09-06 13:00:57 OK port 29080 [quick] height=1360 peers=2 p2p=aligned aligned=True failed=
2026-09-06 13:00:57 OK port 29081 [quick] height=1360 peers=2 p2p=aligned aligned=True failed=
2026-09-06 13:00:57 OK port 29082 [quick] height=1360 peers=2 p2p=aligned aligned=True failed=
2026-09-06 13:00:57 OK mesh aligned 29080:h1360/p2 29081:h1360/p2 29082:h1360/p2
2026-09-06 13:06:02 OK port 29080 [quick] height=1380 peers=2 p2p=inconsistent aligned=True failed=
2026-09-06 13:06:02 OK port 29081 [quick] height=1379 peers=2 p2p=inconsistent aligned=True failed=
2026-09-06 13:06:02 OK port 29082 [quick] height=1380 peers=2 p2p=inconsistent aligned=True failed=
2026-09-06 13:06:02 OK mesh aligned 29080:h1380/p2 29081:h1379/p2 29082:h1380/p2 transient_delta=1
2026-09-06 13:11:04 OK port 29080 [full] height=1399 peers=2 p2p=aligned aligned=True failed=
2026-09-06 13:11:04 OK port 29081 [full] height=1399 peers=2 p2p=aligned aligned=True failed=
2026-09-06 13:11:04 OK port 29082 [full] height=1399 peers=2 p2p=aligned aligned=True failed=
2026-09-06 13:11:04 OK mesh aligned 29080:h1399/p2 29081:h1399/p2 29082:h1399/p2
2026-09-06 13:16:09 OK port 29080 [quick] height=1419 peers=2 p2p=inconsistent aligned=True failed=
2026-09-06 13:16:09 OK port 29081 [quick] height=1419 peers=2 p2p=inconsistent aligned=True failed=
2026-09-06 13:16:09 OK port 29082 [quick] height=1418 peers=2 p2p=inconsistent aligned=True failed=
2026-09-06 13:16:09 OK mesh aligned 29080:h1419/p2 29081:h1419/p2 29082:h1418/p2 transient_delta=1
2026-09-06 13:21:10 OK port 29080 [quick] height=1438 peers=2 p2p=aligned aligned=True failed=
2026-09-06 13:21:10 OK port 29081 [quick] height=1438 peers=2 p2p=aligned aligned=True failed=
2026-09-06 13:21:10 OK port 29082 [quick] height=1438 peers=2 p2p=aligned aligned=True failed=
2026-09-06 13:21:10 OK mesh aligned 29080:h1438/p2 29081:h1438/p2 29082:h1438/p2
2026-09-06 13:26:14 OK port 29080 [quick] height=1458 peers=2 p2p=inconsistent aligned=True failed=
2026-09-06 13:26:14 OK port 29081 [quick] height=1457 peers=2 p2p=inconsistent aligned=True failed=
2026-09-06 13:26:14 OK port 29082 [quick] height=1458 peers=2 p2p=inconsistent aligned=True failed=
2026-09-06 13:26:14 OK mesh aligned 29080:h1458/p2 29081:h1457/p2 29082:h1458/p2 transient_delta=1
2026-09-06 13:31:16 OK port 29080 [quick] height=1477 peers=2 p2p=aligned aligned=True failed=
2026-09-06 13:31:16 OK port 29081 [quick] height=1477 peers=2 p2p=aligned aligned=True failed=
2026-09-06 13:31:16 OK port 29082 [quick] height=1477 peers=2 p2p=aligned aligned=True failed=
2026-09-06 13:31:16 OK mesh aligned 29080:h1477/p2 29081:h1477/p2 29082:h1477/p2
2026-09-06 13:36:21 OK port 29080 [quick] height=1497 peers=2 p2p=inconsistent aligned=True failed=
2026-09-06 13:36:21 OK port 29081 [quick] height=1496 peers=2 p2p=inconsistent aligned=True failed=
2026-09-06 13:36:21 OK port 29082 [quick] height=1496 peers=2 p2p=inconsistent aligned=True failed=
2026-09-06 13:36:21 OK mesh aligned 29080:h1497/p2 29081:h1496/p2 29082:h1496/p2 transient_delta=1
2026-09-06 13:41:26 OK port 29080 [full] height=1516 peers=2 p2p=aligned aligned=True failed=peer_probe_ok
2026-09-06 13:41:26 OK port 29081 [full] height=1516 peers=2 p2p=aligned aligned=True failed=
2026-09-06 13:41:26 OK port 29082 [full] height=1516 peers=2 p2p=aligned aligned=True failed=
2026-09-06 13:41:26 OK mesh aligned 29080:h1516/p2 29081:h1516/p2 29082:h1516/p2
2026-09-06 13:46:30 OK port 29080 [quick] height=1536 peers=2 p2p=inconsistent aligned=True failed=
2026-09-06 13:46:30 OK port 29081 [quick] height=1536 peers=2 p2p=inconsistent aligned=True failed=
2026-09-06 13:46:30 OK port 29082 [quick] height=1535 peers=2 p2p=inconsistent aligned=True failed=
2026-09-06 13:46:30 OK mesh aligned 29080:h1536/p2 29081:h1536/p2 29082:h1535/p2 transient_delta=1
2026-09-06 13:51:34 OK port 29080 [quick] height=1556 peers=2 p2p=inconsistent aligned=True failed=
2026-09-06 13:51:34 OK port 29081 [quick] height=1555 peers=2 p2p=inconsistent aligned=True failed=peer_probe_ok,p2p_state_consistent
2026-09-06 13:51:34 OK port 29082 [quick] height=1555 peers=2 p2p=inconsistent aligned=True failed=peer_probe_ok,p2p_state_consistent
2026-09-06 13:51:34 OK mesh aligned 29080:h1556/p2 29081:h1555/p2 29082:h1555/p2 transient_delta=1
2026-09-06 13:56:37 OK port 29080 [quick] height=1575 peers=2 p2p=aligned aligned=True failed=
2026-09-06 13:56:37 OK port 29081 [quick] height=1575 peers=2 p2p=aligned aligned=True failed=
2026-09-06 13:56:37 OK port 29082 [quick] height=1575 peers=2 p2p=aligned aligned=True failed=
2026-09-06 13:56:37 OK mesh aligned 29080:h1575/p2 29081:h1575/p2 29082:h1575/p2
2026-09-06 14:01:42 OK port 29080 [quick] height=1595 peers=2 p2p=inconsistent aligned=True failed=
2026-09-06 14:01:42 OK port 29081 [quick] height=1595 peers=2 p2p=inconsistent aligned=True failed=
2026-09-06 14:01:42 OK port 29082 [quick] height=1595 peers=2 p2p=aligned aligned=True failed=
2026-09-06 14:01:42 OK mesh aligned 29080:h1595/p2 29081:h1595/p2 29082:h1595/p2
2026-09-06 14:06:43 OK port 29080 [quick] height=1614 peers=2 p2p=aligned aligned=True failed=
2026-09-06 14:06:43 OK port 29081 [quick] height=1614 peers=2 p2p=aligned aligned=True failed=
2026-09-06 14:06:43 OK port 29082 [quick] height=1614 peers=2 p2p=aligned aligned=True failed=
2026-09-06 14:06:43 OK mesh aligned 29080:h1614/p2 29081:h1614/p2 29082:h1614/p2
2026-09-06 14:11:53 OK port 29080 [full] height=1634 peers=2 p2p=inconsistent aligned=True failed=peer_probe_ok
2026-09-06 14:11:53 OK port 29081 [full] height=1633 peers=2 p2p=inconsistent aligned=True failed=peer_probe_ok
2026-09-06 14:11:53 OK port 29082 [full] height=1633 peers=2 p2p=inconsistent aligned=True failed=peer_probe_ok
2026-09-06 14:11:53 OK mesh aligned 29080:h1634/p2 29081:h1633/p2 29082:h1633/p2 transient_delta=1
2026-09-06 14:16:54 OK port 29080 [quick] height=1653 peers=2 p2p=aligned aligned=True failed=
2026-09-06 14:16:54 OK port 29081 [quick] height=1653 peers=2 p2p=aligned aligned=True failed=
2026-09-06 14:16:54 OK port 29082 [quick] height=1653 peers=2 p2p=aligned aligned=True failed=
2026-09-06 14:16:54 OK mesh aligned 29080:h1653/p2 29081:h1653/p2 29082:h1653/p2
2026-09-06 14:21:58 OK port 29080 [quick] height=1673 peers=2 p2p=inconsistent aligned=True failed=
2026-09-06 14:21:58 OK port 29081 [quick] height=1673 peers=2 p2p=aligned aligned=True failed=
2026-09-06 14:21:58 OK port 29082 [quick] height=1673 peers=2 p2p=inconsistent aligned=True failed=
2026-09-06 14:21:58 OK mesh aligned 29080:h1673/p2 29081:h1673/p2 29082:h1673/p2
2026-09-06 14:27:01 OK port 29080 [quick] height=1692 peers=2 p2p=aligned aligned=True failed=
2026-09-06 14:27:01 OK port 29081 [quick] height=1692 peers=2 p2p=aligned aligned=True failed=
2026-09-06 14:27:01 OK port 29082 [quick] height=1692 peers=2 p2p=aligned aligned=True failed=
2026-09-06 14:27:01 OK mesh aligned 29080:h1692/p2 29081:h1692/p2 29082:h1692/p2
2026-09-06 14:32:01 OK port 29080 [quick] height=1711 peers=2 p2p=aligned aligned=True failed=
2026-09-06 14:32:01 OK port 29081 [quick] height=1711 peers=2 p2p=aligned aligned=True failed=
2026-09-06 14:32:01 OK port 29082 [quick] height=1711 peers=2 p2p=aligned aligned=True failed=
2026-09-06 14:32:01 OK mesh aligned 29080:h1711/p2 29081:h1711/p2 29082:h1711/p2
2026-09-06 14:37:06 OK port 29080 [quick] height=1731 peers=2 p2p=inconsistent aligned=True failed=
2026-09-06 14:37:06 OK port 29081 [quick] height=1731 peers=2 p2p=inconsistent aligned=True failed=
2026-09-06 14:37:06 OK port 29082 [quick] height=1731 peers=2 p2p=aligned aligned=True failed=
2026-09-06 14:37:06 OK mesh aligned 29080:h1731/p2 29081:h1731/p2 29082:h1731/p2
2026-09-06 14:42:10 OK port 29080 [full] height=1750 peers=2 p2p=aligned aligned=True failed=
2026-09-06 14:42:10 OK port 29081 [full] height=1750 peers=2 p2p=aligned aligned=True failed=
2026-09-06 14:42:10 OK port 29082 [full] height=1750 peers=2 p2p=aligned aligned=True failed=
2026-09-06 14:42:10 OK mesh aligned 29080:h1750/p2 29081:h1750/p2 29082:h1750/p2
2026-09-06 14:47:14 OK port 29080 [quick] height=1770 peers=2 p2p=aligned aligned=True failed=
2026-09-06 14:47:14 OK port 29081 [quick] height=1770 peers=1 p2p=single_peer_dev aligned=True failed=peer_probe_ok,p2p_state_consistent
2026-09-06 14:47:14 OK port 29082 [quick] height=1770 peers=1 p2p=single_peer_dev aligned=True failed=
2026-09-06 14:47:14 OK mesh aligned 29080:h1770/p2 29081:h1770/p1 29082:h1770/p1
2026-09-06 14:52:15 OK port 29080 [quick] height=1789 peers=2 p2p=inconsistent aligned=True failed=
2026-09-06 14:52:15 OK port 29081 [quick] height=1789 peers=2 p2p=aligned aligned=True failed=
2026-09-06 14:52:15 OK port 29082 [quick] height=1789 peers=2 p2p=aligned aligned=True failed=
2026-09-06 14:52:15 OK mesh aligned 29080:h1789/p2 29081:h1789/p2 29082:h1789/p2
2026-09-06 14:57:20 OK port 29080 [quick] height=1809 peers=2 p2p=inconsistent aligned=True failed=
2026-09-06 14:57:20 OK port 29081 [quick] height=1809 peers=2 p2p=inconsistent aligned=True failed=
2026-09-06 14:57:20 OK port 29082 [quick] height=1809 peers=2 p2p=aligned aligned=True failed=
2026-09-06 14:57:20 OK mesh aligned 29080:h1809/p2 29081:h1809/p2 29082:h1809/p2
2026-09-06 15:02:23 OK port 29080 [quick] height=1828 peers=2 p2p=aligned aligned=True failed=
2026-09-06 15:02:23 OK port 29081 [quick] height=1828 peers=2 p2p=aligned aligned=True failed=
2026-09-06 15:02:23 OK port 29082 [quick] height=1828 peers=2 p2p=aligned aligned=True failed=
2026-09-06 15:02:23 OK mesh aligned 29080:h1828/p2 29081:h1828/p2 29082:h1828/p2
2026-09-06 15:07:24 OK port 29080 [quick] height=1847 peers=2 p2p=aligned aligned=True failed=
2026-09-06 15:07:24 OK port 29081 [quick] height=1847 peers=2 p2p=aligned aligned=True failed=
2026-09-06 15:07:24 OK port 29082 [quick] height=1847 peers=2 p2p=aligned aligned=True failed=
2026-09-06 15:07:24 OK mesh aligned 29080:h1847/p2 29081:h1847/p2 29082:h1847/p2
2026-09-06 15:12:25 OK port 29080 [full] height=1866 peers=2 p2p=aligned aligned=True failed=
2026-09-06 15:12:25 OK port 29081 [full] height=1866 peers=2 p2p=aligned aligned=True failed=
2026-09-06 15:12:25 OK port 29082 [full] height=1866 peers=2 p2p=aligned aligned=True failed=
2026-09-06 15:12:25 OK mesh aligned 29080:h1866/p2 29081:h1866/p2 29082:h1866/p2
2026-09-06 15:17:27 OK port 29080 [quick] height=1885 peers=2 p2p=aligned aligned=True failed=
2026-09-06 15:17:27 OK port 29081 [quick] height=1885 peers=2 p2p=aligned aligned=True failed=
2026-09-06 15:17:27 OK port 29082 [quick] height=1885 peers=2 p2p=aligned aligned=True failed=
2026-09-06 15:17:27 OK mesh aligned 29080:h1885/p2 29081:h1885/p2 29082:h1885/p2
2026-09-06 15:22:31 OK port 29080 [quick] height=1905 peers=2 p2p=inconsistent aligned=True failed=
2026-09-06 15:22:31 OK port 29081 [quick] height=1904 peers=2 p2p=inconsistent aligned=True failed=
2026-09-06 15:22:31 OK port 29082 [quick] height=1904 peers=2 p2p=inconsistent aligned=True failed=
2026-09-06 15:22:31 OK mesh aligned 29080:h1905/p2 29081:h1904/p2 29082:h1904/p2 transient_delta=1
2026-09-06 15:27:35 OK port 29080 [quick] height=1924 peers=2 p2p=aligned aligned=True failed=
2026-09-06 15:27:35 OK port 29081 [quick] height=1924 peers=2 p2p=aligned aligned=True failed=
2026-09-06 15:27:35 OK port 29082 [quick] height=1924 peers=2 p2p=aligned aligned=True failed=
2026-09-06 15:27:35 OK mesh aligned 29080:h1924/p2 29081:h1924/p2 29082:h1924/p2
2026-09-06 15:32:37 OK port 29080 [quick] height=1943 peers=2 p2p=aligned aligned=True failed=
2026-09-06 15:32:37 OK port 29081 [quick] height=1943 peers=2 p2p=aligned aligned=True failed=
2026-09-06 15:32:37 OK port 29082 [quick] height=1943 peers=2 p2p=aligned aligned=True failed=
2026-09-06 15:32:37 OK mesh aligned 29080:h1943/p2 29081:h1943/p2 29082:h1943/p2
2026-09-06 15:37:41 OK port 29080 [quick] height=1962 peers=2 p2p=aligned aligned=True failed=
2026-09-06 15:37:41 OK port 29081 [quick] height=1962 peers=2 p2p=aligned aligned=True failed=
2026-09-06 15:37:41 OK port 29082 [quick] height=1962 peers=2 p2p=aligned aligned=True failed=
2026-09-06 15:37:41 OK mesh aligned 29080:h1962/p2 29081:h1962/p2 29082:h1962/p2
2026-09-06 15:42:47 OK port 29080 [full] height=1981 peers=2 p2p=aligned aligned=True failed=
2026-09-06 15:42:47 OK port 29081 [full] height=1981 peers=2 p2p=aligned aligned=True failed=
2026-09-06 15:42:47 OK port 29082 [full] height=1981 peers=2 p2p=aligned aligned=True failed=
2026-09-06 15:42:47 OK mesh aligned 29080:h1981/p2 29081:h1981/p2 29082:h1981/p2
2026-09-06 15:47:51 OK port 29080 [quick] height=2000 peers=2 p2p=aligned aligned=True failed=
2026-09-06 15:47:51 OK port 29081 [quick] height=2000 peers=2 p2p=aligned aligned=True failed=
2026-09-06 15:47:51 OK port 29082 [quick] height=2000 peers=2 p2p=aligned aligned=True failed=
2026-09-06 15:47:51 OK mesh aligned 29080:h2000/p2 29081:h2000/p2 29082:h2000/p2
2026-09-06 15:52:54 OK port 29080 [quick] height=2019 peers=2 p2p=inconsistent aligned=True failed=
2026-09-06 15:52:54 OK port 29081 [quick] height=2019 peers=2 p2p=aligned aligned=True failed=
2026-09-06 15:52:54 OK port 29082 [quick] height=2019 peers=2 p2p=aligned aligned=True failed=
2026-09-06 15:52:54 OK mesh aligned 29080:h2019/p2 29081:h2019/p2 29082:h2019/p2
2026-09-06 15:57:56 OK port 29080 [quick] height=2038 peers=2 p2p=aligned aligned=True failed=
2026-09-06 15:57:56 OK port 29081 [quick] height=2038 peers=2 p2p=aligned aligned=True failed=
2026-09-06 15:57:56 OK port 29082 [quick] height=2038 peers=2 p2p=aligned aligned=True failed=
2026-09-06 15:57:56 OK mesh aligned 29080:h2038/p2 29081:h2038/p2 29082:h2038/p2
2026-09-06 16:02:59 OK port 29080 [quick] height=2057 peers=2 p2p=aligned aligned=True failed=
2026-09-06 16:02:59 OK port 29081 [quick] height=2057 peers=2 p2p=aligned aligned=True failed=
2026-09-06 16:02:59 OK port 29082 [quick] height=2057 peers=2 p2p=aligned aligned=True failed=
2026-09-06 16:02:59 OK mesh aligned 29080:h2057/p2 29081:h2057/p2 29082:h2057/p2
2026-09-06 16:08:03 OK port 29080 [quick] height=2076 peers=2 p2p=aligned aligned=True failed=
2026-09-06 16:08:03 OK port 29081 [quick] height=2076 peers=1 p2p=single_peer_dev aligned=True failed=peer_probe_ok,p2p_state_consistent
2026-09-06 16:08:03 OK port 29082 [quick] height=2076 peers=1 p2p=single_peer_dev aligned=True failed=peer_probe_ok,p2p_state_consistent
2026-09-06 16:08:03 OK mesh aligned 29080:h2076/p2 29081:h2076/p1 29082:h2076/p1
2026-09-06 16:13:04 OK port 29080 [full] height=2095 peers=2 p2p=inconsistent aligned=True failed=
2026-09-06 16:13:04 OK port 29081 [full] height=2095 peers=2 p2p=aligned aligned=True failed=
2026-09-06 16:13:04 OK port 29082 [full] height=2095 peers=2 p2p=aligned aligned=True failed=
2026-09-06 16:13:04 OK mesh aligned 29080:h2095/p2 29081:h2095/p2 29082:h2095/p2
2026-09-06 16:18:07 OK port 29080 [quick] height=2114 peers=2 p2p=inconsistent aligned=True failed=peer_probe_ok,p2p_state_consistent
2026-09-06 16:18:07 OK port 29081 [quick] height=2114 peers=2 p2p=aligned aligned=True failed=
2026-09-06 16:18:07 OK port 29082 [quick] height=2114 peers=2 p2p=aligned aligned=True failed=
2026-09-06 16:18:07 OK mesh aligned 29080:h2114/p2 29081:h2114/p2 29082:h2114/p2
2026-09-06 16:23:11 OK port 29080 [quick] height=2133 peers=2 p2p=aligned aligned=True failed=peer_probe_ok,p2p_state_consistent
2026-09-06 16:23:11 OK port 29081 [quick] height=2133 peers=2 p2p=aligned aligned=True failed=
2026-09-06 16:23:11 OK port 29082 [quick] height=2133 peers=2 p2p=aligned aligned=True failed=
2026-09-06 16:23:11 OK mesh aligned 29080:h2133/p2 29081:h2133/p2 29082:h2133/p2
2026-09-06 16:28:16 OK port 29080 [quick] height=2152 peers=2 p2p=inconsistent aligned=True failed=peer_probe_ok,p2p_state_consistent
2026-09-06 16:28:16 OK port 29081 [quick] height=2152 peers=2 p2p=aligned aligned=True failed=
2026-09-06 16:28:16 OK port 29082 [quick] height=2152 peers=2 p2p=aligned aligned=True failed=
2026-09-06 16:28:16 OK mesh aligned 29080:h2152/p2 29081:h2152/p2 29082:h2152/p2
2026-09-06 16:33:17 OK port 29080 [quick] height=2170 peers=2 p2p=inconsistent aligned=True failed=
2026-09-06 16:33:17 OK port 29081 [quick] height=2170 peers=2 p2p=aligned aligned=True failed=
2026-09-06 16:33:17 OK port 29082 [quick] height=2170 peers=2 p2p=aligned aligned=True failed=
2026-09-06 16:33:17 OK mesh aligned 29080:h2170/p2 29081:h2170/p2 29082:h2170/p2
2026-09-06 16:38:21 OK port 29080 [quick] height=2189 peers=2 p2p=inconsistent aligned=True failed=
2026-09-06 16:38:21 OK port 29081 [quick] height=2188 peers=2 p2p=inconsistent aligned=True failed=
2026-09-06 16:38:21 OK port 29082 [quick] height=2188 peers=2 p2p=inconsistent aligned=True failed=
2026-09-06 16:38:21 OK mesh aligned 29080:h2189/p2 29081:h2188/p2 29082:h2188/p2 transient_delta=1
2026-09-06 16:43:29 OK port 29080 [full] height=2207 peers=2 p2p=aligned aligned=True failed=peer_probe_ok
2026-09-06 16:43:29 OK port 29081 [full] height=2207 peers=2 p2p=aligned aligned=True failed=
2026-09-06 16:43:29 OK port 29082 [full] height=2207 peers=2 p2p=aligned aligned=True failed=
2026-09-06 16:43:29 OK mesh aligned 29080:h2207/p2 29081:h2207/p2 29082:h2207/p2
2026-09-06 16:48:34 OK port 29080 [quick] height=2226 peers=2 p2p=inconsistent aligned=True failed=
2026-09-06 16:48:34 OK port 29081 [quick] height=2226 peers=2 p2p=inconsistent aligned=True failed=
2026-09-06 16:48:34 OK port 29082 [quick] height=2225 peers=2 p2p=inconsistent aligned=True failed=
2026-09-06 16:48:34 OK mesh aligned 29080:h2226/p2 29081:h2226/p2 29082:h2225/p2 transient_delta=1
2026-09-06 16:53:38 OK port 29080 [quick] height=2244 peers=2 p2p=aligned aligned=True failed=
2026-09-06 16:53:38 OK port 29081 [quick] height=2244 peers=2 p2p=aligned aligned=True failed=
2026-09-06 16:53:38 OK port 29082 [quick] height=2244 peers=2 p2p=aligned aligned=True failed=
2026-09-06 16:53:38 OK mesh aligned 29080:h2244/p2 29081:h2244/p2 29082:h2244/p2
2026-09-06 16:58:40 OK port 29080 [quick] height=2262 peers=2 p2p=inconsistent aligned=True failed=
2026-09-06 16:58:40 OK port 29081 [quick] height=2262 peers=2 p2p=aligned aligned=True failed=
2026-09-06 16:58:40 OK port 29082 [quick] height=2262 peers=2 p2p=aligned aligned=True failed=
2026-09-06 16:58:40 OK mesh aligned 29080:h2262/p2 29081:h2262/p2 29082:h2262/p2
2026-09-06 17:03:40 OK port 29080 [quick] height=2280 peers=2 p2p=aligned aligned=True failed=
2026-09-06 17:03:40 OK port 29081 [quick] height=2280 peers=2 p2p=aligned aligned=True failed=
2026-09-06 17:03:40 OK port 29082 [quick] height=2280 peers=2 p2p=aligned aligned=True failed=
2026-09-06 17:03:40 OK mesh aligned 29080:h2280/p2 29081:h2280/p2 29082:h2280/p2
2026-09-06 17:08:42 OK port 29080 [quick] height=2298 peers=2 p2p=aligned aligned=True failed=
2026-09-06 17:08:42 OK port 29081 [quick] height=2298 peers=2 p2p=aligned aligned=True failed=
2026-09-06 17:08:42 OK port 29082 [quick] height=2298 peers=2 p2p=aligned aligned=True failed=
2026-09-06 17:08:42 OK mesh aligned 29080:h2298/p2 29081:h2298/p2 29082:h2298/p2
2026-09-06 17:13:51 OK port 29080 [full] height=2316 peers=2 p2p=inconsistent aligned=True failed=peer_probe_ok
2026-09-06 17:13:51 OK port 29081 [full] height=2316 peers=2 p2p=inconsistent aligned=True failed=
2026-09-06 17:13:51 OK port 29082 [full] height=2316 peers=2 p2p=inconsistent aligned=True failed=peer_probe_ok
2026-09-06 17:13:51 OK mesh aligned 29080:h2316/p2 29081:h2316/p2 29082:h2316/p2
2026-09-06 17:18:57 OK port 29080 [quick] height=2334 peers=2 p2p=inconsistent aligned=True failed=
2026-09-06 17:18:57 OK port 29081 [quick] height=2334 peers=2 p2p=aligned aligned=True failed=
2026-09-06 17:18:57 OK port 29082 [quick] height=2334 peers=2 p2p=inconsistent aligned=True failed=
2026-09-06 17:18:57 OK mesh aligned 29080:h2334/p2 29081:h2334/p2 29082:h2334/p2
2026-09-06 17:24:01 OK port 29080 [quick] height=2352 peers=2 p2p=inconsistent aligned=True failed=
2026-09-06 17:24:01 OK port 29081 [quick] height=2352 peers=2 p2p=aligned aligned=True failed=
2026-09-06 17:24:01 OK port 29082 [quick] height=2352 peers=2 p2p=inconsistent aligned=True failed=
2026-09-06 17:24:01 OK mesh aligned 29080:h2352/p2 29081:h2352/p2 29082:h2352/p2
2026-09-06 17:29:05 OK port 29080 [quick] height=2370 peers=2 p2p=inconsistent aligned=True failed=
2026-09-06 17:29:05 OK port 29081 [quick] height=2369 peers=2 p2p=inconsistent aligned=True failed=
2026-09-06 17:29:05 OK port 29082 [quick] height=2369 peers=2 p2p=inconsistent aligned=True failed=
2026-09-06 17:29:05 OK mesh aligned 29080:h2370/p2 29081:h2369/p2 29082:h2369/p2 transient_delta=1
2026-09-06 17:34:07 OK port 29080 [quick] height=2387 peers=2 p2p=inconsistent aligned=True failed=
2026-09-06 17:34:07 OK port 29081 [quick] height=2387 peers=2 p2p=aligned aligned=True failed=
2026-09-06 17:34:07 OK port 29082 [quick] height=2387 peers=2 p2p=aligned aligned=True failed=
2026-09-06 17:34:07 OK mesh aligned 29080:h2387/p2 29081:h2387/p2 29082:h2387/p2
2026-09-06 17:39:11 OK port 29080 [quick] height=2405 peers=2 p2p=inconsistent aligned=True failed=
2026-09-06 17:39:12 OK port 29081 [quick] height=2404 peers=2 p2p=inconsistent aligned=True failed=
2026-09-06 17:39:12 OK port 29082 [quick] height=2404 peers=2 p2p=inconsistent aligned=True failed=
2026-09-06 17:39:12 OK mesh aligned 29080:h2405/p2 29081:h2404/p2 29082:h2404/p2 transient_delta=1
2026-09-06 17:44:19 OK port 29080 [full] height=2424 peers=2 p2p=inconsistent aligned=True failed=
2026-09-06 17:44:19 OK port 29081 [full] height=2424 peers=1 p2p=single_peer_dev aligned=True failed=peer_probe_ok,p2p_state_consistent
2026-09-06 17:44:19 OK port 29082 [full] height=2424 peers=1 p2p=single_peer_dev aligned=True failed=
2026-09-06 17:44:19 OK mesh aligned 29080:h2424/p2 29081:h2424/p1 29082:h2424/p1
2026-09-06 17:49:24 OK port 29080 [quick] height=2442 peers=2 p2p=inconsistent aligned=True failed=peer_probe_ok,p2p_state_consistent
2026-09-06 17:49:24 OK port 29081 [quick] height=2442 peers=2 p2p=aligned aligned=True failed=
2026-09-06 17:49:24 OK port 29082 [quick] height=2442 peers=2 p2p=aligned aligned=True failed=
2026-09-06 17:49:24 OK mesh aligned 29080:h2442/p2 29081:h2442/p2 29082:h2442/p2
2026-09-06 17:54:24 OK port 29080 [quick] height=2459 peers=2 p2p=inconsistent aligned=True failed=
2026-09-06 17:54:24 OK port 29081 [quick] height=2459 peers=2 p2p=aligned aligned=True failed=
2026-09-06 17:54:25 OK port 29082 [quick] height=2459 peers=2 p2p=aligned aligned=True failed=
2026-09-06 17:54:25 OK mesh aligned 29080:h2459/p2 29081:h2459/p2 29082:h2459/p2
2026-09-06 17:59:29 OK port 29080 [quick] height=2477 peers=2 p2p=inconsistent aligned=True failed=
2026-09-06 17:59:29 OK port 29081 [quick] height=2477 peers=2 p2p=aligned aligned=True failed=
2026-09-06 17:59:29 OK port 29082 [quick] height=2477 peers=2 p2p=inconsistent aligned=True failed=
2026-09-06 17:59:29 OK mesh aligned 29080:h2477/p2 29081:h2477/p2 29082:h2477/p2
2026-09-06 18:04:33 OK port 29080 [quick] height=2494 peers=2 p2p=aligned aligned=True failed=
2026-09-06 18:04:33 OK port 29081 [quick] height=2494 peers=2 p2p=aligned aligned=True failed=
2026-09-06 18:04:33 OK port 29082 [quick] height=2494 peers=2 p2p=aligned aligned=True failed=
2026-09-06 18:04:33 OK mesh aligned 29080:h2494/p2 29081:h2494/p2 29082:h2494/p2
2026-09-06 18:09:37 OK port 29080 [quick] height=2511 peers=2 p2p=aligned aligned=True failed=
2026-09-06 18:09:37 OK port 29081 [quick] height=2511 peers=2 p2p=aligned aligned=True failed=
2026-09-06 18:09:37 OK port 29082 [quick] height=2511 peers=2 p2p=aligned aligned=True failed=
2026-09-06 18:09:37 OK mesh aligned 29080:h2511/p2 29081:h2511/p2 29082:h2511/p2
2026-09-06 18:14:43 OK port 29080 [full] height=2528 peers=2 p2p=aligned aligned=True failed=
2026-09-06 18:14:43 OK port 29081 [full] height=2528 peers=2 p2p=aligned aligned=True failed=
2026-09-06 18:14:43 OK port 29082 [full] height=2528 peers=2 p2p=aligned aligned=True failed=
2026-09-06 18:14:43 OK mesh aligned 29080:h2528/p2 29081:h2528/p2 29082:h2528/p2
2026-09-06 18:19:44 OK port 29080 [quick] height=2545 peers=2 p2p=inconsistent aligned=True failed=
2026-09-06 18:19:44 OK port 29081 [quick] height=2545 peers=2 p2p=aligned aligned=True failed=
2026-09-06 18:19:44 OK port 29082 [quick] height=2545 peers=2 p2p=aligned aligned=True failed=
2026-09-06 18:19:44 OK mesh aligned 29080:h2545/p2 29081:h2545/p2 29082:h2545/p2
2026-09-06 18:24:48 OK port 29080 [quick] height=2563 peers=2 p2p=inconsistent aligned=True failed=
2026-09-06 18:24:48 OK port 29081 [quick] height=2562 peers=2 p2p=inconsistent aligned=True failed=
2026-09-06 18:24:48 OK port 29082 [quick] height=2562 peers=2 p2p=inconsistent aligned=True failed=
2026-09-06 18:24:48 OK mesh aligned 29080:h2563/p2 29081:h2562/p2 29082:h2562/p2 transient_delta=1
2026-09-06 18:29:52 OK port 29080 [quick] height=2580 peers=2 p2p=inconsistent aligned=True failed=
2026-09-06 18:29:52 OK port 29081 [quick] height=2579 peers=2 p2p=inconsistent aligned=True failed=
2026-09-06 18:29:52 OK port 29082 [quick] height=2579 peers=2 p2p=inconsistent aligned=True failed=
2026-09-06 18:29:52 OK mesh aligned 29080:h2580/p2 29081:h2579/p2 29082:h2579/p2 transient_delta=1
2026-09-06 18:34:57 OK port 29080 [quick] height=2598 peers=2 p2p=inconsistent aligned=True failed=
2026-09-06 18:34:57 OK port 29081 [quick] height=2597 peers=1 p2p=single_peer_dev aligned=True failed=peer_probe_ok,p2p_state_consistent
2026-09-06 18:34:57 OK port 29082 [quick] height=2597 peers=1 p2p=single_peer_dev aligned=True failed=peer_probe_ok,p2p_state_consistent
2026-09-06 18:34:57 OK mesh aligned 29080:h2598/p2 29081:h2597/p1 29082:h2597/p1 transient_delta=1
2026-09-06 18:40:02 OK port 29080 [quick] height=2617 peers=2 p2p=aligned aligned=True failed=
2026-09-06 18:40:02 OK port 29081 [quick] height=2617 peers=1 p2p=single_peer_dev aligned=True failed=peer_probe_ok,p2p_state_consistent
2026-09-06 18:40:02 OK port 29082 [quick] height=2617 peers=1 p2p=single_peer_dev aligned=True failed=peer_probe_ok,p2p_state_consistent
2026-09-06 18:40:02 OK mesh aligned 29080:h2617/p2 29081:h2617/p1 29082:h2617/p1
2026-09-06 18:45:12 OK port 29080 [full] height=2636 peers=2 p2p=inconsistent aligned=True failed=peer_probe_ok
2026-09-06 18:45:12 OK port 29081 [full] height=2635 peers=1 p2p=single_peer_dev aligned=True failed=peer_probe_ok
2026-09-06 18:45:12 OK port 29082 [full] height=2635 peers=1 p2p=single_peer_dev aligned=True failed=
2026-09-06 18:45:12 OK mesh aligned 29080:h2636/p2 29081:h2635/p1 29082:h2635/p1 transient_delta=1
2026-09-06 18:50:17 OK port 29080 [quick] height=2655 peers=2 p2p=inconsistent aligned=True failed=
2026-09-06 18:50:17 OK port 29081 [quick] height=2655 peers=1 p2p=single_peer_dev aligned=True failed=peer_probe_ok,p2p_state_consistent
2026-09-06 18:50:17 OK port 29082 [quick] height=2655 peers=1 p2p=single_peer_dev aligned=True failed=
2026-09-06 18:50:17 OK mesh aligned 29080:h2655/p2 29081:h2655/p1 29082:h2655/p1
2026-09-06 18:55:21 OK port 29080 [quick] height=2673 peers=2 p2p=aligned aligned=True failed=
2026-09-06 18:55:21 OK port 29081 [quick] height=2673 peers=1 p2p=single_peer_dev aligned=True failed=
2026-09-06 18:55:21 OK port 29082 [quick] height=2673 peers=1 p2p=single_peer_dev aligned=True failed=
2026-09-06 18:55:21 OK mesh aligned 29080:h2673/p2 29081:h2673/p1 29082:h2673/p1
2026-09-06 19:00:23 OK port 29080 [quick] height=2690 peers=2 p2p=aligned aligned=True failed=
2026-09-06 19:00:23 OK port 29081 [quick] height=2690 peers=2 p2p=aligned aligned=True failed=
2026-09-06 19:00:23 OK port 29082 [quick] height=2690 peers=2 p2p=aligned aligned=True failed=
2026-09-06 19:00:23 OK mesh aligned 29080:h2690/p2 29081:h2690/p2 29082:h2690/p2
2026-09-06 19:05:28 OK port 29080 [quick] height=2707 peers=2 p2p=aligned aligned=True failed=peer_probe_ok,p2p_state_consistent
2026-09-06 19:05:28 OK port 29081 [quick] height=2707 peers=2 p2p=aligned aligned=True failed=
2026-09-06 19:05:28 OK port 29082 [quick] height=2707 peers=2 p2p=aligned aligned=True failed=
2026-09-06 19:05:28 OK mesh aligned 29080:h2707/p2 29081:h2707/p2 29082:h2707/p2
2026-09-06 19:10:33 OK port 29080 [quick] height=2724 peers=2 p2p=inconsistent aligned=True failed=
2026-09-06 19:10:33 OK port 29081 [quick] height=2723 peers=2 p2p=inconsistent aligned=True failed=
2026-09-06 19:10:33 OK port 29082 [quick] height=2723 peers=2 p2p=inconsistent aligned=True failed=
2026-09-06 19:10:33 OK mesh aligned 29080:h2724/p2 29081:h2723/p2 29082:h2723/p2 transient_delta=1
2026-09-06 19:15:33 OK port 29080 [full] height=2741 peers=2 p2p=aligned aligned=True failed=
2026-09-06 19:15:33 OK port 29081 [full] height=2741 peers=1 p2p=single_peer_dev aligned=True failed=
2026-09-06 19:15:33 OK port 29082 [full] height=2741 peers=1 p2p=single_peer_dev aligned=True failed=
2026-09-06 19:15:33 OK mesh aligned 29080:h2741/p2 29081:h2741/p1 29082:h2741/p1
2026-09-06 19:20:37 OK port 29080 [quick] height=2758 peers=2 p2p=inconsistent aligned=True failed=peer_probe_ok,p2p_state_consistent
2026-09-06 19:20:37 OK port 29081 [quick] height=2758 peers=2 p2p=aligned aligned=True failed=
2026-09-06 19:20:37 OK port 29082 [quick] height=2758 peers=2 p2p=aligned aligned=True failed=
2026-09-06 19:20:37 OK mesh aligned 29080:h2758/p2 29081:h2758/p2 29082:h2758/p2
2026-09-06 19:25:44 OK port 29080 [quick] height=2774 peers=2 p2p=inconsistent aligned=True failed=
2026-09-06 19:25:44 OK port 29081 [quick] height=2773 peers=2 p2p=inconsistent aligned=True failed=
2026-09-06 19:25:44 OK port 29082 [quick] height=2773 peers=2 p2p=inconsistent aligned=True failed=
2026-09-06 19:25:44 OK mesh aligned 29080:h2774/p2 29081:h2773/p2 29082:h2773/p2 transient_delta=1
2026-09-06 19:30:48 OK port 29080 [quick] height=2789 peers=2 p2p=aligned aligned=True failed=
2026-09-06 19:30:48 OK port 29081 [quick] height=2789 peers=1 p2p=single_peer_dev aligned=True failed=
2026-09-06 19:30:48 OK port 29082 [quick] height=2789 peers=1 p2p=single_peer_dev aligned=True failed=
2026-09-06 19:30:48 OK mesh aligned 29080:h2789/p2 29081:h2789/p1 29082:h2789/p1
2026-09-06 19:35:53 OK port 29080 [quick] height=2808 peers=2 p2p=inconsistent aligned=True failed=
2026-09-06 19:35:53 OK port 29081 [quick] height=2807 peers=2 p2p=inconsistent aligned=True failed=peer_probe_ok,p2p_state_consistent
2026-09-06 19:35:53 OK port 29082 [quick] height=2807 peers=2 p2p=inconsistent aligned=True failed=
2026-09-06 19:35:53 OK mesh aligned 29080:h2808/p2 29081:h2807/p2 29082:h2807/p2 transient_delta=1
2026-09-06 19:41:01 OK port 29080 [quick] height=2824 peers=2 p2p=inconsistent aligned=True failed=
2026-09-06 19:41:01 OK port 29081 [quick] height=2823 peers=2 p2p=inconsistent aligned=True failed=
2026-09-06 19:41:01 OK port 29082 [quick] height=2823 peers=2 p2p=inconsistent aligned=True failed=
2026-09-06 19:41:01 OK mesh aligned 29080:h2824/p2 29081:h2823/p2 29082:h2823/p2 transient_delta=1
2026-09-06 19:46:11 OK port 29080 [full] height=2840 peers=2 p2p=inconsistent aligned=True failed=peer_probe_ok
2026-09-06 19:46:11 OK port 29081 [full] height=2839 peers=2 p2p=inconsistent aligned=True failed=peer_probe_ok
2026-09-06 19:46:11 OK port 29082 [full] height=2839 peers=2 p2p=inconsistent aligned=True failed=peer_probe_ok
2026-09-06 19:46:11 OK mesh aligned 29080:h2840/p2 29081:h2839/p2 29082:h2839/p2 transient_delta=1
2026-09-06 19:51:17 OK port 29080 [quick] height=2856 peers=2 p2p=inconsistent aligned=True failed=
2026-09-06 19:51:17 OK port 29081 [quick] height=2856 peers=2 p2p=inconsistent aligned=True failed=
2026-09-06 19:51:17 OK port 29082 [quick] height=2855 peers=2 p2p=inconsistent aligned=True failed=
2026-09-06 19:51:17 OK mesh aligned 29080:h2856/p2 29081:h2856/p2 29082:h2855/p2 transient_delta=1
2026-09-06 19:56:22 OK port 29080 [quick] height=2872 peers=2 p2p=inconsistent aligned=True failed=peer_probe_ok,p2p_state_consistent
2026-09-06 19:56:22 OK port 29081 [quick] height=2872 peers=2 p2p=aligned aligned=True failed=
2026-09-06 19:56:22 OK port 29082 [quick] height=2872 peers=2 p2p=aligned aligned=True failed=
2026-09-06 19:56:22 OK mesh aligned 29080:h2872/p2 29081:h2872/p2 29082:h2872/p2
2026-09-06 20:01:30 OK port 29080 [quick] height=2890 peers=2 p2p=aligned aligned=True failed=
2026-09-06 20:01:30 OK port 29081 [quick] height=2890 peers=1 p2p=single_peer_dev aligned=True failed=peer_probe_ok,p2p_state_consistent
2026-09-06 20:01:30 OK port 29082 [quick] height=2890 peers=1 p2p=single_peer_dev aligned=True failed=peer_probe_ok,p2p_state_consistent
2026-09-06 20:01:30 OK mesh aligned 29080:h2890/p2 29081:h2890/p1 29082:h2890/p1
2026-09-06 20:06:33 OK port 29080 [quick] height=2906 peers=2 p2p=aligned aligned=True failed=
2026-09-06 20:06:33 OK port 29081 [quick] height=2906 peers=2 p2p=aligned aligned=True failed=
2026-09-06 20:06:33 OK port 29082 [quick] height=2906 peers=2 p2p=aligned aligned=True failed=
2026-09-06 20:06:33 OK mesh aligned 29080:h2906/p2 29081:h2906/p2 29082:h2906/p2
2026-09-06 20:11:38 OK port 29080 [quick] height=2921 peers=2 p2p=aligned aligned=True failed=
2026-09-06 20:11:38 OK port 29081 [quick] height=2921 peers=2 p2p=aligned aligned=True failed=
2026-09-06 20:11:38 OK port 29082 [quick] height=2921 peers=2 p2p=aligned aligned=True failed=
2026-09-06 20:11:38 OK mesh aligned 29080:h2921/p2 29081:h2921/p2 29082:h2921/p2
2026-09-06 20:16:40 OK port 29080 [full] height=2936 peers=2 p2p=aligned aligned=True failed=
2026-09-06 20:16:40 OK port 29081 [full] height=2936 peers=2 p2p=aligned aligned=True failed=
2026-09-06 20:16:40 OK port 29082 [full] height=2936 peers=2 p2p=aligned aligned=True failed=
2026-09-06 20:16:40 OK mesh aligned 29080:h2936/p2 29081:h2936/p2 29082:h2936/p2
2026-09-06 20:21:41 OK port 29080 [quick] height=2952 peers=2 p2p=aligned aligned=True failed=
2026-09-06 20:21:41 OK port 29081 [quick] height=2952 peers=1 p2p=single_peer_dev aligned=True failed=
2026-09-06 20:21:41 OK port 29082 [quick] height=2952 peers=1 p2p=single_peer_dev aligned=True failed=
2026-09-06 20:21:41 OK mesh aligned 29080:h2952/p2 29081:h2952/p1 29082:h2952/p1
2026-09-06 20:26:46 OK port 29080 [quick] height=2968 peers=2 p2p=inconsistent aligned=True failed=peer_probe_ok,p2p_state_consistent
2026-09-06 20:26:46 OK port 29081 [quick] height=2968 peers=2 p2p=aligned aligned=True failed=
2026-09-06 20:26:46 OK port 29082 [quick] height=2968 peers=2 p2p=aligned aligned=True failed=
2026-09-06 20:26:46 OK mesh aligned 29080:h2968/p2 29081:h2968/p2 29082:h2968/p2
2026-09-06 20:31:50 OK port 29080 [quick] height=2984 peers=2 p2p=aligned aligned=True failed=
2026-09-06 20:31:50 OK port 29081 [quick] height=2984 peers=2 p2p=aligned aligned=True failed=
2026-09-06 20:31:50 OK port 29082 [quick] height=2984 peers=2 p2p=aligned aligned=True failed=
2026-09-06 20:31:50 OK mesh aligned 29080:h2984/p2 29081:h2984/p2 29082:h2984/p2
2026-09-06 20:36:56 OK port 29080 [quick] height=3000 peers=2 p2p=inconsistent aligned=True failed=
2026-09-06 20:36:56 OK port 29081 [quick] height=3000 peers=2 p2p=aligned aligned=True failed=
2026-09-06 20:36:56 OK port 29082 [quick] height=3000 peers=2 p2p=inconsistent aligned=True failed=
2026-09-06 20:36:56 OK mesh aligned 29080:h3000/p2 29081:h3000/p2 29082:h3000/p2
2026-09-06 20:42:01 OK port 29080 [quick] height=3016 peers=2 p2p=inconsistent aligned=True failed=
2026-09-06 20:42:01 OK port 29081 [quick] height=3015 peers=2 p2p=inconsistent aligned=True failed=
2026-09-06 20:42:01 OK port 29082 [quick] height=3015 peers=2 p2p=aligned aligned=True failed=
2026-09-06 20:42:01 OK mesh aligned 29080:h3016/p2 29081:h3015/p2 29082:h3015/p2 transient_delta=1
2026-09-06 20:47:10 OK port 29080 [full] height=3032 peers=2 p2p=inconsistent aligned=True failed=peer_probe_ok
2026-09-06 20:47:10 OK port 29081 [full] height=3032 peers=1 p2p=single_peer_dev aligned=True failed=peer_probe_ok,p2p_state_consistent
2026-09-06 20:47:10 OK port 29082 [full] height=3032 peers=1 p2p=single_peer_dev aligned=True failed=peer_probe_ok,p2p_state_consistent
2026-09-06 20:47:10 OK mesh aligned 29080:h3032/p2 29081:h3032/p1 29082:h3032/p1
2026-09-06 20:52:13 OK port 29080 [quick] height=3049 peers=2 p2p=aligned aligned=True failed=
2026-09-06 20:52:13 OK port 29081 [quick] height=3049 peers=2 p2p=aligned aligned=True failed=
2026-09-06 20:52:13 OK port 29082 [quick] height=3049 peers=2 p2p=aligned aligned=True failed=
2026-09-06 20:52:13 OK mesh aligned 29080:h3049/p2 29081:h3049/p2 29082:h3049/p2
2026-09-06 20:57:19 OK port 29080 [quick] height=3064 peers=2 p2p=aligned aligned=True failed=
2026-09-06 20:57:19 OK port 29081 [quick] height=3064 peers=2 p2p=aligned aligned=True failed=
2026-09-06 20:57:19 OK port 29082 [quick] height=3064 peers=2 p2p=aligned aligned=True failed=
2026-09-06 20:57:19 OK mesh aligned 29080:h3064/p2 29081:h3064/p2 29082:h3064/p2
2026-09-06 21:02:26 OK port 29080 [quick] height=3079 peers=2 p2p=inconsistent aligned=True failed=
2026-09-06 21:02:26 OK port 29081 [quick] height=3079 peers=2 p2p=inconsistent aligned=True failed=
2026-09-06 21:02:26 OK port 29082 [quick] height=3079 peers=2 p2p=aligned aligned=True failed=
2026-09-06 21:02:26 OK mesh aligned 29080:h3079/p2 29081:h3079/p2 29082:h3079/p2
2026-09-06 21:07:29 OK port 29080 [quick] height=3094 peers=2 p2p=aligned aligned=True failed=
2026-09-06 21:07:29 OK port 29081 [quick] height=3094 peers=2 p2p=aligned aligned=True failed=
2026-09-06 21:07:29 OK port 29082 [quick] height=3094 peers=2 p2p=aligned aligned=True failed=
2026-09-06 21:07:29 OK mesh aligned 29080:h3094/p2 29081:h3094/p2 29082:h3094/p2
2026-09-06 21:12:33 OK port 29080 [quick] height=3109 peers=2 p2p=aligned aligned=True failed=
2026-09-06 21:12:33 OK port 29081 [quick] height=3109 peers=2 p2p=aligned aligned=True failed=
2026-09-06 21:12:33 OK port 29082 [quick] height=3109 peers=2 p2p=aligned aligned=True failed=
2026-09-06 21:12:33 OK mesh aligned 29080:h3109/p2 29081:h3109/p2 29082:h3109/p2
2026-09-06 21:17:44 OK port 29080 [full] height=3127 peers=2 p2p=aligned aligned=True failed=peer_probe_ok
2026-09-06 21:17:44 OK port 29081 [full] height=3127 peers=1 p2p=single_peer_dev aligned=True failed=peer_probe_ok,p2p_state_consistent
2026-09-06 21:17:44 OK port 29082 [full] height=3127 peers=1 p2p=single_peer_dev aligned=True failed=peer_probe_ok,p2p_state_consistent
2026-09-06 21:17:44 OK mesh aligned 29080:h3127/p2 29081:h3127/p1 29082:h3127/p1
2026-09-06 21:22:47 OK port 29080 [quick] height=3143 peers=2 p2p=aligned aligned=True failed=
2026-09-06 21:22:47 OK port 29081 [quick] height=3143 peers=2 p2p=aligned aligned=True failed=
2026-09-06 21:22:47 OK port 29082 [quick] height=3143 peers=2 p2p=aligned aligned=True failed=
2026-09-06 21:22:47 OK mesh aligned 29080:h3143/p2 29081:h3143/p2 29082:h3143/p2
2026-09-06 21:27:53 OK port 29080 [quick] height=3158 peers=2 p2p=inconsistent aligned=True failed=
2026-09-06 21:27:53 OK port 29081 [quick] height=3157 peers=2 p2p=inconsistent aligned=True failed=
2026-09-06 21:27:53 OK port 29082 [quick] height=3157 peers=2 p2p=inconsistent aligned=True failed=
2026-09-06 21:27:53 OK mesh aligned 29080:h3158/p2 29081:h3157/p2 29082:h3157/p2 transient_delta=1
2026-09-06 21:32:57 OK port 29080 [quick] height=3174 peers=2 p2p=aligned aligned=True failed=
2026-09-06 21:32:57 OK port 29081 [quick] height=3174 peers=1 p2p=single_peer_dev aligned=True failed=peer_probe_ok,p2p_state_consistent
2026-09-06 21:32:57 OK port 29082 [quick] height=3174 peers=1 p2p=single_peer_dev aligned=True failed=peer_probe_ok,p2p_state_consistent
2026-09-06 21:32:57 OK mesh aligned 29080:h3174/p2 29081:h3174/p1 29082:h3174/p1
2026-09-06 21:38:02 OK port 29080 [quick] height=3191 peers=2 p2p=aligned aligned=True failed=
2026-09-06 21:38:02 OK port 29081 [quick] height=3191 peers=1 p2p=single_peer_dev aligned=True failed=peer_probe_ok,p2p_state_consistent
2026-09-06 21:38:02 OK port 29082 [quick] height=3191 peers=1 p2p=single_peer_dev aligned=True failed=peer_probe_ok,p2p_state_consistent
2026-09-06 21:38:02 OK mesh aligned 29080:h3191/p2 29081:h3191/p1 29082:h3191/p1
2026-09-06 21:43:07 OK port 29080 [quick] height=3208 peers=2 p2p=inconsistent aligned=True failed=
2026-09-06 21:43:07 OK port 29081 [quick] height=3208 peers=1 p2p=single_peer_dev aligned=True failed=peer_probe_ok,p2p_state_consistent
2026-09-06 21:43:07 OK port 29082 [quick] height=3208 peers=1 p2p=single_peer_dev aligned=True failed=
2026-09-06 21:43:07 OK mesh aligned 29080:h3208/p2 29081:h3208/p1 29082:h3208/p1
2026-09-06 21:48:12 OK port 29080 [full] height=3224 peers=2 p2p=inconsistent aligned=True failed=
2026-09-06 21:48:12 OK port 29081 [full] height=3224 peers=2 p2p=aligned aligned=True failed=
2026-09-06 21:48:12 OK port 29082 [full] height=3224 peers=2 p2p=aligned aligned=True failed=
2026-09-06 21:48:12 OK mesh aligned 29080:h3224/p2 29081:h3224/p2 29082:h3224/p2
2026-09-06 21:53:15 OK port 29080 [quick] height=3239 peers=2 p2p=aligned aligned=True failed=
2026-09-06 21:53:15 OK port 29081 [quick] height=3239 peers=2 p2p=aligned aligned=True failed=
2026-09-06 21:53:15 OK port 29082 [quick] height=3239 peers=2 p2p=aligned aligned=True failed=
2026-09-06 21:53:15 OK mesh aligned 29080:h3239/p2 29081:h3239/p2 29082:h3239/p2
2026-09-06 21:58:19 OK port 29080 [quick] height=3253 peers=2 p2p=aligned aligned=True failed=
2026-09-06 21:58:19 OK port 29081 [quick] height=3253 peers=2 p2p=aligned aligned=True failed=
2026-09-06 21:58:19 OK port 29082 [quick] height=3253 peers=2 p2p=aligned aligned=True failed=
2026-09-06 21:58:19 OK mesh aligned 29080:h3253/p2 29081:h3253/p2 29082:h3253/p2
2026-09-06 22:03:22 OK port 29080 [quick] height=3267 peers=2 p2p=inconsistent aligned=True failed=peer_probe_ok,p2p_state_consistent
2026-09-06 22:03:22 OK port 29081 [quick] height=3267 peers=2 p2p=aligned aligned=True failed=
2026-09-06 22:03:22 OK port 29082 [quick] height=3267 peers=2 p2p=aligned aligned=True failed=
2026-09-06 22:03:22 OK mesh aligned 29080:h3267/p2 29081:h3267/p2 29082:h3267/p2
2026-09-06 22:08:24 OK port 29080 [quick] height=3281 peers=2 p2p=aligned aligned=True failed=
2026-09-06 22:08:24 OK port 29081 [quick] height=3281 peers=2 p2p=aligned aligned=True failed=
2026-09-06 22:08:24 OK port 29082 [quick] height=3281 peers=2 p2p=aligned aligned=True failed=
2026-09-06 22:08:24 OK mesh aligned 29080:h3281/p2 29081:h3281/p2 29082:h3281/p2
2026-09-06 22:13:31 OK port 29080 [quick] height=3298 peers=2 p2p=inconsistent aligned=True failed=
2026-09-06 22:13:31 OK port 29081 [quick] height=3297 peers=1 p2p=single_peer_dev aligned=True failed=
2026-09-06 22:13:31 OK port 29082 [quick] height=3297 peers=1 p2p=single_peer_dev aligned=True failed=
2026-09-06 22:13:31 OK mesh aligned 29080:h3298/p2 29081:h3297/p1 29082:h3297/p1 transient_delta=1
2026-09-06 22:18:37 OK port 29080 [full] height=3313 peers=2 p2p=inconsistent aligned=True failed=
2026-09-06 22:18:37 OK port 29081 [full] height=3313 peers=2 p2p=aligned aligned=True failed=
2026-09-06 22:18:37 OK port 29082 [full] height=3313 peers=2 p2p=aligned aligned=True failed=
2026-09-06 22:18:37 OK mesh aligned 29080:h3313/p2 29081:h3313/p2 29082:h3313/p2
2026-09-06 22:23:40 OK port 29080 [quick] height=3328 peers=2 p2p=inconsistent aligned=True failed=peer_probe_ok,p2p_state_consistent
2026-09-06 22:23:40 OK port 29081 [quick] height=3328 peers=2 p2p=inconsistent aligned=True failed=
2026-09-06 22:23:40 OK port 29082 [quick] height=3327 peers=2 p2p=inconsistent aligned=True failed=
2026-09-06 22:23:40 OK mesh aligned 29080:h3328/p2 29081:h3328/p2 29082:h3327/p2 transient_delta=1
2026-09-06 22:28:45 OK port 29080 [quick] height=3342 peers=2 p2p=inconsistent aligned=True failed=
2026-09-06 22:28:45 OK port 29081 [quick] height=3342 peers=2 p2p=inconsistent aligned=True failed=
2026-09-06 22:28:45 OK port 29082 [quick] height=3342 peers=2 p2p=aligned aligned=True failed=
2026-09-06 22:28:45 OK mesh aligned 29080:h3342/p2 29081:h3342/p2 29082:h3342/p2
2026-09-06 22:33:49 OK port 29080 [quick] height=3356 peers=2 p2p=aligned aligned=True failed=
2026-09-06 22:33:49 OK port 29081 [quick] height=3356 peers=1 p2p=single_peer_dev aligned=True failed=
2026-09-06 22:33:49 OK port 29082 [quick] height=3356 peers=1 p2p=single_peer_dev aligned=True failed=
2026-09-06 22:33:49 OK mesh aligned 29080:h3356/p2 29081:h3356/p1 29082:h3356/p1
2026-09-06 22:38:52 OK port 29080 [quick] height=3372 peers=2 p2p=inconsistent aligned=True failed=
2026-09-06 22:38:52 OK port 29081 [quick] height=3371 peers=1 p2p=single_peer_dev aligned=True failed=peer_probe_ok,p2p_state_consistent
2026-09-06 22:38:52 OK port 29082 [quick] height=3372 peers=1 p2p=single_peer_dev aligned=True failed=peer_probe_ok,p2p_state_consistent
2026-09-06 22:38:52 OK mesh aligned 29080:h3372/p2 29081:h3371/p1 29082:h3372/p1 transient_delta=1
2026-09-06 22:43:56 OK port 29080 [quick] height=3389 peers=2 p2p=inconsistent aligned=True failed=
2026-09-06 22:43:56 OK port 29081 [quick] height=3388 peers=1 p2p=single_peer_dev aligned=True failed=peer_probe_ok,p2p_state_consistent
2026-09-06 22:43:56 OK port 29082 [quick] height=3388 peers=1 p2p=single_peer_dev aligned=True failed=peer_probe_ok,p2p_state_consistent
2026-09-06 22:43:56 OK mesh aligned 29080:h3389/p2 29081:h3388/p1 29082:h3388/p1 transient_delta=1
2026-09-06 22:49:00 OK port 29080 [full] height=3405 peers=2 p2p=aligned aligned=True failed=
2026-09-06 22:49:00 OK port 29081 [full] height=3405 peers=1 p2p=single_peer_dev aligned=True failed=peer_probe_ok,p2p_state_consistent
2026-09-06 22:49:00 OK port 29082 [full] height=3405 peers=1 p2p=single_peer_dev aligned=True failed=peer_probe_ok,p2p_state_consistent
2026-09-06 22:49:00 OK mesh aligned 29080:h3405/p2 29081:h3405/p1 29082:h3405/p1
2026-09-06 22:54:06 OK port 29080 [quick] height=3422 peers=2 p2p=inconsistent aligned=True failed=
2026-09-06 22:54:06 OK port 29081 [quick] height=3422 peers=1 p2p=single_peer_dev aligned=True failed=peer_probe_ok,p2p_state_consistent
2026-09-06 22:54:06 OK port 29082 [quick] height=3422 peers=1 p2p=single_peer_dev aligned=True failed=peer_probe_ok,p2p_state_consistent
2026-09-06 22:54:06 OK mesh aligned 29080:h3422/p2 29081:h3422/p1 29082:h3422/p1
2026-09-06 22:59:07 OK port 29080 [quick] height=3438 peers=2 p2p=inconsistent aligned=True failed=
2026-09-06 22:59:07 OK port 29081 [quick] height=3438 peers=1 p2p=single_peer_dev aligned=True failed=
2026-09-06 22:59:07 OK port 29082 [quick] height=3438 peers=1 p2p=single_peer_dev aligned=True failed=
2026-09-06 22:59:07 OK mesh aligned 29080:h3438/p2 29081:h3438/p1 29082:h3438/p1
2026-09-06 23:04:10 OK port 29080 [quick] height=3454 peers=2 p2p=inconsistent aligned=True failed=peer_probe_ok,p2p_state_consistent
2026-09-06 23:04:10 OK port 29081 [quick] height=3454 peers=1 p2p=single_peer_dev aligned=True failed=peer_probe_ok,p2p_state_consistent
2026-09-06 23:04:10 OK port 29082 [quick] height=3454 peers=1 p2p=single_peer_dev aligned=True failed=peer_probe_ok,p2p_state_consistent
2026-09-06 23:04:10 OK mesh aligned 29080:h3454/p2 29081:h3454/p1 29082:h3454/p1
2026-09-06 23:09:15 OK port 29080 [quick] height=3470 peers=2 p2p=inconsistent aligned=True failed=
2026-09-06 23:09:15 OK port 29081 [quick] height=3470 peers=1 p2p=single_peer_dev aligned=True failed=
2026-09-06 23:09:15 OK port 29082 [quick] height=3470 peers=1 p2p=single_peer_dev aligned=True failed=peer_probe_ok,p2p_state_consistent
2026-09-06 23:09:15 OK mesh aligned 29080:h3470/p2 29081:h3470/p1 29082:h3470/p1
2026-09-06 23:14:19 OK port 29080 [quick] height=3487 peers=2 p2p=aligned aligned=True failed=
2026-09-06 23:14:19 OK port 29081 [quick] height=3487 peers=1 p2p=single_peer_dev aligned=True failed=peer_probe_ok,p2p_state_consistent
2026-09-06 23:14:19 OK port 29082 [quick] height=3487 peers=1 p2p=single_peer_dev aligned=True failed=peer_probe_ok,p2p_state_consistent
2026-09-06 23:14:19 OK mesh aligned 29080:h3487/p2 29081:h3487/p1 29082:h3487/p1
2026-09-06 23:19:26 OK port 29080 [full] height=3504 peers=2 p2p=aligned aligned=True failed=
2026-09-06 23:19:26 OK port 29081 [full] height=3504 peers=1 p2p=single_peer_dev aligned=True failed=peer_probe_ok,p2p_state_consistent
2026-09-06 23:19:26 OK port 29082 [full] height=3504 peers=1 p2p=single_peer_dev aligned=True failed=peer_probe_ok,p2p_state_consistent
2026-09-06 23:19:26 OK mesh aligned 29080:h3504/p2 29081:h3504/p1 29082:h3504/p1
2026-09-06 23:24:28 OK port 29080 [quick] height=3522 peers=2 p2p=inconsistent aligned=True failed=
2026-09-06 23:24:28 OK port 29081 [quick] height=3522 peers=1 p2p=single_peer_dev aligned=True failed=
2026-09-06 23:24:28 OK port 29082 [quick] height=3522 peers=1 p2p=single_peer_dev aligned=True failed=
2026-09-06 23:24:28 OK mesh aligned 29080:h3522/p2 29081:h3522/p1 29082:h3522/p1
2026-09-06 23:29:32 OK port 29080 [quick] height=3540 peers=2 p2p=aligned aligned=True failed=
2026-09-06 23:29:32 OK port 29081 [quick] height=3540 peers=1 p2p=single_peer_dev aligned=True failed=peer_probe_ok,p2p_state_consistent
2026-09-06 23:29:32 OK port 29082 [quick] height=3540 peers=1 p2p=single_peer_dev aligned=True failed=peer_probe_ok,p2p_state_consistent
2026-09-06 23:29:32 OK mesh aligned 29080:h3540/p2 29081:h3540/p1 29082:h3540/p1
2026-09-06 23:34:35 OK port 29080 [quick] height=3558 peers=2 p2p=inconsistent aligned=True failed=peer_probe_ok,p2p_state_consistent
2026-09-06 23:34:35 OK port 29081 [quick] height=3558 peers=1 p2p=single_peer_dev aligned=True failed=peer_probe_ok,p2p_state_consistent
2026-09-06 23:34:35 OK port 29082 [quick] height=3558 peers=1 p2p=single_peer_dev aligned=True failed=peer_probe_ok,p2p_state_consistent
2026-09-06 23:34:35 OK mesh aligned 29080:h3558/p2 29081:h3558/p1 29082:h3558/p1
2026-09-06 23:39:40 OK port 29080 [quick] height=3575 peers=2 p2p=aligned aligned=True failed=
2026-09-06 23:39:40 OK port 29081 [quick] height=3575 peers=1 p2p=single_peer_dev aligned=True failed=peer_probe_ok,p2p_state_consistent
2026-09-06 23:39:40 OK port 29082 [quick] height=3575 peers=1 p2p=single_peer_dev aligned=True failed=peer_probe_ok,p2p_state_consistent
2026-09-06 23:39:40 OK mesh aligned 29080:h3575/p2 29081:h3575/p1 29082:h3575/p1
2026-09-06 23:44:47 OK port 29080 [quick] height=3592 peers=2 p2p=inconsistent aligned=True failed=peer_probe_ok,p2p_state_consistent
2026-09-06 23:44:47 OK port 29081 [quick] height=3592 peers=1 p2p=single_peer_dev aligned=True failed=
2026-09-06 23:44:47 OK port 29082 [quick] height=3592 peers=1 p2p=single_peer_dev aligned=True failed=peer_probe_ok,p2p_state_consistent
2026-09-06 23:44:47 OK mesh aligned 29080:h3592/p2 29081:h3592/p1 29082:h3592/p1
2026-09-06 23:50:02 OK port 29080 [full] height=3607 peers=1 p2p=single_peer_dev aligned=True failed=peer_probe_ok
2026-09-06 23:50:02 OK port 29081 [full] height=3606 peers=1 p2p=single_peer_dev aligned=True failed=peer_probe_ok,p2p_state_consistent
2026-09-06 23:50:02 OK port 29082 [full] height=3606 peers=2 p2p=inconsistent aligned=True failed=peer_probe_ok,p2p_state_consistent
2026-09-06 23:50:02 OK mesh aligned 29080:h3607/p1 29081:h3606/p1 29082:h3606/p2 transient_delta=1
2026-09-06 23:55:07 OK port 29080 [quick] height=3622 peers=1 p2p=single_peer_dev aligned=True failed=
2026-09-06 23:55:07 OK port 29081 [quick] height=3622 peers=1 p2p=single_peer_dev aligned=True failed=peer_probe_ok,p2p_state_consistent
2026-09-06 23:55:07 OK port 29082 [quick] height=3622 peers=2 p2p=inconsistent aligned=True failed=peer_probe_ok,p2p_state_consistent
2026-09-06 23:55:07 OK mesh aligned 29080:h3622/p1 29081:h3622/p1 29082:h3622/p2
2026-09-07 00:00:19 OK port 29080 [quick] height=3638 peers=1 p2p=single_peer_dev aligned=True failed=
2026-09-07 00:00:19 OK port 29081 [quick] height=3637 peers=1 p2p=single_peer_dev aligned=True failed=peer_probe_ok,p2p_state_consistent
2026-09-07 00:00:19 OK port 29082 [quick] height=3637 peers=2 p2p=inconsistent aligned=True failed=peer_probe_ok,p2p_state_consistent
2026-09-07 00:00:19 OK mesh aligned 29080:h3638/p1 29081:h3637/p1 29082:h3637/p2 transient_delta=1
2026-09-07 00:05:26 OK port 29080 [quick] height=3654 peers=1 p2p=single_peer_dev aligned=True failed=
2026-09-07 00:05:26 OK port 29081 [quick] height=3653 peers=1 p2p=single_peer_dev aligned=True failed=peer_probe_ok,p2p_state_consistent
2026-09-07 00:05:26 OK port 29082 [quick] height=3654 peers=2 p2p=inconsistent aligned=True failed=peer_probe_ok,p2p_state_consistent
2026-09-07 00:05:26 OK mesh aligned 29080:h3654/p1 29081:h3653/p1 29082:h3654/p2 transient_delta=1
2026-09-07 00:10:50 WARN OK port 29080 [quick] height=3669 peers=0 p2p=solo aligned=True failed=ready_flap
2026-09-07 00:10:50 OK port 29081 [quick] height=3668 peers=1 p2p=single_peer_dev aligned=True failed=peer_probe_ok,p2p_state_consistent
2026-09-07 00:10:50 OK port 29082 [quick] height=3669 peers=2 p2p=inconsistent aligned=True failed=peer_probe_ok,p2p_state_consistent
2026-09-07 00:10:50 OK mesh aligned 29080:h3669/p0 29081:h3668/p1 29082:h3669/p2 transient_delta=1
2026-09-07 00:15:56 OK port 29080 [quick] height=3670 peers=1 p2p=single_peer_dev aligned=True failed=
2026-09-07 00:15:56 OK port 29081 [quick] height=3669 peers=1 p2p=single_peer_dev aligned=True failed=
2026-09-07 00:15:56 OK port 29082 [quick] height=3670 peers=2 p2p=inconsistent aligned=True failed=
2026-09-07 00:15:56 OK mesh aligned 29080:h3670/p1 29081:h3669/p1 29082:h3670/p2 transient_delta=1
2026-09-07 00:21:06 OK port 29080 [full] height=3686 peers=1 p2p=single_peer_dev aligned=True failed=peer_probe_ok
2026-09-07 00:21:06 OK port 29081 [full] height=3685 peers=1 p2p=single_peer_dev aligned=True failed=peer_probe_ok,p2p_state_consistent
2026-09-07 00:21:06 OK port 29082 [full] height=3686 peers=2 p2p=inconsistent aligned=True failed=peer_probe_ok,p2p_state_consistent
2026-09-07 00:21:06 OK mesh aligned 29080:h3686/p1 29081:h3685/p1 29082:h3686/p2 transient_delta=1
2026-09-07 00:26:12 OK port 29080 [quick] height=3702 peers=1 p2p=single_peer_dev aligned=True failed=
2026-09-07 00:26:12 OK port 29081 [quick] height=3701 peers=1 p2p=single_peer_dev aligned=True failed=peer_probe_ok,p2p_state_consistent
2026-09-07 00:26:12 OK port 29082 [quick] height=3701 peers=2 p2p=inconsistent aligned=True failed=
2026-09-07 00:26:12 OK mesh aligned 29080:h3702/p1 29081:h3701/p1 29082:h3701/p2 transient_delta=1
2026-09-07 00:31:22 OK port 29080 [quick] height=3717 peers=1 p2p=single_peer_dev aligned=True failed=
2026-09-07 00:31:22 OK port 29081 [quick] height=3716 peers=1 p2p=single_peer_dev aligned=True failed=peer_probe_ok,p2p_state_consistent
2026-09-07 00:31:22 OK port 29082 [quick] height=3716 peers=2 p2p=inconsistent aligned=True failed=peer_probe_ok,p2p_state_consistent
2026-09-07 00:31:22 OK mesh aligned 29080:h3717/p1 29081:h3716/p1 29082:h3716/p2 transient_delta=1
2026-09-07 00:36:27 OK port 29080 [quick] height=3732 peers=1 p2p=single_peer_dev aligned=True failed=
2026-09-07 00:36:27 OK port 29081 [quick] height=3731 peers=1 p2p=single_peer_dev aligned=True failed=peer_probe_ok,p2p_state_consistent
2026-09-07 00:36:27 OK port 29082 [quick] height=3732 peers=2 p2p=inconsistent aligned=True failed=peer_probe_ok,p2p_state_consistent
2026-09-07 00:36:27 OK mesh aligned 29080:h3732/p1 29081:h3731/p1 29082:h3732/p2 transient_delta=1
2026-09-07 00:41:33 OK port 29080 [quick] height=3747 peers=1 p2p=single_peer_dev aligned=True failed=
2026-09-07 00:41:33 OK port 29081 [quick] height=3746 peers=1 p2p=single_peer_dev aligned=True failed=peer_probe_ok,p2p_state_consistent
2026-09-07 00:41:33 OK port 29082 [quick] height=3746 peers=2 p2p=inconsistent aligned=True failed=peer_probe_ok,p2p_state_consistent
2026-09-07 00:41:33 OK mesh aligned 29080:h3747/p1 29081:h3746/p1 29082:h3746/p2 transient_delta=1
2026-09-07 00:46:38 OK port 29080 [quick] height=3761 peers=1 p2p=single_peer_dev aligned=True failed=
2026-09-07 00:46:38 OK port 29081 [quick] height=3760 peers=1 p2p=single_peer_dev aligned=True failed=peer_probe_ok,p2p_state_consistent
2026-09-07 00:46:38 OK port 29082 [quick] height=3760 peers=2 p2p=inconsistent aligned=True failed=peer_probe_ok,p2p_state_consistent
2026-09-07 00:46:38 OK mesh aligned 29080:h3761/p1 29081:h3760/p1 29082:h3760/p2 transient_delta=1
2026-09-07 00:51:48 OK port 29080 [full] height=3776 peers=1 p2p=single_peer_dev aligned=True failed=peer_probe_ok
2026-09-07 00:51:48 OK port 29081 [full] height=3775 peers=1 p2p=single_peer_dev aligned=True failed=peer_probe_ok,p2p_state_consistent
2026-09-07 00:51:48 OK port 29082 [full] height=3775 peers=2 p2p=inconsistent aligned=True failed=peer_probe_ok,p2p_state_consistent
2026-09-07 00:51:48 OK mesh aligned 29080:h3776/p1 29081:h3775/p1 29082:h3775/p2 transient_delta=1
2026-09-07 00:56:56 OK port 29080 [quick] height=3791 peers=1 p2p=single_peer_dev aligned=True failed=peer_probe_ok,p2p_state_consistent
2026-09-07 00:56:56 OK port 29081 [quick] height=3791 peers=1 p2p=single_peer_dev aligned=True failed=peer_probe_ok,p2p_state_consistent
2026-09-07 00:56:56 OK port 29082 [quick] height=3791 peers=2 p2p=inconsistent aligned=True failed=peer_probe_ok,p2p_state_consistent
2026-09-07 00:56:56 OK mesh aligned 29080:h3791/p1 29081:h3791/p1 29082:h3791/p2
2026-09-07 01:02:03 OK port 29080 [quick] height=3807 peers=1 p2p=single_peer_dev aligned=True failed=peer_probe_ok,p2p_state_consistent
2026-09-07 01:02:03 OK port 29081 [quick] height=3807 peers=1 p2p=single_peer_dev aligned=True failed=peer_probe_ok,p2p_state_consistent
2026-09-07 01:02:03 OK port 29082 [quick] height=3807 peers=2 p2p=inconsistent aligned=True failed=peer_probe_ok,p2p_state_consistent
2026-09-07 01:02:03 OK mesh aligned 29080:h3807/p1 29081:h3807/p1 29082:h3807/p2
2026-09-07 01:07:07 OK port 29080 [quick] height=3822 peers=1 p2p=single_peer_dev aligned=True failed=
2026-09-07 01:07:07 OK port 29081 [quick] height=3822 peers=1 p2p=single_peer_dev aligned=True failed=peer_probe_ok,p2p_state_consistent
2026-09-07 01:07:07 OK port 29082 [quick] height=3822 peers=2 p2p=inconsistent aligned=True failed=peer_probe_ok,p2p_state_consistent
2026-09-07 01:07:07 OK mesh aligned 29080:h3822/p1 29081:h3822/p1 29082:h3822/p2
2026-09-07 01:12:13 OK port 29080 [quick] height=3837 peers=1 p2p=single_peer_dev aligned=True failed=peer_probe_ok,p2p_state_consistent
2026-09-07 01:12:13 OK port 29081 [quick] height=3836 peers=1 p2p=single_peer_dev aligned=True failed=peer_probe_ok,p2p_state_consistent
2026-09-07 01:12:13 OK port 29082 [quick] height=3837 peers=2 p2p=inconsistent aligned=True failed=peer_probe_ok,p2p_state_consistent
2026-09-07 01:12:13 OK mesh aligned 29080:h3837/p1 29081:h3836/p1 29082:h3837/p2 transient_delta=1
2026-09-07 01:17:18 OK port 29080 [quick] height=3852 peers=1 p2p=single_peer_dev aligned=True failed=
2026-09-07 01:17:18 OK port 29081 [quick] height=3852 peers=1 p2p=single_peer_dev aligned=True failed=peer_probe_ok,p2p_state_consistent
2026-09-07 01:17:18 OK port 29082 [quick] height=3852 peers=2 p2p=aligned aligned=True failed=
2026-09-07 01:17:18 OK mesh aligned 29080:h3852/p1 29081:h3852/p1 29082:h3852/p2
2026-09-07 01:22:32 OK port 29080 [full] height=3867 peers=1 p2p=single_peer_dev aligned=True failed=peer_probe_ok,p2p_state_consistent
2026-09-07 01:22:32 OK port 29081 [full] height=3867 peers=1 p2p=single_peer_dev aligned=True failed=peer_probe_ok,p2p_state_consistent
2026-09-07 01:22:32 OK port 29082 [full] height=3867 peers=2 p2p=inconsistent aligned=True failed=peer_probe_ok,p2p_state_consistent
2026-09-07 01:22:32 OK mesh aligned 29080:h3867/p1 29081:h3867/p1 29082:h3867/p2
2026-09-07 01:27:39 OK port 29080 [quick] height=3882 peers=1 p2p=single_peer_dev aligned=True failed=
2026-09-07 01:27:39 OK port 29081 [quick] height=3881 peers=1 p2p=single_peer_dev aligned=True failed=peer_probe_ok,p2p_state_consistent
2026-09-07 01:27:39 OK port 29082 [quick] height=3882 peers=2 p2p=inconsistent aligned=True failed=peer_probe_ok,p2p_state_consistent
2026-09-07 01:27:39 OK mesh aligned 29080:h3882/p1 29081:h3881/p1 29082:h3882/p2 transient_delta=1
2026-09-07 01:32:44 OK port 29080 [quick] height=3897 peers=1 p2p=single_peer_dev aligned=True failed=
2026-09-07 01:32:44 OK port 29081 [quick] height=3896 peers=1 p2p=single_peer_dev aligned=True failed=peer_probe_ok,p2p_state_consistent
2026-09-07 01:32:44 OK port 29082 [quick] height=3897 peers=2 p2p=inconsistent aligned=True failed=peer_probe_ok,p2p_state_consistent
2026-09-07 01:32:44 OK mesh aligned 29080:h3897/p1 29081:h3896/p1 29082:h3897/p2 transient_delta=1
2026-09-07 01:37:49 OK port 29080 [quick] height=3911 peers=1 p2p=single_peer_dev aligned=True failed=
2026-09-07 01:37:49 OK port 29081 [quick] height=3910 peers=1 p2p=single_peer_dev aligned=True failed=
2026-09-07 01:37:49 OK port 29082 [quick] height=3910 peers=2 p2p=inconsistent aligned=True failed=peer_probe_ok,p2p_state_consistent
2026-09-07 01:37:49 OK mesh aligned 29080:h3911/p1 29081:h3910/p1 29082:h3910/p2 transient_delta=1
2026-09-07 01:43:12 WARN OK port 29080 [quick] height=3920 peers=0 p2p=solo aligned=True failed=ready_flap
2026-09-07 01:43:12 OK port 29081 [quick] height=3920 peers=1 p2p=single_peer_dev aligned=True failed=
2026-09-07 01:43:12 OK port 29082 [quick] height=3920 peers=1 p2p=single_peer_dev aligned=True failed=
2026-09-07 01:43:12 OK mesh aligned 29080:h3920/p0 29081:h3920/p1 29082:h3920/p1
2026-09-07 01:48:21 OK port 29080 [quick] height=3931 peers=1 p2p=single_peer_dev aligned=True failed=
2026-09-07 01:48:21 OK port 29081 [quick] height=3930 peers=2 p2p=inconsistent aligned=True failed=peer_probe_ok,p2p_state_consistent
2026-09-07 01:48:21 OK port 29082 [quick] height=3930 peers=1 p2p=single_peer_dev aligned=True failed=peer_probe_ok,p2p_state_consistent
2026-09-07 01:48:21 OK mesh aligned 29080:h3931/p1 29081:h3930/p2 29082:h3930/p1 transient_delta=1
2026-09-07 01:53:33 OK port 29080 [full] height=3945 peers=1 p2p=single_peer_dev aligned=True failed=
2026-09-07 01:53:33 OK port 29081 [full] height=3945 peers=2 p2p=inconsistent aligned=True failed=peer_probe_ok
2026-09-07 01:53:33 OK port 29082 [full] height=3944 peers=1 p2p=single_peer_dev aligned=True failed=peer_probe_ok,p2p_state_consistent
2026-09-07 01:53:33 OK mesh aligned 29080:h3945/p1 29081:h3945/p2 29082:h3944/p1 transient_delta=1
2026-09-07 01:58:34 OK port 29080 [quick] height=3958 peers=2 p2p=aligned aligned=True failed=
2026-09-07 01:58:34 OK port 29081 [quick] height=3958 peers=2 p2p=aligned aligned=True failed=
2026-09-07 01:58:34 OK port 29082 [quick] height=3958 peers=2 p2p=aligned aligned=True failed=
2026-09-07 01:58:34 OK mesh aligned 29080:h3958/p2 29081:h3958/p2 29082:h3958/p2
2026-09-07 02:03:43 OK port 29080 [quick] height=3969 peers=2 p2p=inconsistent aligned=True failed=
2026-09-07 02:03:43 OK port 29081 [quick] height=3968 peers=2 p2p=inconsistent aligned=True failed=
2026-09-07 02:03:43 OK port 29082 [quick] height=3968 peers=2 p2p=aligned aligned=True failed=
2026-09-07 02:03:43 OK mesh aligned 29080:h3969/p2 29081:h3968/p2 29082:h3968/p2 transient_delta=1
2026-09-07 02:08:46 OK port 29080 [quick] height=3983 peers=2 p2p=aligned aligned=True failed=
2026-09-07 02:08:46 OK port 29081 [quick] height=3983 peers=1 p2p=single_peer_dev aligned=True failed=peer_probe_ok,p2p_state_consistent
2026-09-07 02:08:46 OK port 29082 [quick] height=3983 peers=1 p2p=single_peer_dev aligned=True failed=
2026-09-07 02:08:46 OK mesh aligned 29080:h3983/p2 29081:h3983/p1 29082:h3983/p1
2026-09-07 02:13:51 OK port 29080 [quick] height=3996 peers=2 p2p=inconsistent aligned=True failed=peer_probe_ok,p2p_state_consistent
2026-09-07 02:13:51 OK port 29081 [quick] height=3995 peers=2 p2p=inconsistent aligned=True failed=
2026-09-07 02:13:51 OK port 29082 [quick] height=3995 peers=2 p2p=inconsistent aligned=True failed=
2026-09-07 02:13:51 OK mesh aligned 29080:h3996/p2 29081:h3995/p2 29082:h3995/p2 transient_delta=1
2026-09-07 02:18:56 OK port 29080 [quick] height=4008 peers=2 p2p=inconsistent aligned=True failed=peer_probe_ok,p2p_state_consistent
2026-09-07 02:18:56 OK port 29081 [quick] height=4008 peers=2 p2p=inconsistent aligned=True failed=
2026-09-07 02:18:56 OK port 29082 [quick] height=4008 peers=2 p2p=aligned aligned=True failed=
2026-09-07 02:18:56 OK mesh aligned 29080:h4008/p2 29081:h4008/p2 29082:h4008/p2
2026-09-07 02:24:06 OK port 29080 [full] height=4020 peers=2 p2p=aligned aligned=True failed=peer_probe_ok
2026-09-07 02:24:06 OK port 29081 [full] height=4020 peers=2 p2p=aligned aligned=True failed=peer_probe_ok
2026-09-07 02:24:06 OK port 29082 [full] height=4020 peers=2 p2p=aligned aligned=True failed=peer_probe_ok
2026-09-07 02:24:06 OK mesh aligned 29080:h4020/p2 29081:h4020/p2 29082:h4020/p2
2026-09-07 02:29:09 OK port 29080 [quick] height=4032 peers=2 p2p=aligned aligned=True failed=
2026-09-07 02:29:09 OK port 29081 [quick] height=4032 peers=2 p2p=aligned aligned=True failed=
2026-09-07 02:29:09 OK port 29082 [quick] height=4032 peers=2 p2p=aligned aligned=True failed=
2026-09-07 02:29:09 OK mesh aligned 29080:h4032/p2 29081:h4032/p2 29082:h4032/p2
2026-09-07 02:34:18 OK port 29080 [quick] height=4043 peers=2 p2p=aligned aligned=True failed=
2026-09-07 02:34:18 OK port 29081 [quick] height=4043 peers=2 p2p=aligned aligned=True failed=
2026-09-07 02:34:18 OK port 29082 [quick] height=4043 peers=2 p2p=aligned aligned=True failed=
2026-09-07 02:34:18 OK mesh aligned 29080:h4043/p2 29081:h4043/p2 29082:h4043/p2
2026-09-07 02:39:25 OK port 29080 [quick] height=4055 peers=2 p2p=aligned aligned=True failed=
2026-09-07 02:39:25 OK port 29081 [quick] height=4055 peers=2 p2p=aligned aligned=True failed=
2026-09-07 02:39:25 OK port 29082 [quick] height=4055 peers=2 p2p=aligned aligned=True failed=
2026-09-07 02:39:25 OK mesh aligned 29080:h4055/p2 29081:h4055/p2 29082:h4055/p2
2026-09-07 02:44:31 OK port 29080 [quick] height=4067 peers=2 p2p=aligned aligned=True failed=
2026-09-07 02:44:31 OK port 29081 [quick] height=4067 peers=2 p2p=aligned aligned=True failed=
2026-09-07 02:44:31 OK port 29082 [quick] height=4067 peers=2 p2p=aligned aligned=True failed=
2026-09-07 02:44:31 OK mesh aligned 29080:h4067/p2 29081:h4067/p2 29082:h4067/p2
2026-09-07 02:49:34 OK port 29080 [quick] height=4079 peers=2 p2p=inconsistent aligned=True failed=
2026-09-07 02:49:34 OK port 29081 [quick] height=4079 peers=1 p2p=single_peer_dev aligned=True failed=
2026-09-07 02:49:34 OK port 29082 [quick] height=4079 peers=1 p2p=single_peer_dev aligned=True failed=
2026-09-07 02:49:34 OK mesh aligned 29080:h4079/p2 29081:h4079/p1 29082:h4079/p1
2026-09-07 02:54:48 OK port 29080 [full] height=4094 peers=2 p2p=inconsistent aligned=True failed=peer_probe_ok
2026-09-07 02:54:48 OK port 29081 [full] height=4094 peers=2 p2p=inconsistent aligned=True failed=peer_probe_ok,p2p_state_consistent
2026-09-07 02:54:48 OK port 29082 [full] height=4094 peers=2 p2p=inconsistent aligned=True failed=
2026-09-07 02:54:48 OK mesh aligned 29080:h4094/p2 29081:h4094/p2 29082:h4094/p2
2026-09-07 02:59:53 OK port 29080 [quick] height=4106 peers=2 p2p=inconsistent aligned=True failed=
2026-09-07 02:59:53 OK port 29081 [quick] height=4105 peers=2 p2p=inconsistent aligned=True failed=
2026-09-07 02:59:53 OK port 29082 [quick] height=4105 peers=2 p2p=inconsistent aligned=True failed=
2026-09-07 02:59:53 OK mesh aligned 29080:h4106/p2 29081:h4105/p2 29082:h4105/p2 transient_delta=1
2026-09-07 03:05:02 OK port 29080 [quick] height=4117 peers=2 p2p=aligned aligned=True failed=
2026-09-07 03:05:02 OK port 29081 [quick] height=4117 peers=2 p2p=aligned aligned=True failed=
2026-09-07 03:05:02 OK port 29082 [quick] height=4117 peers=2 p2p=aligned aligned=True failed=
2026-09-07 03:05:02 OK mesh aligned 29080:h4117/p2 29081:h4117/p2 29082:h4117/p2
2026-09-07 03:10:09 OK port 29080 [quick] height=4130 peers=2 p2p=inconsistent aligned=True failed=
2026-09-07 03:10:09 OK port 29081 [quick] height=4129 peers=2 p2p=inconsistent aligned=True failed=
2026-09-07 03:10:09 OK port 29082 [quick] height=4129 peers=2 p2p=inconsistent aligned=True failed=
2026-09-07 03:10:09 OK mesh aligned 29080:h4130/p2 29081:h4129/p2 29082:h4129/p2 transient_delta=1
2026-09-07 03:15:20 OK port 29080 [quick] height=4142 peers=2 p2p=inconsistent aligned=True failed=
2026-09-07 03:15:20 OK port 29081 [quick] height=4141 peers=2 p2p=aligned aligned=True failed=
2026-09-07 03:15:20 OK port 29082 [quick] height=4141 peers=2 p2p=aligned aligned=True failed=
2026-09-07 03:15:20 OK mesh aligned 29080:h4142/p2 29081:h4141/p2 29082:h4141/p2 transient_delta=1
2026-09-07 03:20:24 OK port 29080 [quick] height=4153 peers=2 p2p=aligned aligned=True failed=
2026-09-07 03:20:24 OK port 29081 [quick] height=4153 peers=2 p2p=aligned aligned=True failed=
2026-09-07 03:20:24 OK port 29082 [quick] height=4153 peers=2 p2p=aligned aligned=True failed=
2026-09-07 03:20:24 OK mesh aligned 29080:h4153/p2 29081:h4153/p2 29082:h4153/p2
2026-09-07 03:25:34 OK port 29080 [full] height=4165 peers=2 p2p=inconsistent aligned=True failed=peer_probe_ok
2026-09-07 03:25:34 OK port 29081 [full] height=4164 peers=2 p2p=inconsistent aligned=True failed=peer_probe_ok
2026-09-07 03:25:34 OK port 29082 [full] height=4164 peers=2 p2p=inconsistent aligned=True failed=peer_probe_ok
2026-09-07 03:25:34 OK mesh aligned 29080:h4165/p2 29081:h4164/p2 29082:h4164/p2 transient_delta=1
2026-09-07 03:30:38 OK port 29080 [quick] height=4176 peers=2 p2p=inconsistent aligned=True failed=peer_probe_ok,p2p_state_consistent
2026-09-07 03:30:38 OK port 29081 [quick] height=4176 peers=2 p2p=aligned aligned=True failed=
2026-09-07 03:30:38 OK port 29082 [quick] height=4176 peers=2 p2p=aligned aligned=True failed=
2026-09-07 03:30:38 OK mesh aligned 29080:h4176/p2 29081:h4176/p2 29082:h4176/p2
2026-09-07 03:35:42 OK port 29080 [quick] height=4188 peers=2 p2p=inconsistent aligned=True failed=
2026-09-07 03:35:42 OK port 29081 [quick] height=4188 peers=1 p2p=single_peer_dev aligned=True failed=peer_probe_ok,p2p_state_consistent
2026-09-07 03:35:42 OK port 29082 [quick] height=4188 peers=1 p2p=single_peer_dev aligned=True failed=peer_probe_ok,p2p_state_consistent
2026-09-07 03:35:42 OK mesh aligned 29080:h4188/p2 29081:h4188/p1 29082:h4188/p1
2026-09-07 03:40:45 OK port 29080 [quick] height=4200 peers=2 p2p=aligned aligned=True failed=
2026-09-07 03:40:45 OK port 29081 [quick] height=4200 peers=2 p2p=aligned aligned=True failed=
2026-09-07 03:40:45 OK port 29082 [quick] height=4200 peers=2 p2p=aligned aligned=True failed=
2026-09-07 03:40:45 OK mesh aligned 29080:h4200/p2 29081:h4200/p2 29082:h4200/p2
2026-09-07 03:45:52 OK port 29080 [quick] height=4213 peers=2 p2p=inconsistent aligned=True failed=peer_probe_ok,p2p_state_consistent
2026-09-07 03:45:52 OK port 29081 [quick] height=4212 peers=2 p2p=inconsistent aligned=True failed=
2026-09-07 03:45:52 OK port 29082 [quick] height=4212 peers=2 p2p=inconsistent aligned=True failed=
2026-09-07 03:45:52 OK mesh aligned 29080:h4213/p2 29081:h4212/p2 29082:h4212/p2 transient_delta=1
2026-09-07 03:50:55 OK port 29080 [quick] height=4224 peers=2 p2p=aligned aligned=True failed=
2026-09-07 03:50:55 OK port 29081 [quick] height=4224 peers=2 p2p=aligned aligned=True failed=
2026-09-07 03:50:55 OK port 29082 [quick] height=4224 peers=2 p2p=aligned aligned=True failed=
2026-09-07 03:50:56 OK mesh aligned 29080:h4224/p2 29081:h4224/p2 29082:h4224/p2
2026-09-07 03:56:10 OK port 29080 [full] height=4237 peers=2 p2p=inconsistent aligned=True failed=peer_probe_ok,p2p_state_consistent
2026-09-07 03:56:10 OK port 29081 [full] height=4237 peers=1 p2p=single_peer_dev aligned=True failed=peer_probe_ok,p2p_state_consistent
2026-09-07 03:56:10 OK port 29082 [full] height=4237 peers=1 p2p=single_peer_dev aligned=True failed=peer_probe_ok,p2p_state_consistent
2026-09-07 03:56:10 OK mesh aligned 29080:h4237/p2 29081:h4237/p1 29082:h4237/p1
2026-09-07 04:01:14 OK port 29080 [quick] height=4250 peers=2 p2p=inconsistent aligned=True failed=
2026-09-07 04:01:14 OK port 29081 [quick] height=4249 peers=2 p2p=inconsistent aligned=True failed=
2026-09-07 04:01:14 OK port 29082 [quick] height=4249 peers=2 p2p=inconsistent aligned=True failed=
2026-09-07 04:01:14 OK mesh aligned 29080:h4250/p2 29081:h4249/p2 29082:h4249/p2 transient_delta=1
2026-09-07 04:06:18 OK port 29080 [quick] height=4261 peers=2 p2p=inconsistent aligned=True failed=peer_probe_ok,p2p_state_consistent
2026-09-07 04:06:18 OK port 29081 [quick] height=4261 peers=2 p2p=aligned aligned=True failed=
2026-09-07 04:06:18 OK port 29082 [quick] height=4261 peers=2 p2p=aligned aligned=True failed=
2026-09-07 04:06:18 OK mesh aligned 29080:h4261/p2 29081:h4261/p2 29082:h4261/p2
2026-09-07 04:11:23 OK port 29080 [quick] height=4273 peers=2 p2p=inconsistent aligned=True failed=
2026-09-07 04:11:23 OK port 29081 [quick] height=4272 peers=2 p2p=inconsistent aligned=True failed=
2026-09-07 04:11:23 OK port 29082 [quick] height=4272 peers=2 p2p=inconsistent aligned=True failed=
2026-09-07 04:11:23 OK mesh aligned 29080:h4273/p2 29081:h4272/p2 29082:h4272/p2 transient_delta=1
2026-09-07 04:16:28 OK port 29080 [quick] height=4285 peers=2 p2p=inconsistent aligned=True failed=
2026-09-07 04:16:28 OK port 29081 [quick] height=4284 peers=2 p2p=inconsistent aligned=True failed=
2026-09-07 04:16:28 OK port 29082 [quick] height=4284 peers=2 p2p=inconsistent aligned=True failed=
2026-09-07 04:16:28 OK mesh aligned 29080:h4285/p2 29081:h4284/p2 29082:h4284/p2 transient_delta=1
2026-09-07 04:21:38 OK port 29080 [quick] height=4295 peers=2 p2p=aligned aligned=True failed=
2026-09-07 04:21:38 OK port 29081 [quick] height=4295 peers=2 p2p=aligned aligned=True failed=
2026-09-07 04:21:38 OK port 29082 [quick] height=4295 peers=2 p2p=aligned aligned=True failed=
2026-09-07 04:21:38 OK mesh aligned 29080:h4295/p2 29081:h4295/p2 29082:h4295/p2
2026-09-07 04:26:46 OK port 29080 [full] height=4308 peers=2 p2p=aligned aligned=True failed=
2026-09-07 04:26:46 OK port 29081 [full] height=4308 peers=1 p2p=single_peer_dev aligned=True failed=
2026-09-07 04:26:46 OK port 29082 [full] height=4308 peers=1 p2p=single_peer_dev aligned=True failed=
2026-09-07 04:26:46 OK mesh aligned 29080:h4308/p2 29081:h4308/p1 29082:h4308/p1
2026-09-07 04:31:51 OK port 29080 [quick] height=4322 peers=2 p2p=inconsistent aligned=True failed=
2026-09-07 04:31:51 OK port 29081 [quick] height=4321 peers=1 p2p=single_peer_dev aligned=True failed=peer_probe_ok,p2p_state_consistent
2026-09-07 04:31:51 OK port 29082 [quick] height=4321 peers=1 p2p=single_peer_dev aligned=True failed=peer_probe_ok,p2p_state_consistent
2026-09-07 04:31:51 OK mesh aligned 29080:h4322/p2 29081:h4321/p1 29082:h4321/p1 transient_delta=1
2026-09-07 04:36:56 OK port 29080 [quick] height=4335 peers=2 p2p=inconsistent aligned=True failed=peer_probe_ok,p2p_state_consistent
2026-09-07 04:36:56 OK port 29081 [quick] height=4334 peers=1 p2p=single_peer_dev aligned=True failed=peer_probe_ok,p2p_state_consistent
2026-09-07 04:36:56 OK port 29082 [quick] height=4335 peers=1 p2p=single_peer_dev aligned=True failed=peer_probe_ok,p2p_state_consistent
2026-09-07 04:36:56 OK mesh aligned 29080:h4335/p2 29081:h4334/p1 29082:h4335/p1 transient_delta=1
2026-09-07 04:41:59 OK port 29080 [quick] height=4347 peers=2 p2p=inconsistent aligned=True failed=
2026-09-07 04:41:59 OK port 29081 [quick] height=4347 peers=1 p2p=single_peer_dev aligned=True failed=
2026-09-07 04:41:59 OK port 29082 [quick] height=4347 peers=1 p2p=single_peer_dev aligned=True failed=
2026-09-07 04:41:59 OK mesh aligned 29080:h4347/p2 29081:h4347/p1 29082:h4347/p1
2026-09-07 04:47:03 OK port 29080 [quick] height=4360 peers=2 p2p=inconsistent aligned=True failed=
2026-09-07 04:47:03 OK port 29081 [quick] height=4360 peers=1 p2p=single_peer_dev aligned=True failed=peer_probe_ok,p2p_state_consistent
2026-09-07 04:47:03 OK port 29082 [quick] height=4360 peers=1 p2p=single_peer_dev aligned=True failed=peer_probe_ok,p2p_state_consistent
2026-09-07 04:47:03 OK mesh aligned 29080:h4360/p2 29081:h4360/p1 29082:h4360/p1
2026-09-07 04:52:07 OK port 29080 [quick] height=4372 peers=2 p2p=inconsistent aligned=True failed=
2026-09-07 04:52:07 OK port 29081 [quick] height=4371 peers=1 p2p=single_peer_dev aligned=True failed=peer_probe_ok,p2p_state_consistent
2026-09-07 04:52:07 OK port 29082 [quick] height=4372 peers=1 p2p=single_peer_dev aligned=True failed=peer_probe_ok,p2p_state_consistent
2026-09-07 04:52:07 OK mesh aligned 29080:h4372/p2 29081:h4371/p1 29082:h4372/p1 transient_delta=1
2026-09-07 04:57:22 OK port 29080 [full] height=4385 peers=2 p2p=inconsistent aligned=True failed=peer_probe_ok
2026-09-07 04:57:22 OK port 29081 [full] height=4384 peers=1 p2p=single_peer_dev aligned=True failed=peer_probe_ok,p2p_state_consistent
2026-09-07 04:57:22 OK port 29082 [full] height=4384 peers=1 p2p=single_peer_dev aligned=True failed=peer_probe_ok,p2p_state_consistent
2026-09-07 04:57:22 OK mesh aligned 29080:h4385/p2 29081:h4384/p1 29082:h4384/p1 transient_delta=1
2026-09-07 05:02:28 OK port 29080 [quick] height=4397 peers=2 p2p=aligned aligned=True failed=
2026-09-07 05:02:28 OK port 29081 [quick] height=4397 peers=1 p2p=single_peer_dev aligned=True failed=peer_probe_ok,p2p_state_consistent
2026-09-07 05:02:28 OK port 29082 [quick] height=4397 peers=1 p2p=single_peer_dev aligned=True failed=peer_probe_ok,p2p_state_consistent
2026-09-07 05:02:28 OK mesh aligned 29080:h4397/p2 29081:h4397/p1 29082:h4397/p1
2026-09-07 05:07:35 OK port 29080 [quick] height=4409 peers=2 p2p=inconsistent aligned=True failed=
2026-09-07 05:07:35 OK port 29081 [quick] height=4408 peers=2 p2p=inconsistent aligned=True failed=
2026-09-07 05:07:35 OK port 29082 [quick] height=4409 peers=2 p2p=inconsistent aligned=True failed=
2026-09-07 05:07:35 OK mesh aligned 29080:h4409/p2 29081:h4408/p2 29082:h4409/p2 transient_delta=1
2026-09-07 05:12:49 OK port 29080 [quick] height=4420 peers=2 p2p=aligned aligned=True failed=peer_probe_ok,p2p_state_consistent
2026-09-07 05:12:49 OK port 29081 [quick] height=4419 peers=2 p2p=inconsistent aligned=True failed=
2026-09-07 05:12:49 OK port 29082 [quick] height=4420 peers=2 p2p=inconsistent aligned=True failed=
2026-09-07 05:12:49 OK mesh aligned 29080:h4420/p2 29081:h4419/p2 29082:h4420/p2 transient_delta=1
2026-09-07 05:17:55 OK port 29080 [quick] height=4431 peers=2 p2p=inconsistent aligned=True failed=peer_probe_ok,p2p_state_consistent
2026-09-07 05:17:55 OK port 29081 [quick] height=4431 peers=2 p2p=aligned aligned=True failed=
2026-09-07 05:17:55 OK port 29082 [quick] height=4431 peers=2 p2p=aligned aligned=True failed=
2026-09-07 05:17:55 OK mesh aligned 29080:h4431/p2 29081:h4431/p2 29082:h4431/p2
2026-09-07 05:23:05 OK port 29080 [quick] height=4440 peers=2 p2p=aligned aligned=True failed=
2026-09-07 05:23:05 OK port 29081 [quick] height=4440 peers=2 p2p=aligned aligned=True failed=
2026-09-07 05:23:05 OK port 29082 [quick] height=4440 peers=2 p2p=aligned aligned=True failed=
2026-09-07 05:23:05 OK mesh aligned 29080:h4440/p2 29081:h4440/p2 29082:h4440/p2
2026-09-07 05:28:15 OK port 29080 [full] height=4451 peers=2 p2p=inconsistent aligned=True failed=peer_probe_ok
2026-09-07 05:28:15 OK port 29081 [full] height=4451 peers=2 p2p=inconsistent aligned=True failed=peer_probe_ok
2026-09-07 05:28:15 OK port 29082 [full] height=4451 peers=2 p2p=aligned aligned=True failed=peer_probe_ok
2026-09-07 05:28:15 OK mesh aligned 29080:h4451/p2 29081:h4451/p2 29082:h4451/p2
2026-09-07 05:33:19 OK port 29080 [quick] height=4463 peers=2 p2p=aligned aligned=True failed=
2026-09-07 05:33:19 OK port 29081 [quick] height=4463 peers=1 p2p=single_peer_dev aligned=True failed=peer_probe_ok,p2p_state_consistent
2026-09-07 05:33:19 OK port 29082 [quick] height=4463 peers=1 p2p=single_peer_dev aligned=True failed=peer_probe_ok,p2p_state_consistent
2026-09-07 05:33:19 OK mesh aligned 29080:h4463/p2 29081:h4463/p1 29082:h4463/p1
2026-09-07 05:38:31 OK port 29080 [quick] height=4477 peers=2 p2p=aligned aligned=True failed=
2026-09-07 05:38:31 OK port 29081 [quick] height=4476 peers=2 p2p=inconsistent aligned=True failed=peer_probe_ok,p2p_state_consistent
2026-09-07 05:38:31 OK port 29082 [quick] height=4476 peers=2 p2p=inconsistent aligned=True failed=peer_probe_ok,p2p_state_consistent
2026-09-07 05:38:31 OK mesh aligned 29080:h4477/p2 29081:h4476/p2 29082:h4476/p2 transient_delta=1
2026-09-07 05:43:36 OK port 29080 [quick] height=4487 peers=2 p2p=inconsistent aligned=True failed=
2026-09-07 05:43:36 OK port 29081 [quick] height=4486 peers=2 p2p=inconsistent aligned=True failed=
2026-09-07 05:43:36 OK port 29082 [quick] height=4486 peers=2 p2p=inconsistent aligned=True failed=
2026-09-07 05:43:36 OK mesh aligned 29080:h4487/p2 29081:h4486/p2 29082:h4486/p2 transient_delta=1
2026-09-07 05:48:48 OK port 29080 [quick] height=4497 peers=2 p2p=aligned aligned=True failed=
2026-09-07 05:48:48 OK port 29081 [quick] height=4497 peers=2 p2p=aligned aligned=True failed=
2026-09-07 05:48:48 OK port 29082 [quick] height=4497 peers=2 p2p=aligned aligned=True failed=
2026-09-07 05:48:48 OK mesh aligned 29080:h4497/p2 29081:h4497/p2 29082:h4497/p2
2026-09-07 05:53:53 OK port 29080 [quick] height=4508 peers=2 p2p=inconsistent aligned=True failed=peer_probe_ok,p2p_state_consistent
2026-09-07 05:53:53 OK port 29081 [quick] height=4508 peers=2 p2p=aligned aligned=True failed=
2026-09-07 05:53:53 OK port 29082 [quick] height=4508 peers=2 p2p=aligned aligned=True failed=
2026-09-07 05:53:53 OK mesh aligned 29080:h4508/p2 29081:h4508/p2 29082:h4508/p2
2026-09-07 05:59:03 OK port 29080 [full] height=4518 peers=2 p2p=aligned aligned=True failed=peer_probe_ok
2026-09-07 05:59:03 OK port 29081 [full] height=4518 peers=2 p2p=aligned aligned=True failed=
2026-09-07 05:59:03 OK port 29082 [full] height=4518 peers=2 p2p=aligned aligned=True failed=
2026-09-07 05:59:03 OK mesh aligned 29080:h4518/p2 29081:h4518/p2 29082:h4518/p2
2026-09-07 06:04:08 OK port 29080 [quick] height=4528 peers=2 p2p=aligned aligned=True failed=
2026-09-07 06:04:08 OK port 29081 [quick] height=4528 peers=2 p2p=aligned aligned=True failed=
2026-09-07 06:04:08 OK port 29082 [quick] height=4528 peers=2 p2p=aligned aligned=True failed=
2026-09-07 06:04:08 OK mesh aligned 29080:h4528/p2 29081:h4528/p2 29082:h4528/p2
2026-09-07 06:09:19 OK port 29080 [quick] height=4540 peers=2 p2p=aligned aligned=True failed=
2026-09-07 06:09:19 OK port 29081 [quick] height=4540 peers=1 p2p=single_peer_dev aligned=True failed=
2026-09-07 06:09:19 OK port 29082 [quick] height=4540 peers=1 p2p=single_peer_dev aligned=True failed=peer_probe_ok,p2p_state_consistent
2026-09-07 06:09:19 OK mesh aligned 29080:h4540/p2 29081:h4540/p1 29082:h4540/p1
2026-09-07 06:14:28 OK port 29080 [quick] height=4551 peers=2 p2p=inconsistent aligned=True failed=peer_probe_ok,p2p_state_consistent
2026-09-07 06:14:28 OK port 29081 [quick] height=4551 peers=2 p2p=aligned aligned=True failed=
2026-09-07 06:14:28 OK port 29082 [quick] height=4551 peers=2 p2p=aligned aligned=True failed=
2026-09-07 06:14:28 OK mesh aligned 29080:h4551/p2 29081:h4551/p2 29082:h4551/p2
2026-09-07 06:19:32 OK port 29080 [quick] height=4561 peers=2 p2p=inconsistent aligned=True failed=
2026-09-07 06:19:32 OK port 29081 [quick] height=4561 peers=2 p2p=aligned aligned=True failed=
2026-09-07 06:19:32 OK port 29082 [quick] height=4561 peers=2 p2p=aligned aligned=True failed=
2026-09-07 06:19:32 OK mesh aligned 29080:h4561/p2 29081:h4561/p2 29082:h4561/p2
2026-09-07 06:24:36 OK port 29080 [quick] height=4572 peers=2 p2p=inconsistent aligned=True failed=
2026-09-07 06:24:36 OK port 29081 [quick] height=4571 peers=2 p2p=inconsistent aligned=True failed=
2026-09-07 06:24:36 OK port 29082 [quick] height=4571 peers=2 p2p=inconsistent aligned=True failed=
2026-09-07 06:24:36 OK mesh aligned 29080:h4572/p2 29081:h4571/p2 29082:h4571/p2 transient_delta=1
2026-09-07 06:29:47 OK port 29080 [full] height=4582 peers=2 p2p=inconsistent aligned=True failed=peer_probe_ok,p2p_state_consistent
2026-09-07 06:29:47 OK port 29081 [full] height=4582 peers=2 p2p=aligned aligned=True failed=peer_probe_ok
2026-09-07 06:29:47 OK port 29082 [full] height=4582 peers=2 p2p=aligned aligned=True failed=
2026-09-07 06:29:47 OK mesh aligned 29080:h4582/p2 29081:h4582/p2 29082:h4582/p2
2026-09-07 06:34:53 OK port 29080 [quick] height=4592 peers=2 p2p=inconsistent aligned=True failed=
2026-09-07 06:34:53 OK port 29081 [quick] height=4592 peers=2 p2p=inconsistent aligned=True failed=
2026-09-07 06:34:53 OK port 29082 [quick] height=4592 peers=2 p2p=aligned aligned=True failed=
2026-09-07 06:34:53 OK mesh aligned 29080:h4592/p2 29081:h4592/p2 29082:h4592/p2
2026-09-07 06:40:00 OK port 29080 [quick] height=4604 peers=2 p2p=inconsistent aligned=True failed=peer_probe_ok,p2p_state_consistent
2026-09-07 06:40:00 OK port 29081 [quick] height=4604 peers=1 p2p=single_peer_dev aligned=True failed=peer_probe_ok,p2p_state_consistent
2026-09-07 06:40:00 OK port 29082 [quick] height=4603 peers=1 p2p=single_peer_dev aligned=True failed=peer_probe_ok,p2p_state_consistent
2026-09-07 06:40:00 OK mesh aligned 29080:h4604/p2 29081:h4604/p1 29082:h4603/p1 transient_delta=1
2026-09-07 06:45:04 OK port 29080 [quick] height=4614 peers=2 p2p=inconsistent aligned=True failed=
2026-09-07 06:45:04 OK port 29081 [quick] height=4613 peers=2 p2p=inconsistent aligned=True failed=
2026-09-07 06:45:04 OK port 29082 [quick] height=4613 peers=2 p2p=inconsistent aligned=True failed=
2026-09-07 06:45:04 OK mesh aligned 29080:h4614/p2 29081:h4613/p2 29082:h4613/p2 transient_delta=1
2026-09-07 06:50:11 OK port 29080 [quick] height=4623 peers=2 p2p=inconsistent aligned=True failed=
2026-09-07 06:50:11 OK port 29081 [quick] height=4623 peers=2 p2p=aligned aligned=True failed=
2026-09-07 06:50:11 OK port 29082 [quick] height=4623 peers=2 p2p=aligned aligned=True failed=
2026-09-07 06:50:11 OK mesh aligned 29080:h4623/p2 29081:h4623/p2 29082:h4623/p2
2026-09-07 06:55:14 OK port 29080 [quick] height=4634 peers=1 p2p=single_peer_dev aligned=True failed=
2026-09-07 06:55:14 OK port 29081 [quick] height=4633 peers=2 p2p=inconsistent aligned=True failed=peer_probe_ok,p2p_state_consistent
2026-09-07 06:55:14 OK port 29082 [quick] height=4633 peers=1 p2p=single_peer_dev aligned=True failed=peer_probe_ok,p2p_state_consistent
2026-09-07 06:55:14 OK mesh aligned 29080:h4634/p1 29081:h4633/p2 29082:h4633/p1 transient_delta=1
2026-09-07 07:00:30 OK port 29080 [full] height=4646 peers=1 p2p=single_peer_dev aligned=True failed=
2026-09-07 07:00:30 OK port 29081 [full] height=4646 peers=2 p2p=inconsistent aligned=True failed=peer_probe_ok,p2p_state_consistent
2026-09-07 07:00:30 OK port 29082 [full] height=4646 peers=1 p2p=single_peer_dev aligned=True failed=peer_probe_ok,p2p_state_consistent
2026-09-07 07:00:30 OK mesh aligned 29080:h4646/p1 29081:h4646/p2 29082:h4646/p1
2026-09-07 07:05:59 OK port 29080 [quick] height=4658 peers=1 p2p=single_peer_dev aligned=True failed=
2026-09-07 07:05:59 OK port 29081 [quick] height=4658 peers=1 p2p=single_peer_dev aligned=True failed=
2026-09-07 07:05:59 WARN OK port 29082 [quick] height=4659 peers=0 p2p=solo aligned=True failed=ready_flap
2026-09-07 07:05:59 OK mesh aligned 29080:h4658/p1 29081:h4658/p1 29082:h4659/p0 transient_delta=1
2026-09-07 07:11:26 OK port 29080 [quick] height=4674 peers=2 p2p=inconsistent aligned=True failed=
2026-09-07 07:11:26 OK port 29081 [quick] height=4673 peers=1 p2p=single_peer_dev aligned=True failed=peer_probe_ok,p2p_state_consistent
2026-09-07 07:11:26 OK port 29082 [quick] height=4670 peers=1 p2p=single_peer_dev aligned=True failed=ready_flap
2026-09-07 07:11:29 WARN mesh misaligned h29080=4674 h29081=4673 h29082=4670 delta=5
2026-09-07 07:16:58 OK port 29080 [quick] height=4688 peers=1 p2p=single_peer_dev aligned=True failed=
2026-09-07 07:16:58 OK port 29081 [quick] height=4687 peers=1 p2p=single_peer_dev aligned=True failed=peer_probe_ok,p2p_state_consistent
2026-09-07 07:16:58 WARN OK port 29082 [quick] height=4685 peers=0 p2p=solo aligned=True failed=ready_flap
2026-09-07 07:16:59 WARN mesh misaligned h29080=4688 h29081=4687 h29082=4685 delta=4
2026-09-07 07:22:04 OK port 29080 [quick] height=4700 peers=2 p2p=inconsistent aligned=True failed=
2026-09-07 07:22:04 OK port 29081 [quick] height=4700 peers=2 p2p=aligned aligned=True failed=
2026-09-07 07:22:04 OK port 29082 [quick] height=4700 peers=2 p2p=aligned aligned=True failed=
2026-09-07 07:22:04 OK mesh aligned 29080:h4700/p2 29081:h4700/p2 29082:h4700/p2
2026-09-07 07:27:10 OK port 29080 [quick] height=4709 peers=2 p2p=aligned aligned=True failed=
2026-09-07 07:27:10 OK port 29081 [quick] height=4709 peers=2 p2p=aligned aligned=True failed=
2026-09-07 07:27:10 OK port 29082 [quick] height=4709 peers=2 p2p=aligned aligned=True failed=
2026-09-07 07:27:10 OK mesh aligned 29080:h4709/p2 29081:h4709/p2 29082:h4709/p2
2026-09-07 07:32:26 OK port 29080 [full] height=4718 peers=2 p2p=inconsistent aligned=True failed=peer_probe_ok
2026-09-07 07:32:26 OK port 29081 [full] height=4717 peers=2 p2p=inconsistent aligned=True failed=peer_probe_ok
2026-09-07 07:32:26 OK port 29082 [full] height=4717 peers=2 p2p=inconsistent aligned=True failed=peer_probe_ok
2026-09-07 07:32:26 OK mesh aligned 29080:h4718/p2 29081:h4717/p2 29082:h4717/p2 transient_delta=1
2026-09-07 07:37:32 OK port 29080 [quick] height=4728 peers=2 p2p=inconsistent aligned=True failed=
2026-09-07 07:37:32 OK port 29081 [quick] height=4727 peers=1 p2p=single_peer_dev aligned=True failed=peer_probe_ok,p2p_state_consistent
2026-09-07 07:37:32 OK port 29082 [quick] height=4727 peers=1 p2p=single_peer_dev aligned=True failed=peer_probe_ok,p2p_state_consistent
2026-09-07 07:37:32 OK mesh aligned 29080:h4728/p2 29081:h4727/p1 29082:h4727/p1 transient_delta=1
2026-09-07 07:42:45 OK port 29080 [quick] height=4739 peers=2 p2p=inconsistent aligned=True failed=
2026-09-07 07:42:45 OK port 29081 [quick] height=4738 peers=2 p2p=inconsistent aligned=True failed=
2026-09-07 07:42:45 OK port 29082 [quick] height=4738 peers=2 p2p=aligned aligned=True failed=
2026-09-07 07:42:45 OK mesh aligned 29080:h4739/p2 29081:h4738/p2 29082:h4738/p2 transient_delta=1
2026-09-07 07:47:54 OK port 29080 [quick] height=4747 peers=2 p2p=inconsistent aligned=True failed=
2026-09-07 07:47:54 OK port 29081 [quick] height=4746 peers=2 p2p=inconsistent aligned=True failed=
2026-09-07 07:47:54 OK port 29082 [quick] height=4747 peers=2 p2p=inconsistent aligned=True failed=
2026-09-07 07:47:54 OK mesh aligned 29080:h4747/p2 29081:h4746/p2 29082:h4747/p2 transient_delta=1
2026-09-07 07:53:01 OK port 29080 [quick] height=4755 peers=2 p2p=inconsistent aligned=True failed=
2026-09-07 07:53:01 OK port 29081 [quick] height=4754 peers=1 p2p=single_peer_dev aligned=True failed=
2026-09-07 07:53:01 OK port 29082 [quick] height=4755 peers=1 p2p=single_peer_dev aligned=True failed=
2026-09-07 07:53:01 OK mesh aligned 29080:h4755/p2 29081:h4754/p1 29082:h4755/p1 transient_delta=1
2026-09-07 07:58:06 OK port 29080 [quick] height=4766 peers=2 p2p=inconsistent aligned=True failed=peer_probe_ok,p2p_state_consistent
2026-09-07 07:58:06 OK port 29081 [quick] height=4766 peers=1 p2p=single_peer_dev aligned=True failed=peer_probe_ok,p2p_state_consistent
2026-09-07 07:58:06 OK port 29082 [quick] height=4766 peers=1 p2p=single_peer_dev aligned=True failed=peer_probe_ok,p2p_state_consistent
2026-09-07 07:58:06 OK mesh aligned 29080:h4766/p2 29081:h4766/p1 29082:h4766/p1
2026-09-07 08:03:24 OK port 29080 [full] height=4777 peers=1 p2p=single_peer_dev aligned=True failed=peer_probe_ok
2026-09-07 08:03:24 OK port 29081 [full] height=4776 peers=1 p2p=single_peer_dev aligned=True failed=peer_probe_ok,p2p_state_consistent
2026-09-07 08:03:24 OK port 29082 [full] height=4776 peers=2 p2p=inconsistent aligned=True failed=peer_probe_ok,p2p_state_consistent
2026-09-07 08:03:24 OK mesh aligned 29080:h4777/p1 29081:h4776/p1 29082:h4776/p2 transient_delta=1
2026-09-07 08:08:34 OK port 29080 [quick] height=4787 peers=2 p2p=inconsistent aligned=True failed=
2026-09-07 08:08:34 OK port 29081 [quick] height=4787 peers=2 p2p=aligned aligned=True failed=
2026-09-07 08:08:34 OK port 29082 [quick] height=4787 peers=2 p2p=inconsistent aligned=True failed=peer_probe_ok,p2p_state_consistent
2026-09-07 08:08:34 OK mesh aligned 29080:h4787/p2 29081:h4787/p2 29082:h4787/p2
2026-09-07 08:13:41 OK port 29080 [quick] height=4796 peers=2 p2p=inconsistent aligned=True failed=
2026-09-07 08:13:41 OK port 29081 [quick] height=4795 peers=2 p2p=aligned aligned=True failed=
2026-09-07 08:13:41 OK port 29082 [quick] height=4795 peers=2 p2p=aligned aligned=True failed=
2026-09-07 08:13:41 OK mesh aligned 29080:h4796/p2 29081:h4795/p2 29082:h4795/p2 transient_delta=1
2026-09-07 08:18:46 OK port 29080 [quick] height=4805 peers=2 p2p=inconsistent aligned=True failed=
2026-09-07 08:18:46 OK port 29081 [quick] height=4805 peers=2 p2p=inconsistent aligned=True failed=
2026-09-07 08:18:46 OK port 29082 [quick] height=4805 peers=2 p2p=aligned aligned=True failed=
2026-09-07 08:18:46 OK mesh aligned 29080:h4805/p2 29081:h4805/p2 29082:h4805/p2
2026-09-07 08:23:58 OK port 29080 [quick] height=4814 peers=2 p2p=aligned aligned=True failed=
2026-09-07 08:23:58 OK port 29081 [quick] height=4813 peers=2 p2p=inconsistent aligned=True failed=
2026-09-07 08:23:58 OK port 29082 [quick] height=4813 peers=2 p2p=inconsistent aligned=True failed=
2026-09-07 08:23:58 OK mesh aligned 29080:h4814/p2 29081:h4813/p2 29082:h4813/p2 transient_delta=1
2026-09-07 08:29:10 OK port 29080 [quick] height=4824 peers=2 p2p=inconsistent aligned=True failed=
2026-09-07 08:29:10 OK port 29081 [quick] height=4823 peers=2 p2p=aligned aligned=True failed=
2026-09-07 08:29:10 OK port 29082 [quick] height=4823 peers=2 p2p=aligned aligned=True failed=
2026-09-07 08:29:10 OK mesh aligned 29080:h4824/p2 29081:h4823/p2 29082:h4823/p2 transient_delta=1
2026-09-07 08:34:26 OK port 29080 [full] height=4833 peers=2 p2p=inconsistent aligned=True failed=peer_probe_ok,p2p_state_consistent
2026-09-07 08:34:26 OK port 29081 [full] height=4833 peers=2 p2p=aligned aligned=True failed=
2026-09-07 08:34:26 OK port 29082 [full] height=4833 peers=2 p2p=aligned aligned=True failed=
2026-09-07 08:34:26 OK mesh aligned 29080:h4833/p2 29081:h4833/p2 29082:h4833/p2
2026-09-07 08:39:30 OK port 29080 [quick] height=4842 peers=2 p2p=inconsistent aligned=True failed=peer_probe_ok,p2p_state_consistent
2026-09-07 08:39:30 OK port 29081 [quick] height=4841 peers=2 p2p=inconsistent aligned=True failed=
2026-09-07 08:39:30 OK port 29082 [quick] height=4841 peers=2 p2p=inconsistent aligned=True failed=
2026-09-07 08:39:30 OK mesh aligned 29080:h4842/p2 29081:h4841/p2 29082:h4841/p2 transient_delta=1
2026-09-07 08:44:43 OK port 29080 [quick] height=4851 peers=2 p2p=inconsistent aligned=True failed=peer_probe_ok,p2p_state_consistent
2026-09-07 08:44:43 WARN OK port 29081 [quick] height=4851 peers=2 p2p=inconsistent aligned=False failed=harness_timeout
2026-09-07 08:44:43 OK port 29082 [quick] height=4851 peers=2 p2p=inconsistent aligned=True failed=
2026-09-07 08:44:43 OK mesh aligned 29080:h4851/p2 29081:h4851/p2 29082:h4851/p2
2026-09-07 08:49:54 OK port 29080 [quick] height=4859 peers=2 p2p=aligned aligned=True failed=
2026-09-07 08:49:54 OK port 29081 [quick] height=4859 peers=2 p2p=aligned aligned=True failed=
2026-09-07 08:49:54 OK port 29082 [quick] height=4859 peers=2 p2p=inconsistent aligned=True failed=
2026-09-07 08:49:54 OK mesh aligned 29080:h4859/p2 29081:h4859/p2 29082:h4859/p2
2026-09-07 08:55:05 OK port 29080 [quick] height=4868 peers=2 p2p=aligned aligned=True failed=
2026-09-07 08:55:05 OK port 29081 [quick] height=4868 peers=1 p2p=single_peer_dev aligned=True failed=
2026-09-07 08:55:05 OK port 29082 [quick] height=4868 peers=1 p2p=single_peer_dev aligned=True failed=peer_probe_ok,p2p_state_consistent
2026-09-07 08:55:05 OK mesh aligned 29080:h4868/p2 29081:h4868/p1 29082:h4868/p1
2026-09-07 09:00:13 OK port 29080 [quick] height=4880 peers=2 p2p=inconsistent aligned=True failed=peer_probe_ok,p2p_state_consistent
2026-09-07 09:00:13 OK port 29081 [quick] height=4879 peers=2 p2p=inconsistent aligned=True failed=
2026-09-07 09:00:13 OK port 29082 [quick] height=4880 peers=2 p2p=inconsistent aligned=True failed=
2026-09-07 09:00:13 OK mesh aligned 29080:h4880/p2 29081:h4879/p2 29082:h4880/p2 transient_delta=1
2026-09-07 09:05:28 OK port 29080 [full] height=4889 peers=2 p2p=inconsistent aligned=True failed=peer_probe_ok,p2p_state_consistent
2026-09-07 09:05:28 OK port 29081 [full] height=4888 peers=2 p2p=inconsistent aligned=True failed=peer_probe_ok
2026-09-07 09:05:28 OK port 29082 [full] height=4888 peers=2 p2p=inconsistent aligned=True failed=peer_probe_ok
2026-09-07 09:05:28 OK mesh aligned 29080:h4889/p2 29081:h4888/p2 29082:h4888/p2 transient_delta=1
2026-09-07 09:10:40 OK port 29080 [quick] height=4898 peers=2 p2p=inconsistent aligned=True failed=
2026-09-07 09:10:40 OK port 29081 [quick] height=4897 peers=2 p2p=aligned aligned=True failed=
2026-09-07 09:10:40 OK port 29082 [quick] height=4897 peers=2 p2p=aligned aligned=True failed=
2026-09-07 09:10:40 OK mesh aligned 29080:h4898/p2 29081:h4897/p2 29082:h4897/p2 transient_delta=1
2026-09-07 09:15:45 OK port 29080 [quick] height=4906 peers=2 p2p=inconsistent aligned=True failed=
2026-09-07 09:15:45 OK port 29081 [quick] height=4905 peers=2 p2p=inconsistent aligned=True failed=
2026-09-07 09:15:45 OK port 29082 [quick] height=4905 peers=2 p2p=inconsistent aligned=True failed=
2026-09-07 09:15:45 OK mesh aligned 29080:h4906/p2 29081:h4905/p2 29082:h4905/p2 transient_delta=1
2026-09-07 09:20:59 WARN OK port 29080 [quick] height=4916 peers=2 p2p=inconsistent aligned=False failed=harness_timeout
2026-09-07 09:20:59 OK port 29081 [quick] height=4915 peers=2 p2p=inconsistent aligned=True failed=
2026-09-07 09:20:59 OK port 29082 [quick] height=4915 peers=2 p2p=inconsistent aligned=True failed=
2026-09-07 09:20:59 OK mesh aligned 29080:h4916/p2 29081:h4915/p2 29082:h4915/p2 transient_delta=1
2026-09-07 09:26:02 OK port 29080 [quick] height=4925 peers=2 p2p=aligned aligned=True failed=
2026-09-07 09:26:02 OK port 29081 [quick] height=4925 peers=2 p2p=aligned aligned=True failed=
2026-09-07 09:26:02 OK port 29082 [quick] height=4925 peers=2 p2p=aligned aligned=True failed=
2026-09-07 09:26:02 OK mesh aligned 29080:h4925/p2 29081:h4925/p2 29082:h4925/p2
2026-09-07 09:31:06 OK port 29080 [quick] height=4934 peers=2 p2p=inconsistent aligned=True failed=peer_probe_ok,p2p_state_consistent
2026-09-07 09:31:06 OK port 29081 [quick] height=4934 peers=2 p2p=aligned aligned=True failed=
2026-09-07 09:31:06 OK port 29082 [quick] height=4934 peers=2 p2p=aligned aligned=True failed=
2026-09-07 09:31:06 OK mesh aligned 29080:h4934/p2 29081:h4934/p2 29082:h4934/p2
2026-09-07 09:36:24 OK port 29080 [full] height=4944 peers=2 p2p=inconsistent aligned=True failed=peer_probe_ok
2026-09-07 09:36:24 OK port 29081 [full] height=4943 peers=2 p2p=inconsistent aligned=True failed=peer_probe_ok
2026-09-07 09:36:24 OK port 29082 [full] height=4943 peers=2 p2p=aligned aligned=True failed=peer_probe_ok
2026-09-07 09:36:24 OK mesh aligned 29080:h4944/p2 29081:h4943/p2 29082:h4943/p2 transient_delta=1
2026-09-07 09:41:36 OK port 29080 [quick] height=4955 peers=2 p2p=aligned aligned=True failed=
2026-09-07 09:41:36 OK port 29081 [quick] height=4955 peers=1 p2p=single_peer_dev aligned=True failed=
2026-09-07 09:41:36 OK port 29082 [quick] height=4954 peers=1 p2p=single_peer_dev aligned=True failed=peer_probe_ok,p2p_state_consistent
2026-09-07 09:41:36 OK mesh aligned 29080:h4955/p2 29081:h4955/p1 29082:h4954/p1 transient_delta=1
2026-09-07 09:46:52 WARN OK port 29080 [quick] height=4964 peers=2 p2p=aligned aligned=False failed=harness_timeout
2026-09-07 09:46:52 OK port 29081 [quick] height=4964 peers=2 p2p=inconsistent aligned=True failed=
2026-09-07 09:46:52 OK port 29082 [quick] height=4964 peers=2 p2p=aligned aligned=True failed=
2026-09-07 09:46:52 OK mesh aligned 29080:h4964/p2 29081:h4964/p2 29082:h4964/p2
2026-09-07 09:52:06 WARN OK port 29080 [quick] height=4974 peers=2 p2p=inconsistent aligned=False failed=harness_timeout
2026-09-07 09:52:06 OK port 29081 [quick] height=4974 peers=2 p2p=inconsistent aligned=True failed=
2026-09-07 09:52:06 OK port 29082 [quick] height=4973 peers=2 p2p=inconsistent aligned=True failed=
2026-09-07 09:52:06 OK mesh aligned 29080:h4974/p2 29081:h4974/p2 29082:h4973/p2 transient_delta=1
2026-09-07 09:57:14 OK port 29080 [quick] height=4983 peers=2 p2p=inconsistent aligned=True failed=
2026-09-07 09:57:14 OK port 29081 [quick] height=4983 peers=2 p2p=aligned aligned=True failed=
2026-09-07 09:57:14 OK port 29082 [quick] height=4983 peers=2 p2p=aligned aligned=True failed=
2026-09-07 09:57:14 OK mesh aligned 29080:h4983/p2 29081:h4983/p2 29082:h4983/p2
2026-09-07 10:02:22 OK port 29080 [quick] height=4992 peers=2 p2p=inconsistent aligned=True failed=
2026-09-07 10:02:22 OK port 29081 [quick] height=4991 peers=2 p2p=aligned aligned=True failed=
2026-09-07 10:02:22 OK port 29082 [quick] height=4991 peers=2 p2p=inconsistent aligned=True failed=
2026-09-07 10:02:22 OK mesh aligned 29080:h4992/p2 29081:h4991/p2 29082:h4991/p2 transient_delta=1
2026-09-07 10:07:37 OK port 29080 [full] height=5000 peers=2 p2p=aligned aligned=True failed=peer_probe_ok
2026-09-07 10:07:37 OK port 29081 [full] height=5000 peers=2 p2p=aligned aligned=True failed=peer_probe_ok,p2p_state_consistent
2026-09-07 10:07:37 OK port 29082 [full] height=5000 peers=2 p2p=aligned aligned=True failed=
2026-09-07 10:07:37 OK mesh aligned 29080:h5000/p2 29081:h5000/p2 29082:h5000/p2
2026-09-07 10:12:47 WARN OK port 29080 [quick] height=5009 peers=2 p2p=inconsistent aligned=False failed=harness_timeout
2026-09-07 10:12:47 OK port 29081 [quick] height=5009 peers=2 p2p=inconsistent aligned=True failed=
2026-09-07 10:12:47 OK port 29082 [quick] height=5009 peers=2 p2p=aligned aligned=True failed=
2026-09-07 10:12:47 OK mesh aligned 29080:h5009/p2 29081:h5009/p2 29082:h5009/p2
2026-09-07 10:17:57 OK port 29080 [quick] height=5018 peers=2 p2p=aligned aligned=True failed=
2026-09-07 10:17:57 OK port 29081 [quick] height=5018 peers=1 p2p=single_peer_dev aligned=True failed=peer_probe_ok,p2p_state_consistent
2026-09-07 10:17:57 OK port 29082 [quick] height=5018 peers=1 p2p=single_peer_dev aligned=True failed=peer_probe_ok,p2p_state_consistent
2026-09-07 10:17:57 OK mesh aligned 29080:h5018/p2 29081:h5018/p1 29082:h5018/p1
2026-09-07 10:23:02 OK port 29080 [quick] height=5027 peers=2 p2p=inconsistent aligned=True failed=
2026-09-07 10:23:02 OK port 29081 [quick] height=5027 peers=2 p2p=aligned aligned=True failed=
2026-09-07 10:23:02 OK port 29082 [quick] height=5027 peers=2 p2p=aligned aligned=True failed=
2026-09-07 10:23:02 OK mesh aligned 29080:h5027/p2 29081:h5027/p2 29082:h5027/p2
2026-09-07 10:28:14 OK port 29080 [quick] height=5036 peers=2 p2p=aligned aligned=True failed=
2026-09-07 10:28:14 OK port 29081 [quick] height=5036 peers=2 p2p=aligned aligned=True failed=
2026-09-07 10:28:14 OK port 29082 [quick] height=5036 peers=2 p2p=aligned aligned=True failed=
2026-09-07 10:28:14 OK mesh aligned 29080:h5036/p2 29081:h5036/p2 29082:h5036/p2
2026-09-07 10:33:28 OK port 29080 [quick] height=5044 peers=2 p2p=aligned aligned=True failed=
2026-09-07 10:33:28 OK port 29081 [quick] height=5044 peers=2 p2p=aligned aligned=True failed=
2026-09-07 10:33:28 OK port 29082 [quick] height=5044 peers=2 p2p=aligned aligned=True failed=
2026-09-07 10:33:28 OK mesh aligned 29080:h5044/p2 29081:h5044/p2 29082:h5044/p2
2026-09-07 10:38:39 OK port 29080 [full] height=5053 peers=2 p2p=inconsistent aligned=True failed=peer_probe_ok
2026-09-07 10:38:39 OK port 29081 [full] height=5053 peers=2 p2p=inconsistent aligned=True failed=peer_probe_ok
2026-09-07 10:38:39 OK port 29082 [full] height=5053 peers=2 p2p=inconsistent aligned=True failed=peer_probe_ok
2026-09-07 10:38:39 OK mesh aligned 29080:h5053/p2 29081:h5053/p2 29082:h5053/p2
2026-09-07 10:43:50 OK port 29080 [quick] height=5061 peers=1 p2p=single_peer_dev aligned=True failed=
2026-09-07 10:43:50 OK port 29081 [quick] height=5061 peers=2 p2p=inconsistent aligned=True failed=peer_probe_ok,p2p_state_consistent
2026-09-07 10:43:50 WARN OK port 29082 [quick] height=5061 peers=1 p2p=single_peer_dev aligned=False failed=harness_timeout
2026-09-07 10:43:50 OK mesh aligned 29080:h5061/p1 29081:h5061/p2 29082:h5061/p1
2026-09-07 10:49:19 OK port 29080 [quick] height=5073 peers=1 p2p=single_peer_dev aligned=True failed=
2026-09-07 10:49:19 OK port 29081 [quick] height=5073 peers=1 p2p=single_peer_dev aligned=True failed=
2026-09-07 10:49:19 WARN OK port 29082 [quick] height=5062 peers=0 p2p=solo aligned=True failed=ready_flap
2026-09-07 10:49:19 WARN mesh misaligned h29080=5073 h29081=5073 h29082=5062 delta=12
2026-09-07 10:54:48 OK port 29080 [quick] height=5086 peers=1 p2p=single_peer_dev aligned=True failed=
2026-09-07 10:54:48 OK port 29081 [quick] height=5085 peers=1 p2p=single_peer_dev aligned=True failed=peer_probe_ok,p2p_state_consistent
2026-09-07 10:54:48 WARN OK port 29082 [quick] height=5074 peers=0 p2p=solo aligned=True failed=ready_flap
2026-09-07 10:54:56 WARN mesh misaligned h29080=5086 h29081=5085 h29082=5074 delta=13
2026-09-07 11:00:20 OK port 29080 [quick] height=5097 peers=1 p2p=single_peer_dev aligned=True failed=
2026-09-07 11:00:20 OK port 29081 [quick] height=5097 peers=1 p2p=single_peer_dev aligned=True failed=peer_probe_ok,p2p_state_consistent
2026-09-07 11:00:20 WARN OK port 29082 [quick] height=5088 peers=0 p2p=solo aligned=True failed=ready_flap
2026-09-07 11:00:20 WARN mesh misaligned h29080=5097 h29081=5097 h29082=5088 delta=10
2026-09-07 11:05:48 WARN OK port 29080 [quick] height=5109 peers=1 p2p=single_peer_dev aligned=False failed=harness_timeout
2026-09-07 11:05:48 OK port 29081 [quick] height=5108 peers=1 p2p=single_peer_dev aligned=True failed=
2026-09-07 11:05:48 WARN OK port 29082 [quick] height=5101 peers=0 p2p=solo aligned=True failed=ready_flap
2026-09-07 11:05:49 WARN mesh misaligned h29080=5109 h29081=5108 h29082=5101 delta=9
2026-09-07 11:11:17 OK port 29080 [full] height=5120 peers=1 p2p=single_peer_dev aligned=True failed=
2026-09-07 11:11:17 OK port 29081 [full] height=5120 peers=1 p2p=single_peer_dev aligned=True failed=
2026-09-07 11:11:17 WARN OK port 29082 [full] height=5113 peers=0 p2p=solo aligned=True failed=ready_flap
2026-09-07 11:11:24 WARN mesh misaligned h29080=5120 h29081=5120 h29082=5113 delta=8
2026-09-07 11:16:53 OK port 29080 [quick] height=5133 peers=1 p2p=single_peer_dev aligned=True failed=
2026-09-07 11:16:53 OK port 29081 [quick] height=5133 peers=1 p2p=single_peer_dev aligned=True failed=peer_probe_ok,p2p_state_consistent
2026-09-07 11:16:53 WARN OK port 29082 [quick] height=5126 peers=0 p2p=solo aligned=True failed=ready_flap
2026-09-07 11:16:53 WARN mesh misaligned h29080=5133 h29081=5133 h29082=5126 delta=8
2026-09-07 11:22:22 OK port 29080 [quick] height=5145 peers=1 p2p=single_peer_dev aligned=True failed=
2026-09-07 11:22:22 OK port 29081 [quick] height=5144 peers=1 p2p=single_peer_dev aligned=True failed=peer_probe_ok,p2p_state_consistent
2026-09-07 11:22:22 WARN OK port 29082 [quick] height=5139 peers=0 p2p=solo aligned=True failed=ready_flap
2026-09-07 11:22:25 WARN mesh misaligned h29080=5145 h29081=5144 h29082=5139 delta=7
2026-09-07 11:27:49 OK port 29080 [quick] height=5155 peers=1 p2p=single_peer_dev aligned=True failed=
2026-09-07 11:27:49 OK port 29081 [quick] height=5155 peers=1 p2p=single_peer_dev aligned=True failed=peer_probe_ok,p2p_state_consistent
2026-09-07 11:27:49 WARN OK port 29082 [quick] height=5150 peers=0 p2p=solo aligned=True failed=ready_flap
2026-09-07 11:27:54 WARN mesh misaligned h29080=5155 h29081=5155 h29082=5150 delta=5
2026-09-07 11:33:23 OK port 29080 [quick] height=5165 peers=1 p2p=single_peer_dev aligned=True failed=
2026-09-07 11:33:23 OK port 29081 [quick] height=5165 peers=1 p2p=single_peer_dev aligned=True failed=peer_probe_ok,p2p_state_consistent
2026-09-07 11:33:23 WARN OK port 29082 [quick] height=5160 peers=0 p2p=solo aligned=True failed=ready_flap
2026-09-07 11:33:27 WARN mesh misaligned h29080=5165 h29081=5165 h29082=5160 delta=6
2026-09-07 11:38:40 OK port 29080 [quick] height=5176 peers=1 p2p=single_peer_dev aligned=True failed=
2026-09-07 11:38:40 OK port 29081 [quick] height=5175 peers=2 p2p=inconsistent aligned=True failed=peer_probe_ok,p2p_state_consistent
2026-09-07 11:38:40 OK port 29082 [quick] height=5174 peers=1 p2p=single_peer_dev aligned=True failed=peer_probe_ok,p2p_state_consistent
2026-09-07 11:38:40 OK mesh aligned 29080:h5176/p1 29081:h5175/p2 29082:h5174/p1 transient_delta=2
2026-09-07 11:43:51 OK port 29080 [full] height=5184 peers=2 p2p=inconsistent aligned=True failed=peer_probe_ok
2026-09-07 11:43:51 OK port 29081 [full] height=5183 peers=2 p2p=inconsistent aligned=True failed=peer_probe_ok
2026-09-07 11:43:51 OK port 29082 [full] height=5183 peers=2 p2p=inconsistent aligned=True failed=peer_probe_ok
2026-09-07 11:43:51 OK mesh aligned 29080:h5184/p2 29081:h5183/p2 29082:h5183/p2 transient_delta=1
2026-09-07 11:49:02 OK port 29080 [quick] height=5192 peers=2 p2p=inconsistent aligned=True failed=
2026-09-07 11:49:02 OK port 29081 [quick] height=5192 peers=2 p2p=aligned aligned=True failed=
2026-09-07 11:49:02 OK port 29082 [quick] height=5192 peers=2 p2p=inconsistent aligned=True failed=
2026-09-07 11:49:02 OK mesh aligned 29080:h5192/p2 29081:h5192/p2 29082:h5192/p2
2026-09-07 11:54:07 OK port 29080 [quick] height=5201 peers=2 p2p=aligned aligned=True failed=
2026-09-07 11:54:07 OK port 29081 [quick] height=5201 peers=2 p2p=aligned aligned=True failed=
2026-09-07 11:54:07 OK port 29082 [quick] height=5201 peers=2 p2p=inconsistent aligned=True failed=
2026-09-07 11:54:07 OK mesh aligned 29080:h5201/p2 29081:h5201/p2 29082:h5201/p2
2026-09-07 11:59:21 OK port 29080 [quick] height=5211 peers=1 p2p=single_peer_dev aligned=True failed=peer_probe_ok,p2p_state_consistent
2026-09-07 11:59:21 OK port 29081 [quick] height=5210 peers=1 p2p=single_peer_dev aligned=True failed=peer_probe_ok,p2p_state_consistent
2026-09-07 11:59:21 OK port 29082 [quick] height=5211 peers=2 p2p=inconsistent aligned=True failed=peer_probe_ok,p2p_state_consistent
2026-09-07 11:59:21 OK mesh aligned 29080:h5211/p1 29081:h5210/p1 29082:h5211/p2 transient_delta=1
2026-09-07 12:04:27 OK port 29080 [quick] height=5222 peers=1 p2p=single_peer_dev aligned=True failed=
2026-09-07 12:04:27 OK port 29081 [quick] height=5221 peers=1 p2p=single_peer_dev aligned=True failed=
2026-09-07 12:04:27 OK port 29082 [quick] height=5221 peers=2 p2p=inconsistent aligned=True failed=peer_probe_ok,p2p_state_consistent
2026-09-07 12:04:27 OK mesh aligned 29080:h5222/p1 29081:h5221/p1 29082:h5221/p2 transient_delta=1
2026-09-07 12:09:31 OK port 29080 [quick] height=5231 peers=1 p2p=single_peer_dev aligned=True failed=peer_probe_ok,p2p_state_consistent
2026-09-07 12:09:31 OK port 29081 [quick] height=5230 peers=1 p2p=single_peer_dev aligned=True failed=peer_probe_ok,p2p_state_consistent
2026-09-07 12:09:31 OK port 29082 [quick] height=5230 peers=2 p2p=inconsistent aligned=True failed=peer_probe_ok,p2p_state_consistent
2026-09-07 12:09:31 OK mesh aligned 29080:h5231/p1 29081:h5230/p1 29082:h5230/p2 transient_delta=1
2026-09-07 12:14:41 OK port 29080 [full] height=5239 peers=1 p2p=single_peer_dev aligned=True failed=peer_probe_ok
2026-09-07 12:14:41 OK port 29081 [full] height=5239 peers=1 p2p=single_peer_dev aligned=True failed=
2026-09-07 12:14:41 OK port 29082 [full] height=5239 peers=2 p2p=inconsistent aligned=True failed=
2026-09-07 12:14:41 OK mesh aligned 29080:h5239/p1 29081:h5239/p1 29082:h5239/p2
2026-09-07 12:20:09 OK port 29080 [quick] height=5251 peers=1 p2p=single_peer_dev aligned=True failed=
2026-09-07 12:20:09 WARN OK port 29081 [quick] height=5245 peers=0 p2p=solo aligned=True failed=ready_flap
2026-09-07 12:20:09 OK port 29082 [quick] height=5250 peers=1 p2p=single_peer_dev aligned=True failed=peer_probe_ok,p2p_state_consistent
2026-09-07 12:20:10 WARN mesh misaligned h29080=5251 h29081=5245 h29082=5250 delta=6
2026-09-07 12:25:39 OK port 29080 [quick] height=5262 peers=1 p2p=single_peer_dev aligned=True failed=
2026-09-07 12:25:39 WARN OK port 29081 [quick] height=5256 peers=0 p2p=solo aligned=True failed=ready_flap
2026-09-07 12:25:39 WARN OK port 29082 [quick] height=5261 peers=1 p2p=single_peer_dev aligned=False failed=harness_timeout
2026-09-07 12:25:43 WARN mesh misaligned h29080=5262 h29081=5256 h29082=5261 delta=6
2026-09-07 12:31:12 OK port 29080 [quick] height=5273 peers=1 p2p=single_peer_dev aligned=True failed=
2026-09-07 12:31:12 WARN OK port 29081 [quick] height=5268 peers=0 p2p=solo aligned=True failed=ready_flap
2026-09-07 12:31:12 OK port 29082 [quick] height=5273 peers=1 p2p=single_peer_dev aligned=True failed=peer_probe_ok,p2p_state_consistent
2026-09-07 12:31:23 WARN mesh misaligned h29080=5273 h29081=5268 h29082=5273 delta=5
2026-09-07 12:36:34 OK port 29080 [quick] height=5284 peers=1 p2p=single_peer_dev aligned=True failed=
2026-09-07 12:36:34 OK port 29081 [quick] height=5284 peers=2 p2p=inconsistent aligned=True failed=peer_probe_ok,p2p_state_consistent
2026-09-07 12:36:34 OK port 29082 [quick] height=5284 peers=2 p2p=inconsistent aligned=True failed=peer_probe_ok,p2p_state_consistent
2026-09-07 12:36:34 OK mesh aligned 29080:h5284/p1 29081:h5284/p2 29082:h5284/p2
2026-09-07 12:41:42 OK port 29080 [quick] height=5293 peers=2 p2p=inconsistent aligned=True failed=
2026-09-07 12:41:42 OK port 29081 [quick] height=5292 peers=2 p2p=aligned aligned=True failed=
2026-09-07 12:41:42 OK port 29082 [quick] height=5292 peers=2 p2p=aligned aligned=True failed=
2026-09-07 12:41:42 OK mesh aligned 29080:h5293/p2 29081:h5292/p2 29082:h5292/p2 transient_delta=1
2026-09-07 12:46:57 OK port 29080 [full] height=5300 peers=2 p2p=inconsistent aligned=True failed=peer_probe_ok,p2p_state_consistent
2026-09-07 12:46:57 OK port 29081 [full] height=5300 peers=2 p2p=aligned aligned=True failed=
2026-09-07 12:46:57 OK port 29082 [full] height=5300 peers=2 p2p=aligned aligned=True failed=
2026-09-07 12:46:57 OK mesh aligned 29080:h5300/p2 29081:h5300/p2 29082:h5300/p2
2026-09-07 12:52:11 OK port 29080 [quick] height=5308 peers=2 p2p=inconsistent aligned=True failed=
2026-09-07 12:52:11 OK port 29081 [quick] height=5308 peers=2 p2p=aligned aligned=True failed=
2026-09-07 12:52:11 OK port 29082 [quick] height=5308 peers=2 p2p=aligned aligned=True failed=
2026-09-07 12:52:11 OK mesh aligned 29080:h5308/p2 29081:h5308/p2 29082:h5308/p2
2026-09-07 12:57:22 OK port 29080 [quick] height=5316 peers=2 p2p=inconsistent aligned=True failed=
2026-09-07 12:57:22 WARN OK port 29081 [quick] height=5316 peers=2 p2p=inconsistent aligned=False failed=harness_timeout
2026-09-07 12:57:22 OK port 29082 [quick] height=5316 peers=2 p2p=aligned aligned=True failed=
2026-09-07 12:57:22 OK mesh aligned 29080:h5316/p2 29081:h5316/p2 29082:h5316/p2
2026-09-07 13:02:26 OK port 29080 [quick] height=5325 peers=2 p2p=aligned aligned=True failed=
2026-09-07 13:02:26 OK port 29081 [quick] height=5325 peers=1 p2p=single_peer_dev aligned=True failed=peer_probe_ok,p2p_state_consistent
2026-09-07 13:02:26 OK port 29082 [quick] height=5325 peers=1 p2p=single_peer_dev aligned=True failed=
2026-09-07 13:02:26 OK mesh aligned 29080:h5325/p2 29081:h5325/p1 29082:h5325/p1
2026-09-07 13:07:41 OK port 29080 [quick] height=5335 peers=2 p2p=inconsistent aligned=True failed=
2026-09-07 13:07:41 OK port 29081 [quick] height=5334 peers=1 p2p=single_peer_dev aligned=True failed=peer_probe_ok,p2p_state_consistent
2026-09-07 13:07:41 OK port 29082 [quick] height=5334 peers=1 p2p=single_peer_dev aligned=True failed=
2026-09-07 13:07:41 OK mesh aligned 29080:h5335/p2 29081:h5334/p1 29082:h5334/p1 transient_delta=1
2026-09-07 13:12:45 OK port 29080 [quick] height=5343 peers=2 p2p=aligned aligned=True failed=
2026-09-07 13:12:45 OK port 29081 [quick] height=5343 peers=1 p2p=single_peer_dev aligned=True failed=peer_probe_ok,p2p_state_consistent
2026-09-07 13:12:45 OK port 29082 [quick] height=5343 peers=1 p2p=single_peer_dev aligned=True failed=
2026-09-07 13:12:45 OK mesh aligned 29080:h5343/p2 29081:h5343/p1 29082:h5343/p1
2026-09-07 13:17:58 OK port 29080 [full] height=5352 peers=2 p2p=inconsistent aligned=True failed=peer_probe_ok
2026-09-07 13:17:58 OK port 29081 [full] height=5351 peers=2 p2p=aligned aligned=True failed=
2026-09-07 13:17:58 OK port 29082 [full] height=5351 peers=2 p2p=aligned aligned=True failed=
2026-09-07 13:17:58 OK mesh aligned 29080:h5352/p2 29081:h5351/p2 29082:h5351/p2 transient_delta=1
2026-09-07 13:23:02 OK port 29080 [quick] height=5359 peers=2 p2p=aligned aligned=True failed=
2026-09-07 13:23:02 OK port 29081 [quick] height=5359 peers=2 p2p=aligned aligned=True failed=
2026-09-07 13:23:02 OK port 29082 [quick] height=5359 peers=2 p2p=aligned aligned=True failed=
2026-09-07 13:23:02 OK mesh aligned 29080:h5359/p2 29081:h5359/p2 29082:h5359/p2
2026-09-07 13:28:06 OK port 29080 [quick] height=5367 peers=2 p2p=inconsistent aligned=True failed=peer_probe_ok,p2p_state_consistent
2026-09-07 13:28:06 OK port 29081 [quick] height=5367 peers=2 p2p=inconsistent aligned=True failed=
2026-09-07 13:28:06 OK port 29082 [quick] height=5367 peers=2 p2p=aligned aligned=True failed=
2026-09-07 13:28:06 OK mesh aligned 29080:h5367/p2 29081:h5367/p2 29082:h5367/p2
2026-09-07 13:33:18 WARN OK port 29080 [quick] height=5374 peers=2 p2p=aligned aligned=False failed=harness_timeout
2026-09-07 13:33:18 OK port 29081 [quick] height=5374 peers=2 p2p=aligned aligned=True failed=
2026-09-07 13:33:18 OK port 29082 [quick] height=5374 peers=2 p2p=aligned aligned=True failed=
2026-09-07 13:33:18 OK mesh aligned 29080:h5374/p2 29081:h5374/p2 29082:h5374/p2
2026-09-07 13:38:23 OK port 29080 [quick] height=5382 peers=2 p2p=inconsistent aligned=True failed=peer_probe_ok,p2p_state_consistent
2026-09-07 13:38:23 OK port 29081 [quick] height=5382 peers=2 p2p=aligned aligned=True failed=
2026-09-07 13:38:23 OK port 29082 [quick] height=5382 peers=2 p2p=aligned aligned=True failed=
2026-09-07 13:38:23 OK mesh aligned 29080:h5382/p2 29081:h5382/p2 29082:h5382/p2
2026-09-07 13:43:28 OK port 29080 [quick] height=5390 peers=2 p2p=aligned aligned=True failed=
2026-09-07 13:43:28 OK port 29081 [quick] height=5390 peers=2 p2p=aligned aligned=True failed=
2026-09-07 13:43:28 OK port 29082 [quick] height=5390 peers=2 p2p=aligned aligned=True failed=
2026-09-07 13:43:28 OK mesh aligned 29080:h5390/p2 29081:h5390/p2 29082:h5390/p2
2026-09-07 13:48:40 OK port 29080 [full] height=5399 peers=2 p2p=inconsistent aligned=True failed=peer_probe_ok
2026-09-07 13:48:40 OK port 29081 [full] height=5399 peers=2 p2p=aligned aligned=True failed=peer_probe_ok
2026-09-07 13:48:40 OK port 29082 [full] height=5399 peers=2 p2p=inconsistent aligned=True failed=peer_probe_ok
2026-09-07 13:48:40 OK mesh aligned 29080:h5399/p2 29081:h5399/p2 29082:h5399/p2
2026-09-07 13:53:44 OK port 29080 [quick] height=5407 peers=2 p2p=inconsistent aligned=True failed=
2026-09-07 13:53:44 OK port 29081 [quick] height=5406 peers=2 p2p=inconsistent aligned=True failed=
2026-09-07 13:53:44 OK port 29082 [quick] height=5406 peers=2 p2p=inconsistent aligned=True failed=
2026-09-07 13:53:44 OK mesh aligned 29080:h5407/p2 29081:h5406/p2 29082:h5406/p2 transient_delta=1
2026-09-07 13:58:57 OK port 29080 [quick] height=5415 peers=2 p2p=inconsistent aligned=True failed=peer_probe_ok,p2p_state_consistent
2026-09-07 13:58:57 OK port 29081 [quick] height=5415 peers=1 p2p=single_peer_dev aligned=True failed=peer_probe_ok,p2p_state_consistent
2026-09-07 13:58:57 OK port 29082 [quick] height=5415 peers=1 p2p=single_peer_dev aligned=True failed=peer_probe_ok,p2p_state_consistent
2026-09-07 13:58:57 OK mesh aligned 29080:h5415/p2 29081:h5415/p1 29082:h5415/p1
2026-09-07 14:04:02 OK port 29080 [quick] height=5423 peers=2 p2p=inconsistent aligned=True failed=
2026-09-07 14:04:02 OK port 29081 [quick] height=5422 peers=2 p2p=inconsistent aligned=True failed=peer_probe_ok,p2p_state_consistent
2026-09-07 14:04:02 OK port 29082 [quick] height=5422 peers=2 p2p=inconsistent aligned=True failed=
2026-09-07 14:04:02 OK mesh aligned 29080:h5423/p2 29081:h5422/p2 29082:h5422/p2 transient_delta=1
2026-09-07 14:09:07 OK port 29080 [quick] height=5430 peers=2 p2p=aligned aligned=True failed=
2026-09-07 14:09:07 OK port 29081 [quick] height=5430 peers=2 p2p=aligned aligned=True failed=
2026-09-07 14:09:07 OK port 29082 [quick] height=5430 peers=2 p2p=aligned aligned=True failed=
2026-09-07 14:09:07 OK mesh aligned 29080:h5430/p2 29081:h5430/p2 29082:h5430/p2
2026-09-07 14:14:21 OK port 29080 [quick] height=5439 peers=2 p2p=inconsistent aligned=True failed=
2026-09-07 14:14:21 OK port 29081 [quick] height=5438 peers=2 p2p=aligned aligned=True failed=
2026-09-07 14:14:21 OK port 29082 [quick] height=5438 peers=2 p2p=inconsistent aligned=True failed=peer_probe_ok,p2p_state_consistent
2026-09-07 14:14:21 OK mesh aligned 29080:h5439/p2 29081:h5438/p2 29082:h5438/p2 transient_delta=1
2026-09-07 14:19:35 OK port 29080 [full] height=5447 peers=2 p2p=inconsistent aligned=True failed=peer_probe_ok
2026-09-07 14:19:35 OK port 29081 [full] height=5446 peers=2 p2p=aligned aligned=True failed=
2026-09-07 14:19:35 OK port 29082 [full] height=5446 peers=2 p2p=inconsistent aligned=True failed=
2026-09-07 14:19:35 OK mesh aligned 29080:h5447/p2 29081:h5446/p2 29082:h5446/p2 transient_delta=1
2026-09-07 14:24:44 OK port 29080 [quick] height=5454 peers=2 p2p=aligned aligned=True failed=
2026-09-07 14:24:44 OK port 29081 [quick] height=5454 peers=2 p2p=aligned aligned=True failed=
2026-09-07 14:24:44 OK port 29082 [quick] height=5454 peers=2 p2p=aligned aligned=True failed=
2026-09-07 14:24:44 OK mesh aligned 29080:h5454/p2 29081:h5454/p2 29082:h5454/p2
2026-09-07 14:29:48 OK port 29080 [quick] height=5462 peers=2 p2p=inconsistent aligned=True failed=
2026-09-07 14:29:48 OK port 29081 [quick] height=5461 peers=2 p2p=inconsistent aligned=True failed=peer_probe_ok,p2p_state_consistent
2026-09-07 14:29:48 OK port 29082 [quick] height=5461 peers=2 p2p=inconsistent aligned=True failed=
2026-09-07 14:29:48 OK mesh aligned 29080:h5462/p2 29081:h5461/p2 29082:h5461/p2 transient_delta=1
2026-09-07 14:35:02 OK port 29080 [quick] height=5469 peers=2 p2p=aligned aligned=True failed=
2026-09-07 14:35:02 OK port 29081 [quick] height=5469 peers=2 p2p=aligned aligned=True failed=peer_probe_ok,p2p_state_consistent
2026-09-07 14:35:02 OK port 29082 [quick] height=5469 peers=2 p2p=inconsistent aligned=True failed=peer_probe_ok,p2p_state_consistent
2026-09-07 14:35:02 OK mesh aligned 29080:h5469/p2 29081:h5469/p2 29082:h5469/p2
2026-09-07 14:40:06 OK port 29080 [quick] height=5480 peers=2 p2p=inconsistent aligned=True failed=
2026-09-07 14:40:06 OK port 29081 [quick] height=5480 peers=1 p2p=single_peer_dev aligned=True failed=peer_probe_ok,p2p_state_consistent
2026-09-07 14:40:06 OK port 29082 [quick] height=5480 peers=1 p2p=single_peer_dev aligned=True failed=peer_probe_ok,p2p_state_consistent
2026-09-07 14:40:06 OK mesh aligned 29080:h5480/p2 29081:h5480/p1 29082:h5480/p1
2026-09-07 14:45:10 OK port 29080 [quick] height=5490 peers=2 p2p=inconsistent aligned=True failed=
2026-09-07 14:45:10 OK port 29081 [quick] height=5489 peers=2 p2p=inconsistent aligned=True failed=
2026-09-07 14:45:10 OK port 29082 [quick] height=5489 peers=2 p2p=inconsistent aligned=True failed=
2026-09-07 14:45:10 OK mesh aligned 29080:h5490/p2 29081:h5489/p2 29082:h5489/p2 transient_delta=1
2026-09-07 14:50:21 OK port 29080 [full] height=5498 peers=2 p2p=inconsistent aligned=True failed=peer_probe_ok
2026-09-07 14:50:21 OK port 29081 [full] height=5497 peers=2 p2p=aligned aligned=True failed=
2026-09-07 14:50:21 OK port 29082 [full] height=5497 peers=2 p2p=inconsistent aligned=True failed=
2026-09-07 14:50:21 OK mesh aligned 29080:h5498/p2 29081:h5497/p2 29082:h5497/p2 transient_delta=1
2026-09-07 14:55:33 OK port 29080 [quick] height=5506 peers=2 p2p=inconsistent aligned=True failed=
2026-09-07 14:55:33 OK port 29081 [quick] height=5505 peers=2 p2p=aligned aligned=True failed=
2026-09-07 14:55:33 OK port 29082 [quick] height=5505 peers=2 p2p=inconsistent aligned=True failed=peer_probe_ok,p2p_state_consistent
2026-09-07 14:55:33 OK mesh aligned 29080:h5506/p2 29081:h5505/p2 29082:h5505/p2 transient_delta=1
2026-09-07 15:00:39 OK port 29080 [quick] height=5513 peers=2 p2p=inconsistent aligned=True failed=peer_probe_ok,p2p_state_consistent
2026-09-07 15:00:39 OK port 29081 [quick] height=5512 peers=2 p2p=inconsistent aligned=True failed=
2026-09-07 15:00:39 OK port 29082 [quick] height=5513 peers=2 p2p=inconsistent aligned=True failed=peer_probe_ok,p2p_state_consistent
2026-09-07 15:00:39 OK mesh aligned 29080:h5513/p2 29081:h5512/p2 29082:h5513/p2 transient_delta=1
2026-09-07 15:05:43 OK port 29080 [quick] height=5521 peers=2 p2p=inconsistent aligned=True failed=
2026-09-07 15:05:43 OK port 29081 [quick] height=5520 peers=2 p2p=inconsistent aligned=True failed=
2026-09-07 15:05:43 OK port 29082 [quick] height=5520 peers=2 p2p=inconsistent aligned=True failed=
2026-09-07 15:05:43 OK mesh aligned 29080:h5521/p2 29081:h5520/p2 29082:h5520/p2 transient_delta=1
2026-09-07 15:10:58 OK port 29080 [quick] height=5529 peers=1 p2p=single_peer_dev aligned=True failed=peer_probe_ok,p2p_state_consistent
2026-09-07 15:10:58 OK port 29081 [quick] height=5529 peers=2 p2p=inconsistent aligned=True failed=peer_probe_ok,p2p_state_consistent
2026-09-07 15:10:58 OK port 29082 [quick] height=5528 peers=1 p2p=single_peer_dev aligned=True failed=peer_probe_ok,p2p_state_consistent
2026-09-07 15:10:58 OK mesh aligned 29080:h5529/p1 29081:h5529/p2 29082:h5528/p1 transient_delta=1
2026-09-07 15:16:10 OK port 29080 [quick] height=5538 peers=2 p2p=inconsistent aligned=True failed=
2026-09-07 15:16:10 OK port 29081 [quick] height=5537 peers=1 p2p=single_peer_dev aligned=True failed=
2026-09-07 15:16:10 OK port 29082 [quick] height=5538 peers=1 p2p=single_peer_dev aligned=True failed=peer_probe_ok,p2p_state_consistent
2026-09-07 15:16:10 OK mesh aligned 29080:h5538/p2 29081:h5537/p1 29082:h5538/p1 transient_delta=1
2026-09-07 15:21:22 OK port 29080 [full] height=5546 peers=2 p2p=inconsistent aligned=True failed=peer_probe_ok
2026-09-07 15:21:22 OK port 29081 [full] height=5545 peers=2 p2p=inconsistent aligned=True failed=peer_probe_ok
2026-09-07 15:21:22 OK port 29082 [full] height=5545 peers=2 p2p=inconsistent aligned=True failed=peer_probe_ok,p2p_state_consistent
2026-09-07 15:21:22 OK mesh aligned 29080:h5546/p2 29081:h5545/p2 29082:h5545/p2 transient_delta=1
2026-09-07 15:26:35 OK port 29080 [quick] height=5554 peers=2 p2p=aligned aligned=True failed=
2026-09-07 15:26:35 OK port 29081 [quick] height=5554 peers=2 p2p=inconsistent aligned=True failed=peer_probe_ok,p2p_state_consistent
2026-09-07 15:26:35 OK port 29082 [quick] height=5554 peers=2 p2p=inconsistent aligned=True failed=peer_probe_ok,p2p_state_consistent
2026-09-07 15:26:35 OK mesh aligned 29080:h5554/p2 29081:h5554/p2 29082:h5554/p2
2026-09-07 15:31:50 OK port 29080 [quick] height=5562 peers=2 p2p=inconsistent aligned=True failed=
2026-09-07 15:31:50 OK port 29081 [quick] height=5562 peers=2 p2p=aligned aligned=True failed=
2026-09-07 15:31:50 OK port 29082 [quick] height=5562 peers=2 p2p=aligned aligned=True failed=
2026-09-07 15:31:50 OK mesh aligned 29080:h5562/p2 29081:h5562/p2 29082:h5562/p2
2026-09-07 15:37:04 OK port 29080 [quick] height=5572 peers=2 p2p=inconsistent aligned=True failed=peer_probe_ok,p2p_state_consistent
2026-09-07 15:37:04 OK port 29081 [quick] height=5572 peers=1 p2p=single_peer_dev aligned=True failed=peer_probe_ok,p2p_state_consistent
2026-09-07 15:37:04 OK port 29082 [quick] height=5571 peers=1 p2p=single_peer_dev aligned=True failed=peer_probe_ok,p2p_state_consistent
2026-09-07 15:37:04 OK mesh aligned 29080:h5572/p2 29081:h5572/p1 29082:h5571/p1 transient_delta=1
2026-09-07 15:42:17 OK port 29080 [quick] height=5580 peers=2 p2p=inconsistent aligned=True failed=
2026-09-07 15:42:17 OK port 29081 [quick] height=5579 peers=2 p2p=inconsistent aligned=True failed=peer_probe_ok,p2p_state_consistent
2026-09-07 15:42:17 OK port 29082 [quick] height=5580 peers=2 p2p=inconsistent aligned=True failed=
2026-09-07 15:42:17 OK mesh aligned 29080:h5580/p2 29081:h5579/p2 29082:h5580/p2 transient_delta=1
2026-09-07 15:47:23 OK port 29080 [quick] height=5587 peers=2 p2p=inconsistent aligned=True failed=peer_probe_ok,p2p_state_consistent
2026-09-07 15:47:23 OK port 29081 [quick] height=5587 peers=2 p2p=inconsistent aligned=True failed=peer_probe_ok,p2p_state_consistent
2026-09-07 15:47:23 OK port 29082 [quick] height=5587 peers=2 p2p=aligned aligned=True failed=
2026-09-07 15:47:23 OK mesh aligned 29080:h5587/p2 29081:h5587/p2 29082:h5587/p2
2026-09-07 15:52:39 OK port 29080 [full] height=5596 peers=2 p2p=inconsistent aligned=True failed=
2026-09-07 15:52:39 OK port 29081 [full] height=5596 peers=1 p2p=single_peer_dev aligned=True failed=peer_probe_ok
2026-09-07 15:52:39 OK port 29082 [full] height=5596 peers=1 p2p=single_peer_dev aligned=True failed=peer_probe_ok,p2p_state_consistent
2026-09-07 15:52:39 OK mesh aligned 29080:h5596/p2 29081:h5596/p1 29082:h5596/p1
2026-09-07 15:57:45 OK port 29080 [quick] height=5605 peers=2 p2p=inconsistent aligned=True failed=peer_probe_ok,p2p_state_consistent
2026-09-07 15:57:45 OK port 29081 [quick] height=5604 peers=2 p2p=inconsistent aligned=True failed=
2026-09-07 15:57:45 OK port 29082 [quick] height=5604 peers=2 p2p=inconsistent aligned=True failed=
2026-09-07 15:57:45 OK mesh aligned 29080:h5605/p2 29081:h5604/p2 29082:h5604/p2 transient_delta=1
2026-09-07 16:02:54 OK port 29080 [quick] height=5613 peers=2 p2p=inconsistent aligned=True failed=peer_probe_ok,p2p_state_consistent
2026-09-07 16:02:54 OK port 29081 [quick] height=5613 peers=2 p2p=aligned aligned=True failed=
2026-09-07 16:02:54 OK port 29082 [quick] height=5613 peers=2 p2p=aligned aligned=True failed=
2026-09-07 16:02:54 OK mesh aligned 29080:h5613/p2 29081:h5613/p2 29082:h5613/p2
2026-09-07 16:08:03 OK port 29080 [quick] height=5622 peers=2 p2p=inconsistent aligned=True failed=
2026-09-07 16:08:03 OK port 29081 [quick] height=5621 peers=2 p2p=inconsistent aligned=True failed=
2026-09-07 16:08:03 OK port 29082 [quick] height=5621 peers=2 p2p=inconsistent aligned=True failed=
2026-09-07 16:08:03 OK mesh aligned 29080:h5622/p2 29081:h5621/p2 29082:h5621/p2 transient_delta=1
2026-09-07 16:13:09 OK port 29080 [quick] height=5630 peers=2 p2p=inconsistent aligned=True failed=
2026-09-07 16:13:09 OK port 29081 [quick] height=5630 peers=2 p2p=inconsistent aligned=True failed=peer_probe_ok,p2p_state_consistent
2026-09-07 16:13:09 OK port 29082 [quick] height=5630 peers=2 p2p=inconsistent aligned=True failed=
2026-09-07 16:13:09 OK mesh aligned 29080:h5630/p2 29081:h5630/p2 29082:h5630/p2
2026-09-07 16:18:13 OK port 29080 [quick] height=5638 peers=2 p2p=inconsistent aligned=True failed=peer_probe_ok,p2p_state_consistent
2026-09-07 16:18:13 OK port 29081 [quick] height=5638 peers=2 p2p=aligned aligned=True failed=
2026-09-07 16:18:13 OK port 29082 [quick] height=5638 peers=2 p2p=aligned aligned=True failed=
2026-09-07 16:18:13 OK mesh aligned 29080:h5638/p2 29081:h5638/p2 29082:h5638/p2
2026-09-07 16:23:21 OK port 29080 [full] height=5646 peers=2 p2p=inconsistent aligned=True failed=
2026-09-07 16:23:21 OK port 29081 [full] height=5646 peers=2 p2p=aligned aligned=True failed=
2026-09-07 16:23:21 OK port 29082 [full] height=5646 peers=2 p2p=aligned aligned=True failed=
2026-09-07 16:23:21 OK mesh aligned 29080:h5646/p2 29081:h5646/p2 29082:h5646/p2
2026-09-07 16:28:51 OK port 29080 [quick] height=5657 peers=1 p2p=single_peer_dev aligned=True failed=
2026-09-07 16:28:51 WARN OK port 29081 [quick] height=5648 peers=0 p2p=solo aligned=True failed=ready_flap
2026-09-07 16:28:51 OK port 29082 [quick] height=5657 peers=1 p2p=single_peer_dev aligned=True failed=peer_probe_ok,p2p_state_consistent
2026-09-07 16:28:54 WARN mesh misaligned h29080=5657 h29081=5648 h29082=5657 delta=10
2026-09-07 16:34:08 OK port 29080 [quick] height=5667 peers=1 p2p=single_peer_dev aligned=True failed=
2026-09-07 16:34:08 OK port 29081 [quick] height=5666 peers=1 p2p=single_peer_dev aligned=True failed=peer_probe_ok,p2p_state_consistent
2026-09-07 16:34:08 OK port 29082 [quick] height=5667 peers=2 p2p=inconsistent aligned=True failed=peer_probe_ok,p2p_state_consistent
2026-09-07 16:34:08 OK mesh aligned 29080:h5667/p1 29081:h5666/p1 29082:h5667/p2 transient_delta=1
2026-09-07 16:39:22 OK port 29080 [quick] height=5675 peers=2 p2p=aligned aligned=True failed=
2026-09-07 16:39:22 OK port 29081 [quick] height=5675 peers=2 p2p=aligned aligned=True failed=
2026-09-07 16:39:22 OK port 29082 [quick] height=5675 peers=2 p2p=aligned aligned=True failed=
2026-09-07 16:39:22 OK mesh aligned 29080:h5675/p2 29081:h5675/p2 29082:h5675/p2
2026-09-07 16:44:44 OK port 29080 [quick] height=5685 peers=2 p2p=inconsistent aligned=True failed=
2026-09-07 16:44:44 OK port 29081 [quick] height=5684 peers=1 p2p=single_peer_dev aligned=True failed=peer_probe_ok,p2p_state_consistent
2026-09-07 16:44:44 OK port 29082 [quick] height=5684 peers=1 p2p=single_peer_dev aligned=True failed=peer_probe_ok,p2p_state_consistent
2026-09-07 16:44:44 OK mesh aligned 29080:h5685/p2 29081:h5684/p1 29082:h5684/p1 transient_delta=1
2026-09-07 16:49:49 OK port 29080 [quick] height=5694 peers=2 p2p=inconsistent aligned=True failed=
2026-09-07 16:49:49 OK port 29081 [quick] height=5693 peers=2 p2p=inconsistent aligned=True failed=
2026-09-07 16:49:49 OK port 29082 [quick] height=5693 peers=2 p2p=inconsistent aligned=True failed=
2026-09-07 16:49:49 OK mesh aligned 29080:h5694/p2 29081:h5693/p2 29082:h5693/p2 transient_delta=1
2026-09-07 16:54:59 OK port 29080 [full] height=5702 peers=2 p2p=inconsistent aligned=True failed=peer_probe_ok,p2p_state_consistent
2026-09-07 16:54:59 OK port 29081 [full] height=5701 peers=2 p2p=inconsistent aligned=True failed=peer_probe_ok
2026-09-07 16:54:59 OK port 29082 [full] height=5701 peers=2 p2p=inconsistent aligned=True failed=peer_probe_ok
2026-09-07 16:54:59 OK mesh aligned 29080:h5702/p2 29081:h5701/p2 29082:h5701/p2 transient_delta=1
2026-09-07 17:00:06 OK port 29080 [quick] height=5709 peers=2 p2p=aligned aligned=True failed=
2026-09-07 17:00:06 OK port 29081 [quick] height=5709 peers=2 p2p=inconsistent aligned=True failed=
2026-09-07 17:00:06 OK port 29082 [quick] height=5709 peers=2 p2p=aligned aligned=True failed=
2026-09-07 17:00:06 OK mesh aligned 29080:h5709/p2 29081:h5709/p2 29082:h5709/p2
2026-09-07 17:05:16 OK port 29080 [quick] height=5716 peers=2 p2p=aligned aligned=True failed=
2026-09-07 17:05:16 OK port 29081 [quick] height=5716 peers=2 p2p=aligned aligned=True failed=
2026-09-07 17:05:16 OK port 29082 [quick] height=5716 peers=2 p2p=inconsistent aligned=True failed=peer_probe_ok,p2p_state_consistent
2026-09-07 17:05:16 OK mesh aligned 29080:h5716/p2 29081:h5716/p2 29082:h5716/p2
2026-09-07 17:10:26 WARN OK port 29080 [quick] height=5724 peers=2 p2p=inconsistent aligned=False failed=harness_timeout
2026-09-07 17:10:26 OK port 29081 [quick] height=5724 peers=1 p2p=single_peer_dev aligned=True failed=
2026-09-07 17:10:26 OK port 29082 [quick] height=5724 peers=1 p2p=single_peer_dev aligned=True failed=peer_probe_ok,p2p_state_consistent
2026-09-07 17:10:26 OK mesh aligned 29080:h5724/p2 29081:h5724/p1 29082:h5724/p1
2026-09-07 17:15:41 OK port 29080 [quick] height=5734 peers=2 p2p=inconsistent aligned=True failed=peer_probe_ok,p2p_state_consistent
2026-09-07 17:15:41 OK port 29081 [quick] height=5733 peers=1 p2p=single_peer_dev aligned=True failed=peer_probe_ok,p2p_state_consistent
2026-09-07 17:15:41 OK port 29082 [quick] height=5734 peers=1 p2p=single_peer_dev aligned=True failed=peer_probe_ok,p2p_state_consistent
2026-09-07 17:15:41 OK mesh aligned 29080:h5734/p2 29081:h5733/p1 29082:h5734/p1 transient_delta=1
2026-09-07 17:20:56 OK port 29080 [quick] height=5744 peers=2 p2p=inconsistent aligned=True failed=
2026-09-07 17:20:56 OK port 29081 [quick] height=5743 peers=2 p2p=aligned aligned=True failed=
2026-09-07 17:20:56 OK port 29082 [quick] height=5743 peers=2 p2p=inconsistent aligned=True failed=
2026-09-07 17:20:56 OK mesh aligned 29080:h5744/p2 29081:h5743/p2 29082:h5743/p2 transient_delta=1
2026-09-07 17:26:20 OK port 29080 [full] height=5751 peers=2 p2p=inconsistent aligned=True failed=peer_probe_ok,p2p_state_consistent
2026-09-07 17:26:20 OK port 29081 [full] height=5750 peers=2 p2p=inconsistent aligned=True failed=peer_probe_ok
2026-09-07 17:26:20 OK port 29082 [full] height=5750 peers=2 p2p=inconsistent aligned=True failed=peer_probe_ok
2026-09-07 17:26:20 OK mesh aligned 29080:h5751/p2 29081:h5750/p2 29082:h5750/p2 transient_delta=1
2026-09-07 17:31:35 OK port 29080 [quick] height=5758 peers=2 p2p=inconsistent aligned=True failed=
2026-09-07 17:31:35 OK port 29081 [quick] height=5758 peers=2 p2p=aligned aligned=True failed=
2026-09-07 17:31:35 OK port 29082 [quick] height=5758 peers=2 p2p=aligned aligned=True failed=
2026-09-07 17:31:35 OK mesh aligned 29080:h5758/p2 29081:h5758/p2 29082:h5758/p2
2026-09-07 17:36:47 OK port 29080 [quick] height=5766 peers=2 p2p=inconsistent aligned=True failed=
2026-09-07 17:36:47 OK port 29081 [quick] height=5765 peers=2 p2p=aligned aligned=True failed=
2026-09-07 17:36:47 OK port 29082 [quick] height=5765 peers=2 p2p=inconsistent aligned=True failed=peer_probe_ok,p2p_state_consistent
2026-09-07 17:36:47 OK mesh aligned 29080:h5766/p2 29081:h5765/p2 29082:h5765/p2 transient_delta=1
2026-09-07 17:42:00 OK port 29080 [quick] height=5773 peers=2 p2p=aligned aligned=True failed=
2026-09-07 17:42:00 OK port 29081 [quick] height=5773 peers=1 p2p=single_peer_dev aligned=True failed=peer_probe_ok,p2p_state_consistent
2026-09-07 17:42:00 OK port 29082 [quick] height=5773 peers=1 p2p=single_peer_dev aligned=True failed=
2026-09-07 17:42:00 OK mesh aligned 29080:h5773/p2 29081:h5773/p1 29082:h5773/p1
2026-09-07 17:47:11 WARN OK port 29080 [quick] height=5781 peers=2 p2p=aligned aligned=False failed=harness_timeout
2026-09-07 17:47:11 OK port 29081 [quick] height=5781 peers=2 p2p=aligned aligned=True failed=
2026-09-07 17:47:11 OK port 29082 [quick] height=5781 peers=2 p2p=aligned aligned=True failed=
2026-09-07 17:47:11 OK mesh aligned 29080:h5781/p2 29081:h5781/p2 29082:h5781/p2
2026-09-07 17:52:17 OK port 29080 [quick] height=5788 peers=2 p2p=aligned aligned=True failed=
2026-09-07 17:52:17 OK port 29081 [quick] height=5788 peers=2 p2p=aligned aligned=True failed=
2026-09-07 17:52:17 OK port 29082 [quick] height=5788 peers=2 p2p=aligned aligned=True failed=
2026-09-07 17:52:17 OK mesh aligned 29080:h5788/p2 29081:h5788/p2 29082:h5788/p2
2026-09-07 17:57:27 OK port 29080 [full] height=5796 peers=2 p2p=inconsistent aligned=True failed=peer_probe_ok
2026-09-07 17:57:27 OK port 29081 [full] height=5795 peers=2 p2p=aligned aligned=True failed=
2026-09-07 17:57:27 OK port 29082 [full] height=5795 peers=2 p2p=aligned aligned=True failed=
2026-09-07 17:57:27 OK mesh aligned 29080:h5796/p2 29081:h5795/p2 29082:h5795/p2 transient_delta=1
2026-09-07 18:02:33 OK port 29080 [quick] height=5803 peers=2 p2p=inconsistent aligned=True failed=
2026-09-07 18:02:33 OK port 29081 [quick] height=5802 peers=2 p2p=inconsistent aligned=True failed=
2026-09-07 18:02:33 OK port 29082 [quick] height=5802 peers=2 p2p=inconsistent aligned=True failed=
2026-09-07 18:02:33 OK mesh aligned 29080:h5803/p2 29081:h5802/p2 29082:h5802/p2 transient_delta=1
2026-09-07 18:07:37 OK port 29080 [quick] height=5810 peers=2 p2p=inconsistent aligned=True failed=
2026-09-07 18:07:37 OK port 29081 [quick] height=5809 peers=2 p2p=inconsistent aligned=True failed=
2026-09-07 18:07:37 OK port 29082 [quick] height=5809 peers=2 p2p=inconsistent aligned=True failed=
2026-09-07 18:07:37 OK mesh aligned 29080:h5810/p2 29081:h5809/p2 29082:h5809/p2 transient_delta=1
2026-09-07 18:12:43 OK port 29080 [quick] height=5817 peers=2 p2p=inconsistent aligned=True failed=
2026-09-07 18:12:43 OK port 29081 [quick] height=5816 peers=2 p2p=inconsistent aligned=True failed=
2026-09-07 18:12:43 OK port 29082 [quick] height=5816 peers=2 p2p=inconsistent aligned=True failed=
2026-09-07 18:12:43 OK mesh aligned 29080:h5817/p2 29081:h5816/p2 29082:h5816/p2 transient_delta=1
2026-09-07 18:17:49 OK port 29080 [quick] height=5824 peers=2 p2p=inconsistent aligned=True failed=peer_probe_ok,p2p_state_consistent
2026-09-07 18:17:49 OK port 29081 [quick] height=5824 peers=2 p2p=aligned aligned=True failed=
2026-09-07 18:17:49 OK port 29082 [quick] height=5824 peers=2 p2p=inconsistent aligned=True failed=
2026-09-07 18:17:49 OK mesh aligned 29080:h5824/p2 29081:h5824/p2 29082:h5824/p2
2026-09-07 18:22:55 OK port 29080 [quick] height=5831 peers=2 p2p=inconsistent aligned=True failed=
2026-09-07 18:22:55 OK port 29081 [quick] height=5831 peers=2 p2p=inconsistent aligned=True failed=
2026-09-07 18:22:55 OK port 29082 [quick] height=5831 peers=2 p2p=aligned aligned=True failed=
2026-09-07 18:22:55 OK mesh aligned 29080:h5831/p2 29081:h5831/p2 29082:h5831/p2
2026-09-07 18:28:14 OK port 29080 [full] height=5837 peers=2 p2p=aligned aligned=True failed=
2026-09-07 18:28:14 OK port 29081 [full] height=5837 peers=2 p2p=aligned aligned=True failed=
2026-09-07 18:28:14 OK port 29082 [full] height=5837 peers=2 p2p=inconsistent aligned=True failed=peer_probe_ok
2026-09-07 18:28:14 OK mesh aligned 29080:h5837/p2 29081:h5837/p2 29082:h5837/p2
2026-09-07 18:33:23 OK port 29080 [quick] height=5845 peers=2 p2p=aligned aligned=True failed=
2026-09-07 18:33:23 OK port 29081 [quick] height=5845 peers=1 p2p=single_peer_dev aligned=True failed=
2026-09-07 18:33:23 OK port 29082 [quick] height=5845 peers=1 p2p=single_peer_dev aligned=True failed=peer_probe_ok,p2p_state_consistent
2026-09-07 18:33:23 OK mesh aligned 29080:h5845/p2 29081:h5845/p1 29082:h5845/p1
2026-09-07 18:38:29 OK port 29080 [quick] height=5853 peers=2 p2p=inconsistent aligned=True failed=
2026-09-07 18:38:29 OK port 29081 [quick] height=5852 peers=1 p2p=single_peer_dev aligned=True failed=
2026-09-07 18:38:29 OK port 29082 [quick] height=5853 peers=1 p2p=single_peer_dev aligned=True failed=
2026-09-07 18:38:29 OK mesh aligned 29080:h5853/p2 29081:h5852/p1 29082:h5853/p1 transient_delta=1
2026-09-07 18:43:33 OK port 29080 [quick] height=5861 peers=2 p2p=inconsistent aligned=True failed=
2026-09-07 18:43:33 OK port 29081 [quick] height=5860 peers=1 p2p=single_peer_dev aligned=True failed=peer_probe_ok,p2p_state_consistent
2026-09-07 18:43:33 OK port 29082 [quick] height=5861 peers=1 p2p=single_peer_dev aligned=True failed=peer_probe_ok,p2p_state_consistent
2026-09-07 18:43:33 OK mesh aligned 29080:h5861/p2 29081:h5860/p1 29082:h5861/p1 transient_delta=1
2026-09-07 18:48:37 OK port 29080 [quick] height=5868 peers=2 p2p=aligned aligned=True failed=
2026-09-07 18:48:37 OK port 29081 [quick] height=5868 peers=2 p2p=inconsistent aligned=True failed=peer_probe_ok,p2p_state_consistent
2026-09-07 18:48:37 OK port 29082 [quick] height=5868 peers=2 p2p=inconsistent aligned=True failed=
2026-09-07 18:48:37 OK mesh aligned 29080:h5868/p2 29081:h5868/p2 29082:h5868/p2
2026-09-07 18:53:55 OK port 29080 [quick] height=5875 peers=2 p2p=aligned aligned=True failed=
2026-09-07 18:53:55 OK port 29081 [quick] height=5875 peers=2 p2p=inconsistent aligned=True failed=peer_probe_ok,p2p_state_consistent
2026-09-07 18:53:55 OK port 29082 [quick] height=5875 peers=2 p2p=inconsistent aligned=True failed=peer_probe_ok,p2p_state_consistent
2026-09-07 18:53:55 OK mesh aligned 29080:h5875/p2 29081:h5875/p2 29082:h5875/p2
2026-09-07 18:59:13 OK port 29080 [full] height=5882 peers=2 p2p=inconsistent aligned=True failed=
2026-09-07 18:59:13 OK port 29081 [full] height=5882 peers=2 p2p=inconsistent aligned=True failed=peer_probe_ok,p2p_state_consistent
2026-09-07 18:59:13 OK port 29082 [full] height=5882 peers=2 p2p=inconsistent aligned=True failed=peer_probe_ok,p2p_state_consistent
2026-09-07 18:59:13 OK mesh aligned 29080:h5882/p2 29081:h5882/p2 29082:h5882/p2
2026-09-07 19:04:42 OK port 29080 [quick] height=5892 peers=1 p2p=single_peer_dev aligned=True failed=
2026-09-07 19:04:42 OK port 29081 [quick] height=5891 peers=1 p2p=single_peer_dev aligned=True failed=
2026-09-07 19:04:42 WARN OK port 29082 [quick] height=5886 peers=0 p2p=solo aligned=True failed=ready_flap
2026-09-07 19:04:55 WARN mesh misaligned h29080=5892 h29081=5891 h29082=5886 delta=7
2026-09-07 19:10:24 OK port 29080 [quick] height=5900 peers=1 p2p=single_peer_dev aligned=True failed=
2026-09-07 19:10:24 OK port 29081 [quick] height=5900 peers=1 p2p=single_peer_dev aligned=True failed=
2026-09-07 19:10:24 WARN OK port 29082 [quick] height=5897 peers=0 p2p=solo aligned=True failed=ready_flap
2026-09-07 19:10:24 WARN mesh misaligned h29080=5900 h29081=5900 h29082=5897 delta=4
2026-09-07 19:15:50 OK port 29080 [quick] height=5909 peers=1 p2p=single_peer_dev aligned=True failed=
2026-09-07 19:15:50 OK port 29081 [quick] height=5909 peers=1 p2p=single_peer_dev aligned=True failed=
2026-09-07 19:15:50 WARN OK port 29082 [quick] height=5905 peers=0 p2p=solo aligned=True failed=ready_flap
2026-09-07 19:15:50 WARN mesh misaligned h29080=5909 h29081=5909 h29082=5905 delta=5
2026-09-07 19:21:19 OK port 29080 [quick] height=5918 peers=1 p2p=single_peer_dev aligned=True failed=
2026-09-07 19:21:19 OK port 29081 [quick] height=5918 peers=1 p2p=single_peer_dev aligned=True failed=peer_probe_ok,p2p_state_consistent
2026-09-07 19:21:19 WARN OK port 29082 [quick] height=5915 peers=0 p2p=solo aligned=True failed=ready_flap
2026-09-07 19:21:29 WARN mesh misaligned h29080=5918 h29081=5918 h29082=5915 delta=4
2026-09-07 19:26:58 OK port 29080 [quick] height=5929 peers=1 p2p=single_peer_dev aligned=True failed=
2026-09-07 19:26:58 WARN OK port 29081 [quick] height=5928 peers=1 p2p=single_peer_dev aligned=False failed=harness_timeout
2026-09-07 19:26:58 WARN OK port 29082 [quick] height=5925 peers=0 p2p=solo aligned=True failed=ready_flap
2026-09-07 19:27:02 WARN mesh misaligned h29080=5929 h29081=5928 h29082=5925 delta=4
2026-09-07 19:32:15 OK port 29080 [full] height=5935 peers=1 p2p=single_peer_dev aligned=True failed=peer_probe_ok
2026-09-07 19:32:15 OK port 29081 [full] height=5935 peers=2 p2p=inconsistent aligned=True failed=peer_probe_ok,p2p_state_consistent
2026-09-07 19:32:15 OK port 29082 [full] height=5935 peers=1 p2p=single_peer_dev aligned=True failed=peer_probe_ok
2026-09-07 19:32:15 OK mesh aligned 29080:h5935/p1 29081:h5935/p2 29082:h5935/p1
2026-09-07 19:37:22 OK port 29080 [quick] height=5943 peers=2 p2p=inconsistent aligned=True failed=
2026-09-07 19:37:22 OK port 29081 [quick] height=5942 peers=2 p2p=inconsistent aligned=True failed=
2026-09-07 19:37:22 OK port 29082 [quick] height=5942 peers=2 p2p=inconsistent aligned=True failed=
2026-09-07 19:37:22 OK mesh aligned 29080:h5943/p2 29081:h5942/p2 29082:h5942/p2 transient_delta=1
2026-09-07 19:42:32 OK port 29080 [quick] height=5950 peers=2 p2p=inconsistent aligned=True failed=
2026-09-07 19:42:32 OK port 29081 [quick] height=5949 peers=2 p2p=inconsistent aligned=True failed=
2026-09-07 19:42:32 OK port 29082 [quick] height=5949 peers=2 p2p=inconsistent aligned=True failed=
2026-09-07 19:42:32 OK mesh aligned 29080:h5950/p2 29081:h5949/p2 29082:h5949/p2 transient_delta=1
2026-09-07 19:47:47 OK port 29080 [quick] height=5956 peers=2 p2p=inconsistent aligned=True failed=peer_probe_ok,p2p_state_consistent
2026-09-07 19:47:47 OK port 29081 [quick] height=5956 peers=2 p2p=aligned aligned=True failed=
2026-09-07 19:47:47 OK port 29082 [quick] height=5956 peers=2 p2p=aligned aligned=True failed=
2026-09-07 19:47:47 OK mesh aligned 29080:h5956/p2 29081:h5956/p2 29082:h5956/p2
2026-09-07 19:53:11 OK port 29080 [quick] height=5965 peers=2 p2p=aligned aligned=True failed=
2026-09-07 19:53:11 OK port 29081 [quick] height=5965 peers=2 p2p=inconsistent aligned=True failed=peer_probe_ok,p2p_state_consistent
2026-09-07 19:53:11 OK port 29082 [quick] height=5965 peers=2 p2p=inconsistent aligned=True failed=peer_probe_ok,p2p_state_consistent
2026-09-07 19:53:11 OK mesh aligned 29080:h5965/p2 29081:h5965/p2 29082:h5965/p2
2026-09-07 19:58:36 OK port 29080 [quick] height=5973 peers=1 p2p=single_peer_dev aligned=True failed=
2026-09-07 19:58:36 OK port 29081 [quick] height=5973 peers=1 p2p=single_peer_dev aligned=True failed=peer_probe_ok,p2p_state_consistent
2026-09-07 19:58:36 OK port 29082 [quick] height=5973 peers=2 p2p=inconsistent aligned=True failed=peer_probe_ok,p2p_state_consistent
2026-09-07 19:58:36 OK mesh aligned 29080:h5973/p1 29081:h5973/p1 29082:h5973/p2
2026-09-07 20:04:05 OK port 29080 [full] height=5981 peers=2 p2p=inconsistent aligned=True failed=
2026-09-07 20:04:05 OK port 29081 [full] height=5980 peers=2 p2p=inconsistent aligned=True failed=peer_probe_ok
2026-09-07 20:04:05 OK port 29082 [full] height=5981 peers=2 p2p=inconsistent aligned=True failed=peer_probe_ok,p2p_state_consistent
2026-09-07 20:04:05 OK mesh aligned 29080:h5981/p2 29081:h5980/p2 29082:h5981/p2 transient_delta=1
2026-09-07 20:09:17 OK port 29080 [quick] height=5988 peers=2 p2p=aligned aligned=True failed=
2026-09-07 20:09:17 WARN OK port 29081 [quick] height=5988 peers=2 p2p=aligned aligned=False failed=harness_timeout
2026-09-07 20:09:17 OK port 29082 [quick] height=5988 peers=2 p2p=aligned aligned=True failed=
2026-09-07 20:09:17 OK mesh aligned 29080:h5988/p2 29081:h5988/p2 29082:h5988/p2
2026-09-07 20:14:28 OK port 29080 [quick] height=5995 peers=2 p2p=inconsistent aligned=True failed=
2026-09-07 20:14:28 OK port 29081 [quick] height=5995 peers=2 p2p=aligned aligned=True failed=
2026-09-07 20:14:28 WARN OK port 29082 [quick] height=5995 peers=2 p2p=inconsistent aligned=False failed=harness_timeout
2026-09-07 20:14:28 OK mesh aligned 29080:h5995/p2 29081:h5995/p2 29082:h5995/p2
2026-09-07 20:19:35 OK port 29080 [quick] height=6002 peers=2 p2p=inconsistent aligned=True failed=
2026-09-07 20:19:35 OK port 29081 [quick] height=6001 peers=1 p2p=single_peer_dev aligned=True failed=peer_probe_ok,p2p_state_consistent
2026-09-07 20:19:35 OK port 29082 [quick] height=6001 peers=1 p2p=single_peer_dev aligned=True failed=peer_probe_ok,p2p_state_consistent
2026-09-07 20:19:35 OK mesh aligned 29080:h6002/p2 29081:h6001/p1 29082:h6001/p1 transient_delta=1
2026-09-07 20:24:46 OK port 29080 [quick] height=6009 peers=2 p2p=inconsistent aligned=True failed=
2026-09-07 20:24:46 OK port 29081 [quick] height=6008 peers=2 p2p=aligned aligned=True failed=
2026-09-07 20:24:46 OK port 29082 [quick] height=6008 peers=2 p2p=inconsistent aligned=True failed=peer_probe_ok,p2p_state_consistent
2026-09-07 20:24:46 OK mesh aligned 29080:h6009/p2 29081:h6008/p2 29082:h6008/p2 transient_delta=1
2026-09-07 20:30:00 OK port 29080 [quick] height=6015 peers=2 p2p=aligned aligned=True failed=
2026-09-07 20:30:00 OK port 29081 [quick] height=6015 peers=2 p2p=aligned aligned=True failed=
2026-09-07 20:30:00 OK port 29082 [quick] height=6015 peers=2 p2p=aligned aligned=True failed=
2026-09-07 20:30:00 OK mesh aligned 29080:h6015/p2 29081:h6015/p2 29082:h6015/p2
2026-09-07 20:35:10 OK port 29080 [full] height=6022 peers=2 p2p=inconsistent aligned=True failed=peer_probe_ok
2026-09-07 20:35:10 OK port 29081 [full] height=6022 peers=1 p2p=single_peer_dev aligned=True failed=peer_probe_ok,p2p_state_consistent
2026-09-07 20:35:10 OK port 29082 [full] height=6021 peers=1 p2p=single_peer_dev aligned=True failed=peer_probe_ok
2026-09-07 20:35:10 OK mesh aligned 29080:h6022/p2 29081:h6022/p1 29082:h6021/p1 transient_delta=1
2026-09-07 20:40:19 OK port 29080 [quick] height=6029 peers=2 p2p=inconsistent aligned=True failed=peer_probe_ok,p2p_state_consistent
2026-09-07 20:40:19 OK port 29081 [quick] height=6029 peers=2 p2p=aligned aligned=True failed=
2026-09-07 20:40:19 OK port 29082 [quick] height=6029 peers=2 p2p=aligned aligned=True failed=
2026-09-07 20:40:19 OK mesh aligned 29080:h6029/p2 29081:h6029/p2 29082:h6029/p2
2026-09-07 20:45:26 OK port 29080 [quick] height=6036 peers=2 p2p=aligned aligned=True failed=
2026-09-07 20:45:26 OK port 29081 [quick] height=6036 peers=2 p2p=aligned aligned=True failed=
2026-09-07 20:45:26 OK port 29082 [quick] height=6036 peers=2 p2p=aligned aligned=True failed=
2026-09-07 20:45:26 OK mesh aligned 29080:h6036/p2 29081:h6036/p2 29082:h6036/p2
2026-09-07 20:50:29 OK port 29080 [quick] height=6042 peers=2 p2p=aligned aligned=True failed=
2026-09-07 20:50:29 OK port 29081 [quick] height=6042 peers=2 p2p=aligned aligned=True failed=
2026-09-07 20:50:29 OK port 29082 [quick] height=6042 peers=2 p2p=aligned aligned=True failed=
2026-09-07 20:50:29 OK mesh aligned 29080:h6042/p2 29081:h6042/p2 29082:h6042/p2
2026-09-07 20:55:43 OK port 29080 [quick] height=6050 peers=2 p2p=inconsistent aligned=True failed=
2026-09-07 20:55:43 OK port 29081 [quick] height=6049 peers=2 p2p=aligned aligned=True failed=
2026-09-07 20:55:43 OK port 29082 [quick] height=6049 peers=2 p2p=aligned aligned=True failed=
2026-09-07 20:55:43 OK mesh aligned 29080:h6050/p2 29081:h6049/p2 29082:h6049/p2 transient_delta=1
2026-09-07 21:00:57 OK port 29080 [quick] height=6056 peers=2 p2p=aligned aligned=True failed=
2026-09-07 21:00:57 OK port 29081 [quick] height=6056 peers=2 p2p=aligned aligned=True failed=
2026-09-07 21:00:57 OK port 29082 [quick] height=6056 peers=2 p2p=aligned aligned=True failed=
2026-09-07 21:00:57 OK mesh aligned 29080:h6056/p2 29081:h6056/p2 29082:h6056/p2
2026-09-07 21:06:12 OK port 29080 [full] height=6064 peers=2 p2p=inconsistent aligned=True failed=peer_probe_ok,p2p_state_consistent
2026-09-07 21:06:12 OK port 29081 [full] height=6063 peers=1 p2p=single_peer_dev aligned=True failed=
2026-09-07 21:06:12 OK port 29082 [full] height=6063 peers=1 p2p=single_peer_dev aligned=True failed=
2026-09-07 21:06:12 OK mesh aligned 29080:h6064/p2 29081:h6063/p1 29082:h6063/p1 transient_delta=1
2026-09-07 21:11:28 OK port 29080 [quick] height=6071 peers=2 p2p=inconsistent aligned=True failed=
2026-09-07 21:11:28 OK port 29081 [quick] height=6070 peers=2 p2p=inconsistent aligned=True failed=peer_probe_ok,p2p_state_consistent
2026-09-07 21:11:28 OK port 29082 [quick] height=6070 peers=2 p2p=inconsistent aligned=True failed=peer_probe_ok,p2p_state_consistent
2026-09-07 21:11:28 OK mesh aligned 29080:h6071/p2 29081:h6070/p2 29082:h6070/p2 transient_delta=1
2026-09-07 21:16:50 OK port 29080 [quick] height=6076 peers=2 p2p=inconsistent aligned=True failed=peer_probe_ok,p2p_state_consistent
2026-09-07 21:16:50 OK port 29081 [quick] height=6076 peers=2 p2p=inconsistent aligned=True failed=peer_probe_ok,p2p_state_consistent
2026-09-07 21:16:50 OK port 29082 [quick] height=6076 peers=2 p2p=aligned aligned=True failed=
2026-09-07 21:16:50 OK mesh aligned 29080:h6076/p2 29081:h6076/p2 29082:h6076/p2
2026-09-07 21:22:00 WARN OK port 29080 [quick] height=6082 peers=2 p2p=inconsistent aligned=False failed=harness_timeout
2026-09-07 21:22:00 OK port 29081 [quick] height=6082 peers=2 p2p=inconsistent aligned=True failed=peer_probe_ok,p2p_state_consistent
2026-09-07 21:22:00 OK port 29082 [quick] height=6082 peers=2 p2p=aligned aligned=True failed=
2026-09-07 21:22:00 OK mesh aligned 29080:h6082/p2 29081:h6082/p2 29082:h6082/p2
2026-09-07 21:27:04 OK port 29080 [quick] height=6088 peers=2 p2p=inconsistent aligned=True failed=
2026-09-07 21:27:04 OK port 29081 [quick] height=6088 peers=2 p2p=inconsistent aligned=True failed=peer_probe_ok,p2p_state_consistent
2026-09-07 21:27:04 OK port 29082 [quick] height=6088 peers=2 p2p=aligned aligned=True failed=
2026-09-07 21:27:04 OK mesh aligned 29080:h6088/p2 29081:h6088/p2 29082:h6088/p2
2026-09-07 21:32:19 OK port 29080 [quick] height=6095 peers=2 p2p=inconsistent aligned=True failed=
2026-09-07 21:32:19 OK port 29081 [quick] height=6095 peers=2 p2p=inconsistent aligned=True failed=
2026-09-07 21:32:19 OK port 29082 [quick] height=6095 peers=2 p2p=aligned aligned=True failed=
2026-09-07 21:32:19 OK mesh aligned 29080:h6095/p2 29081:h6095/p2 29082:h6095/p2
2026-09-07 21:37:21 OK port 29080 [full] height=6102 peers=2 p2p=aligned aligned=True failed=
2026-09-07 21:37:21 OK port 29081 [full] height=6102 peers=1 p2p=single_peer_dev aligned=True failed=
2026-09-07 21:37:21 OK port 29082 [full] height=6102 peers=1 p2p=single_peer_dev aligned=True failed=
2026-09-07 21:37:21 OK mesh aligned 29080:h6102/p2 29081:h6102/p1 29082:h6102/p1
2026-09-07 21:42:32 OK port 29080 [quick] height=6109 peers=2 p2p=aligned aligned=True failed=
2026-09-07 21:42:32 OK port 29081 [quick] height=6109 peers=2 p2p=aligned aligned=True failed=
2026-09-07 21:42:32 OK port 29082 [quick] height=6109 peers=2 p2p=aligned aligned=True failed=
2026-09-07 21:42:33 OK mesh aligned 29080:h6109/p2 29081:h6109/p2 29082:h6109/p2
2026-09-07 21:47:48 OK port 29080 [quick] height=6117 peers=2 p2p=inconsistent aligned=True failed=
2026-09-07 21:47:48 OK port 29081 [quick] height=6116 peers=2 p2p=aligned aligned=True failed=
2026-09-07 21:47:48 OK port 29082 [quick] height=6116 peers=2 p2p=aligned aligned=True failed=
2026-09-07 21:47:48 OK mesh aligned 29080:h6117/p2 29081:h6116/p2 29082:h6116/p2 transient_delta=1
2026-09-07 21:52:52 OK port 29080 [quick] height=6123 peers=2 p2p=aligned aligned=True failed=
2026-09-07 21:52:52 OK port 29081 [quick] height=6123 peers=2 p2p=aligned aligned=True failed=
2026-09-07 21:52:52 OK port 29082 [quick] height=6123 peers=2 p2p=aligned aligned=True failed=
2026-09-07 21:52:52 OK mesh aligned 29080:h6123/p2 29081:h6123/p2 29082:h6123/p2
2026-09-07 21:58:09 OK port 29080 [quick] height=6130 peers=2 p2p=inconsistent aligned=True failed=
2026-09-07 21:58:09 OK port 29081 [quick] height=6129 peers=2 p2p=inconsistent aligned=True failed=
2026-09-07 21:58:09 OK port 29082 [quick] height=6129 peers=2 p2p=inconsistent aligned=True failed=peer_probe_ok,p2p_state_consistent
2026-09-07 21:58:09 OK mesh aligned 29080:h6130/p2 29081:h6129/p2 29082:h6129/p2 transient_delta=1
2026-09-07 22:03:14 OK port 29080 [quick] height=6136 peers=2 p2p=aligned aligned=True failed=
2026-09-07 22:03:14 OK port 29081 [quick] height=6136 peers=2 p2p=aligned aligned=True failed=
2026-09-07 22:03:14 OK port 29082 [quick] height=6136 peers=2 p2p=aligned aligned=True failed=
2026-09-07 22:03:14 OK mesh aligned 29080:h6136/p2 29081:h6136/p2 29082:h6136/p2
2026-09-07 22:08:33 OK port 29080 [full] height=6143 peers=2 p2p=aligned aligned=True failed=peer_probe_ok
2026-09-07 22:08:33 OK port 29081 [full] height=6143 peers=2 p2p=aligned aligned=True failed=peer_probe_ok
2026-09-07 22:08:33 OK port 29082 [full] height=6143 peers=2 p2p=aligned aligned=True failed=
2026-09-07 22:08:33 OK mesh aligned 29080:h6143/p2 29081:h6143/p2 29082:h6143/p2
2026-09-07 22:13:43 WARN OK port 29080 [quick] height=6150 peers=2 p2p=inconsistent aligned=False failed=harness_timeout
2026-09-07 22:13:43 OK port 29081 [quick] height=6149 peers=2 p2p=inconsistent aligned=True failed=
2026-09-07 22:13:43 OK port 29082 [quick] height=6149 peers=2 p2p=inconsistent aligned=True failed=
2026-09-07 22:13:43 OK mesh aligned 29080:h6150/p2 29081:h6149/p2 29082:h6149/p2 transient_delta=1
2026-09-07 22:18:58 OK port 29080 [quick] height=6158 peers=2 p2p=inconsistent aligned=True failed=
2026-09-07 22:18:58 WARN OK port 29081 [quick] height=6157 peers=1 p2p=single_peer_dev aligned=False failed=harness_timeout
2026-09-07 22:18:58 WARN OK port 29082 [quick] height=6157 peers=1 p2p=single_peer_dev aligned=False failed=harness_timeout
2026-09-07 22:18:58 OK mesh aligned 29080:h6158/p2 29081:h6157/p1 29082:h6157/p1 transient_delta=1
2026-09-07 22:24:06 OK port 29080 [quick] height=6165 peers=2 p2p=inconsistent aligned=True failed=
2026-09-07 22:24:06 OK port 29081 [quick] height=6164 peers=2 p2p=inconsistent aligned=True failed=
2026-09-07 22:24:06 OK port 29082 [quick] height=6164 peers=2 p2p=aligned aligned=True failed=
2026-09-07 22:24:06 OK mesh aligned 29080:h6165/p2 29081:h6164/p2 29082:h6164/p2 transient_delta=1
2026-09-07 22:29:16 WARN OK port 29080 [quick] height=6171 peers=2 p2p=inconsistent aligned=False failed=harness_timeout
2026-09-07 22:29:16 OK port 29081 [quick] height=6171 peers=2 p2p=aligned aligned=True failed=
2026-09-07 22:29:16 OK port 29082 [quick] height=6171 peers=2 p2p=aligned aligned=True failed=
2026-09-07 22:29:16 OK mesh aligned 29080:h6171/p2 29081:h6171/p2 29082:h6171/p2
2026-09-07 22:34:32 OK port 29080 [quick] height=6178 peers=2 p2p=inconsistent aligned=True failed=peer_probe_ok,p2p_state_consistent
2026-09-07 22:34:32 OK port 29081 [quick] height=6178 peers=2 p2p=aligned aligned=True failed=
2026-09-07 22:34:32 OK port 29082 [quick] height=6178 peers=2 p2p=aligned aligned=True failed=
2026-09-07 22:34:32 OK mesh aligned 29080:h6178/p2 29081:h6178/p2 29082:h6178/p2
2026-09-07 22:39:59 OK port 29080 [full] height=6185 peers=2 p2p=inconsistent aligned=True failed=peer_probe_ok
2026-09-07 22:39:59 OK port 29081 [full] height=6185 peers=2 p2p=inconsistent aligned=True failed=peer_probe_ok
2026-09-07 22:39:59 OK port 29082 [full] height=6185 peers=2 p2p=inconsistent aligned=True failed=
2026-09-07 22:39:59 OK mesh aligned 29080:h6185/p2 29081:h6185/p2 29082:h6185/p2
2026-09-07 22:45:24 OK port 29080 [quick] height=6192 peers=2 p2p=inconsistent aligned=True failed=peer_probe_ok,p2p_state_consistent
2026-09-07 22:45:24 OK port 29081 [quick] height=6192 peers=2 p2p=inconsistent aligned=True failed=peer_probe_ok,p2p_state_consistent
2026-09-07 22:45:24 OK port 29082 [quick] height=6192 peers=2 p2p=aligned aligned=True failed=
2026-09-07 22:45:24 OK mesh aligned 29080:h6192/p2 29081:h6192/p2 29082:h6192/p2
2026-09-07 22:50:47 OK port 29080 [quick] height=6199 peers=2 p2p=aligned aligned=True failed=
2026-09-07 22:50:47 OK port 29081 [quick] height=6199 peers=2 p2p=aligned aligned=True failed=
2026-09-07 22:50:47 OK port 29082 [quick] height=6199 peers=2 p2p=aligned aligned=True failed=
2026-09-07 22:50:47 OK mesh aligned 29080:h6199/p2 29081:h6199/p2 29082:h6199/p2
2026-09-07 22:56:04 OK port 29080 [quick] height=6206 peers=2 p2p=inconsistent aligned=True failed=
2026-09-07 22:56:04 OK port 29081 [quick] height=6206 peers=2 p2p=aligned aligned=True failed=
2026-09-07 22:56:04 OK port 29082 [quick] height=6206 peers=2 p2p=inconsistent aligned=True failed=
2026-09-07 22:56:04 OK mesh aligned 29080:h6206/p2 29081:h6206/p2 29082:h6206/p2
2026-09-07 23:01:21 OK port 29080 [quick] height=6213 peers=2 p2p=inconsistent aligned=True failed=
2026-09-07 23:01:21 WARN OK port 29081 [quick] height=6213 peers=2 p2p=aligned aligned=False failed=harness_timeout
2026-09-07 23:01:21 OK port 29082 [quick] height=6213 peers=2 p2p=inconsistent aligned=True failed=
2026-09-07 23:01:21 OK mesh aligned 29080:h6213/p2 29081:h6213/p2 29082:h6213/p2
2026-09-07 23:06:35 OK port 29080 [quick] height=6220 peers=2 p2p=inconsistent aligned=True failed=peer_probe_ok,p2p_state_consistent
2026-09-07 23:06:35 OK port 29081 [quick] height=6220 peers=2 p2p=inconsistent aligned=True failed=
2026-09-07 23:06:35 WARN OK port 29082 [quick] height=6220 peers=2 p2p=inconsistent aligned=False failed=harness_timeout
2026-09-07 23:06:35 OK mesh aligned 29080:h6220/p2 29081:h6220/p2 29082:h6220/p2
2026-09-07 23:11:47 OK port 29080 [full] height=6227 peers=2 p2p=inconsistent aligned=True failed=peer_probe_ok
2026-09-07 23:11:47 OK port 29081 [full] height=6226 peers=2 p2p=inconsistent aligned=True failed=peer_probe_ok
2026-09-07 23:11:47 OK port 29082 [full] height=6226 peers=2 p2p=inconsistent aligned=True failed=peer_probe_ok
2026-09-07 23:11:47 OK mesh aligned 29080:h6227/p2 29081:h6226/p2 29082:h6226/p2 transient_delta=1
2026-09-07 23:17:09 OK port 29080 [quick] height=6234 peers=2 p2p=inconsistent aligned=True failed=
2026-09-07 23:17:09 OK port 29081 [quick] height=6233 peers=2 p2p=inconsistent aligned=True failed=peer_probe_ok,p2p_state_consistent
2026-09-07 23:17:09 OK port 29082 [quick] height=6233 peers=2 p2p=aligned aligned=True failed=
2026-09-07 23:17:09 OK mesh aligned 29080:h6234/p2 29081:h6233/p2 29082:h6233/p2 transient_delta=1
2026-09-07 23:22:31 OK port 29080 [quick] height=6240 peers=2 p2p=inconsistent aligned=True failed=peer_probe_ok,p2p_state_consistent
2026-09-07 23:22:31 OK port 29081 [quick] height=6240 peers=2 p2p=aligned aligned=True failed=
2026-09-07 23:22:31 OK port 29082 [quick] height=6240 peers=2 p2p=aligned aligned=True failed=
2026-09-07 23:22:31 OK mesh aligned 29080:h6240/p2 29081:h6240/p2 29082:h6240/p2
2026-09-07 23:27:48 OK port 29080 [quick] height=6247 peers=2 p2p=inconsistent aligned=True failed=
2026-09-07 23:27:48 OK port 29081 [quick] height=6247 peers=2 p2p=aligned aligned=True failed=
2026-09-07 23:27:48 OK port 29082 [quick] height=6247 peers=2 p2p=inconsistent aligned=True failed=
2026-09-07 23:27:48 OK mesh aligned 29080:h6247/p2 29081:h6247/p2 29082:h6247/p2
2026-09-07 23:33:02 OK port 29080 [quick] height=6253 peers=2 p2p=aligned aligned=True failed=
2026-09-07 23:33:02 OK port 29081 [quick] height=6253 peers=2 p2p=inconsistent aligned=True failed=
2026-09-07 23:33:02 OK port 29082 [quick] height=6253 peers=2 p2p=inconsistent aligned=True failed=peer_probe_ok,p2p_state_consistent
2026-09-07 23:33:02 OK mesh aligned 29080:h6253/p2 29081:h6253/p2 29082:h6253/p2
2026-09-07 23:38:06 OK port 29080 [quick] height=6258 peers=2 p2p=aligned aligned=True failed=
2026-09-07 23:38:06 OK port 29081 [quick] height=6258 peers=1 p2p=single_peer_dev aligned=True failed=peer_probe_ok,p2p_state_consistent
2026-09-07 23:38:06 OK port 29082 [quick] height=6258 peers=1 p2p=single_peer_dev aligned=True failed=
2026-09-07 23:38:06 OK mesh aligned 29080:h6258/p2 29081:h6258/p1 29082:h6258/p1
2026-09-07 23:43:33 OK port 29080 [full] height=6265 peers=2 p2p=aligned aligned=True failed=
2026-09-07 23:43:33 OK port 29081 [full] height=6265 peers=1 p2p=single_peer_dev aligned=True failed=peer_probe_ok,p2p_state_consistent
2026-09-07 23:43:33 WARN OK port 29082 [full] height=6265 peers=1 p2p=single_peer_dev aligned=False failed=harness_timeout
2026-09-07 23:43:33 OK mesh aligned 29080:h6265/p2 29081:h6265/p1 29082:h6265/p1
2026-09-07 23:48:55 OK port 29080 [quick] height=6273 peers=2 p2p=inconsistent aligned=True failed=
2026-09-07 23:48:55 OK port 29081 [quick] height=6272 peers=1 p2p=single_peer_dev aligned=True failed=peer_probe_ok,p2p_state_consistent
2026-09-07 23:48:55 OK port 29082 [quick] height=6273 peers=1 p2p=single_peer_dev aligned=True failed=peer_probe_ok,p2p_state_consistent
2026-09-07 23:48:55 OK mesh aligned 29080:h6273/p2 29081:h6272/p1 29082:h6273/p1 transient_delta=1
2026-09-07 23:54:09 OK port 29080 [quick] height=6280 peers=2 p2p=inconsistent aligned=True failed=
2026-09-07 23:54:09 OK port 29081 [quick] height=6279 peers=2 p2p=inconsistent aligned=True failed=
2026-09-07 23:54:09 OK port 29082 [quick] height=6280 peers=2 p2p=inconsistent aligned=True failed=
2026-09-07 23:54:09 OK mesh aligned 29080:h6280/p2 29081:h6279/p2 29082:h6280/p2 transient_delta=1
2026-09-07 23:59:34 OK port 29080 [quick] height=6287 peers=2 p2p=inconsistent aligned=True failed=
2026-09-07 23:59:34 OK port 29081 [quick] height=6286 peers=1 p2p=single_peer_dev aligned=True failed=peer_probe_ok,p2p_state_consistent
2026-09-07 23:59:34 OK port 29082 [quick] height=6286 peers=1 p2p=single_peer_dev aligned=True failed=peer_probe_ok,p2p_state_consistent
2026-09-07 23:59:34 OK mesh aligned 29080:h6287/p2 29081:h6286/p1 29082:h6286/p1 transient_delta=1
2026-09-08 00:04:58 OK port 29080 [quick] height=6294 peers=2 p2p=inconsistent aligned=True failed=
2026-09-08 00:04:58 OK port 29081 [quick] height=6294 peers=2 p2p=aligned aligned=True failed=
2026-09-08 00:04:58 OK port 29082 [quick] height=6294 peers=2 p2p=inconsistent aligned=True failed=
2026-09-08 00:04:58 OK mesh aligned 29080:h6294/p2 29081:h6294/p2 29082:h6294/p2
2026-09-08 00:10:02 OK port 29080 [quick] height=6300 peers=2 p2p=aligned aligned=True failed=
2026-09-08 00:10:02 OK port 29081 [quick] height=6300 peers=2 p2p=aligned aligned=True failed=
2026-09-08 00:10:02 OK port 29082 [quick] height=6300 peers=2 p2p=inconsistent aligned=True failed=
2026-09-08 00:10:02 OK mesh aligned 29080:h6300/p2 29081:h6300/p2 29082:h6300/p2
2026-09-08 00:15:22 OK port 29080 [full] height=6307 peers=2 p2p=inconsistent aligned=True failed=peer_probe_ok
2026-09-08 00:15:22 OK port 29081 [full] height=6307 peers=2 p2p=aligned aligned=True failed=peer_probe_ok
2026-09-08 00:15:22 OK port 29082 [full] height=6307 peers=2 p2p=inconsistent aligned=True failed=
2026-09-08 00:15:22 OK mesh aligned 29080:h6307/p2 29081:h6307/p2 29082:h6307/p2
2026-09-08 00:20:36 OK port 29080 [quick] height=6314 peers=2 p2p=inconsistent aligned=True failed=
2026-09-08 00:20:36 OK port 29081 [quick] height=6313 peers=2 p2p=inconsistent aligned=True failed=
2026-09-08 00:20:36 OK port 29082 [quick] height=6313 peers=2 p2p=inconsistent aligned=True failed=
2026-09-08 00:20:36 OK mesh aligned 29080:h6314/p2 29081:h6313/p2 29082:h6313/p2 transient_delta=1
2026-09-08 00:25:48 OK port 29080 [quick] height=6320 peers=2 p2p=inconsistent aligned=True failed=peer_probe_ok,p2p_state_consistent
2026-09-08 00:25:48 WARN OK port 29081 [quick] height=6320 peers=2 p2p=aligned aligned=False failed=harness_timeout
2026-09-08 00:25:48 WARN OK port 29082 [quick] height=6320 peers=2 p2p=aligned aligned=False failed=harness_timeout
2026-09-08 00:25:48 OK mesh aligned 29080:h6320/p2 29081:h6320/p2 29082:h6320/p2
2026-09-08 00:30:53 OK port 29080 [quick] height=6327 peers=2 p2p=inconsistent aligned=True failed=
2026-09-08 00:30:53 OK port 29081 [quick] height=6326 peers=2 p2p=inconsistent aligned=True failed=
2026-09-08 00:30:53 OK port 29082 [quick] height=6326 peers=2 p2p=inconsistent aligned=True failed=
2026-09-08 00:30:53 OK mesh aligned 29080:h6327/p2 29081:h6326/p2 29082:h6326/p2 transient_delta=1
2026-09-08 00:36:01 OK port 29080 [quick] height=6334 peers=2 p2p=inconsistent aligned=True failed=
2026-09-08 00:36:01 OK port 29081 [quick] height=6333 peers=1 p2p=single_peer_dev aligned=True failed=peer_probe_ok,p2p_state_consistent
2026-09-08 00:36:01 OK port 29082 [quick] height=6333 peers=1 p2p=single_peer_dev aligned=True failed=peer_probe_ok,p2p_state_consistent
2026-09-08 00:36:01 OK mesh aligned 29080:h6334/p2 29081:h6333/p1 29082:h6333/p1 transient_delta=1
2026-09-08 00:41:11 WARN OK port 29080 [quick] height=6340 peers=2 p2p=inconsistent aligned=False failed=harness_timeout
2026-09-08 00:41:11 OK port 29081 [quick] height=6340 peers=2 p2p=inconsistent aligned=True failed=
2026-09-08 00:41:11 OK port 29082 [quick] height=6340 peers=2 p2p=inconsistent aligned=True failed=
2026-09-08 00:41:11 OK mesh aligned 29080:h6340/p2 29081:h6340/p2 29082:h6340/p2
2026-09-08 00:46:19 OK port 29080 [full] height=6346 peers=2 p2p=aligned aligned=True failed=
2026-09-08 00:46:19 OK port 29081 [full] height=6346 peers=2 p2p=aligned aligned=True failed=
2026-09-08 00:46:19 OK port 29082 [full] height=6346 peers=2 p2p=aligned aligned=True failed=
2026-09-08 00:46:19 OK mesh aligned 29080:h6346/p2 29081:h6346/p2 29082:h6346/p2
2026-09-08 00:51:34 OK port 29080 [quick] height=6352 peers=2 p2p=aligned aligned=True failed=
2026-09-08 00:51:34 OK port 29081 [quick] height=6352 peers=2 p2p=aligned aligned=True failed=
2026-09-08 00:51:34 OK port 29082 [quick] height=6352 peers=2 p2p=aligned aligned=True failed=
2026-09-08 00:51:34 OK mesh aligned 29080:h6352/p2 29081:h6352/p2 29082:h6352/p2
2026-09-08 00:56:40 OK port 29080 [quick] height=6358 peers=2 p2p=inconsistent aligned=True failed=
2026-09-08 00:56:40 OK port 29081 [quick] height=6357 peers=2 p2p=inconsistent aligned=True failed=
2026-09-08 00:56:40 OK port 29082 [quick] height=6357 peers=2 p2p=inconsistent aligned=True failed=
2026-09-08 00:56:40 OK mesh aligned 29080:h6358/p2 29081:h6357/p2 29082:h6357/p2 transient_delta=1
2026-09-08 01:02:04 OK port 29080 [quick] height=6364 peers=2 p2p=inconsistent aligned=True failed=peer_probe_ok,p2p_state_consistent
2026-09-08 01:02:04 OK port 29081 [quick] height=6364 peers=2 p2p=inconsistent aligned=True failed=
2026-09-08 01:02:04 OK port 29082 [quick] height=6364 peers=2 p2p=aligned aligned=True failed=
2026-09-08 01:02:04 OK mesh aligned 29080:h6364/p2 29081:h6364/p2 29082:h6364/p2
2026-09-08 01:07:07 OK port 29080 [quick] height=6370 peers=2 p2p=inconsistent aligned=True failed=
2026-09-08 01:07:07 OK port 29081 [quick] height=6370 peers=2 p2p=aligned aligned=True failed=
2026-09-08 01:07:07 OK port 29082 [quick] height=6370 peers=2 p2p=inconsistent aligned=True failed=
2026-09-08 01:07:07 OK mesh aligned 29080:h6370/p2 29081:h6370/p2 29082:h6370/p2
2026-09-08 01:12:28 OK port 29080 [quick] height=6376 peers=2 p2p=inconsistent aligned=True failed=
2026-09-08 01:12:28 OK port 29081 [quick] height=6375 peers=2 p2p=inconsistent aligned=True failed=
2026-09-08 01:12:28 OK port 29082 [quick] height=6375 peers=2 p2p=inconsistent aligned=True failed=
2026-09-08 01:12:28 OK mesh aligned 29080:h6376/p2 29081:h6375/p2 29082:h6375/p2 transient_delta=1
2026-09-08 01:17:48 OK port 29080 [full] height=6383 peers=2 p2p=inconsistent aligned=True failed=peer_probe_ok
2026-09-08 01:17:48 OK port 29081 [full] height=6382 peers=1 p2p=single_peer_dev aligned=True failed=peer_probe_ok,p2p_state_consistent
2026-09-08 01:17:48 OK port 29082 [full] height=6382 peers=1 p2p=single_peer_dev aligned=True failed=
2026-09-08 01:17:48 OK mesh aligned 29080:h6383/p2 29081:h6382/p1 29082:h6382/p1 transient_delta=1
2026-09-08 01:22:53 OK port 29080 [quick] height=6388 peers=2 p2p=aligned aligned=True failed=
2026-09-08 01:22:53 OK port 29081 [quick] height=6388 peers=2 p2p=aligned aligned=True failed=
2026-09-08 01:22:53 OK port 29082 [quick] height=6388 peers=2 p2p=aligned aligned=True failed=
2026-09-08 01:22:53 OK mesh aligned 29080:h6388/p2 29081:h6388/p2 29082:h6388/p2
2026-09-08 01:28:17 OK port 29080 [quick] height=6395 peers=2 p2p=inconsistent aligned=True failed=peer_probe_ok,p2p_state_consistent
2026-09-08 01:28:17 OK port 29081 [quick] height=6394 peers=2 p2p=inconsistent aligned=True failed=peer_probe_ok,p2p_state_consistent
2026-09-08 01:28:17 OK port 29082 [quick] height=6395 peers=2 p2p=inconsistent aligned=True failed=peer_probe_ok,p2p_state_consistent
2026-09-08 01:28:17 OK mesh aligned 29080:h6395/p2 29081:h6394/p2 29082:h6395/p2 transient_delta=1
2026-09-08 01:33:39 OK port 29080 [quick] height=6401 peers=2 p2p=inconsistent aligned=True failed=peer_probe_ok,p2p_state_consistent
2026-09-08 01:33:39 OK port 29081 [quick] height=6400 peers=2 p2p=inconsistent aligned=True failed=
2026-09-08 01:33:39 OK port 29082 [quick] height=6401 peers=2 p2p=inconsistent aligned=True failed=peer_probe_ok,p2p_state_consistent
2026-09-08 01:33:39 OK mesh aligned 29080:h6401/p2 29081:h6400/p2 29082:h6401/p2 transient_delta=1
2026-09-08 01:38:45 OK port 29080 [quick] height=6407 peers=1 p2p=single_peer_dev aligned=True failed=peer_probe_ok,p2p_state_consistent
2026-09-08 01:38:45 OK port 29081 [quick] height=6406 peers=2 p2p=inconsistent aligned=True failed=peer_probe_ok,p2p_state_consistent
2026-09-08 01:38:45 OK port 29082 [quick] height=6406 peers=1 p2p=single_peer_dev aligned=True failed=peer_probe_ok,p2p_state_consistent
2026-09-08 01:38:45 OK mesh aligned 29080:h6407/p1 29081:h6406/p2 29082:h6406/p1 transient_delta=1
2026-09-08 01:44:08 OK port 29080 [quick] height=6414 peers=2 p2p=inconsistent aligned=True failed=
2026-09-08 01:44:08 OK port 29081 [quick] height=6413 peers=1 p2p=single_peer_dev aligned=True failed=peer_probe_ok,p2p_state_consistent
2026-09-08 01:44:08 OK port 29082 [quick] height=6413 peers=1 p2p=single_peer_dev aligned=True failed=peer_probe_ok,p2p_state_consistent
2026-09-08 01:44:08 OK mesh aligned 29080:h6414/p2 29081:h6413/p1 29082:h6413/p1 transient_delta=1
2026-09-08 01:49:17 OK port 29080 [full] height=6419 peers=2 p2p=inconsistent aligned=True failed=
2026-09-08 01:49:17 OK port 29081 [full] height=6419 peers=2 p2p=aligned aligned=True failed=
2026-09-08 01:49:17 OK port 29082 [full] height=6419 peers=2 p2p=aligned aligned=True failed=
2026-09-08 01:49:17 OK mesh aligned 29080:h6419/p2 29081:h6419/p2 29082:h6419/p2
2026-09-08 01:54:19 OK port 29080 [quick] height=6425 peers=2 p2p=aligned aligned=True failed=
2026-09-08 01:54:19 OK port 29081 [quick] height=6425 peers=2 p2p=aligned aligned=True failed=
2026-09-08 01:54:19 OK port 29082 [quick] height=6425 peers=2 p2p=aligned aligned=True failed=
2026-09-08 01:54:19 OK mesh aligned 29080:h6425/p2 29081:h6425/p2 29082:h6425/p2
2026-09-08 01:59:27 OK port 29080 [quick] height=6431 peers=2 p2p=aligned aligned=True failed=
2026-09-08 01:59:27 OK port 29081 [quick] height=6431 peers=2 p2p=aligned aligned=True failed=
2026-09-08 01:59:27 OK port 29082 [quick] height=6431 peers=2 p2p=aligned aligned=True failed=
2026-09-08 01:59:27 OK mesh aligned 29080:h6431/p2 29081:h6431/p2 29082:h6431/p2
2026-09-08 02:04:32 OK port 29080 [quick] height=6438 peers=2 p2p=inconsistent aligned=True failed=
2026-09-08 02:04:32 OK port 29081 [quick] height=6437 peers=2 p2p=inconsistent aligned=True failed=
2026-09-08 02:04:32 OK port 29082 [quick] height=6437 peers=2 p2p=inconsistent aligned=True failed=
2026-09-08 02:04:32 OK mesh aligned 29080:h6438/p2 29081:h6437/p2 29082:h6437/p2 transient_delta=1
2026-09-08 02:09:44 OK port 29080 [quick] height=6444 peers=2 p2p=inconsistent aligned=True failed=peer_probe_ok,p2p_state_consistent
2026-09-08 02:09:44 OK port 29081 [quick] height=6443 peers=2 p2p=inconsistent aligned=True failed=
2026-09-08 02:09:44 WARN OK port 29082 [quick] height=6444 peers=2 p2p=inconsistent aligned=False failed=harness_timeout
2026-09-08 02:09:44 OK mesh aligned 29080:h6444/p2 29081:h6443/p2 29082:h6444/p2 transient_delta=1
2026-09-08 02:15:06 OK port 29080 [quick] height=6450 peers=2 p2p=aligned aligned=True failed=
2026-09-08 02:15:06 OK port 29081 [quick] height=6449 peers=2 p2p=inconsistent aligned=True failed=
2026-09-08 02:15:06 OK port 29082 [quick] height=6449 peers=2 p2p=inconsistent aligned=True failed=
2026-09-08 02:15:06 OK mesh aligned 29080:h6450/p2 29081:h6449/p2 29082:h6449/p2 transient_delta=1
2026-09-08 02:20:22 OK port 29080 [full] height=6455 peers=2 p2p=aligned aligned=True failed=peer_probe_ok
2026-09-08 02:20:22 OK port 29081 [full] height=6455 peers=2 p2p=aligned aligned=True failed=peer_probe_ok
2026-09-08 02:20:22 OK port 29082 [full] height=6455 peers=2 p2p=aligned aligned=True failed=peer_probe_ok
2026-09-08 02:20:22 OK mesh aligned 29080:h6455/p2 29081:h6455/p2 29082:h6455/p2
2026-09-08 02:25:45 OK port 29080 [quick] height=6462 peers=2 p2p=inconsistent aligned=True failed=peer_probe_ok,p2p_state_consistent
2026-09-08 02:25:45 OK port 29081 [quick] height=6462 peers=2 p2p=inconsistent aligned=True failed=
2026-09-08 02:25:45 OK port 29082 [quick] height=6462 peers=2 p2p=aligned aligned=True failed=
2026-09-08 02:25:45 OK mesh aligned 29080:h6462/p2 29081:h6462/p2 29082:h6462/p2
2026-09-08 02:30:49 OK port 29080 [quick] height=6468 peers=2 p2p=inconsistent aligned=True failed=peer_probe_ok,p2p_state_consistent
2026-09-08 02:30:49 OK port 29081 [quick] height=6468 peers=2 p2p=aligned aligned=True failed=
2026-09-08 02:30:49 OK port 29082 [quick] height=6468 peers=2 p2p=aligned aligned=True failed=
2026-09-08 02:30:49 OK mesh aligned 29080:h6468/p2 29081:h6468/p2 29082:h6468/p2
2026-09-08 02:35:50 OK port 29080 [quick] height=6474 peers=2 p2p=aligned aligned=True failed=
2026-09-08 02:35:50 OK port 29081 [quick] height=6474 peers=2 p2p=aligned aligned=True failed=
2026-09-08 02:35:50 OK port 29082 [quick] height=6474 peers=2 p2p=aligned aligned=True failed=
2026-09-08 02:35:50 OK mesh aligned 29080:h6474/p2 29081:h6474/p2 29082:h6474/p2
2026-09-08 02:41:01 WARN OK port 29080 [quick] height=6481 peers=2 p2p=inconsistent aligned=False failed=harness_timeout
2026-09-08 02:41:01 OK port 29081 [quick] height=6480 peers=2 p2p=inconsistent aligned=True failed=
2026-09-08 02:41:01 OK port 29082 [quick] height=6480 peers=2 p2p=inconsistent aligned=True failed=
2026-09-08 02:41:01 OK mesh aligned 29080:h6481/p2 29081:h6480/p2 29082:h6480/p2 transient_delta=1
2026-09-08 02:46:08 OK port 29080 [quick] height=6487 peers=2 p2p=inconsistent aligned=True failed=peer_probe_ok,p2p_state_consistent
2026-09-08 02:46:08 OK port 29081 [quick] height=6487 peers=2 p2p=inconsistent aligned=True failed=
2026-09-08 02:46:08 OK port 29082 [quick] height=6487 peers=2 p2p=aligned aligned=True failed=
2026-09-08 02:46:08 OK mesh aligned 29080:h6487/p2 29081:h6487/p2 29082:h6487/p2
2026-09-08 02:51:21 OK port 29080 [full] height=6493 peers=2 p2p=inconsistent aligned=True failed=peer_probe_ok,p2p_state_consistent
2026-09-08 02:51:21 OK port 29081 [full] height=6492 peers=2 p2p=inconsistent aligned=True failed=peer_probe_ok
2026-09-08 02:51:21 OK port 29082 [full] height=6492 peers=2 p2p=inconsistent aligned=True failed=peer_probe_ok
2026-09-08 02:51:21 OK mesh aligned 29080:h6493/p2 29081:h6492/p2 29082:h6492/p2 transient_delta=1
2026-09-08 02:56:36 OK port 29080 [quick] height=6499 peers=2 p2p=inconsistent aligned=True failed=peer_probe_ok,p2p_state_consistent
2026-09-08 02:56:36 OK port 29081 [quick] height=6499 peers=1 p2p=single_peer_dev aligned=True failed=
2026-09-08 02:56:36 OK port 29082 [quick] height=6499 peers=1 p2p=single_peer_dev aligned=True failed=peer_probe_ok,p2p_state_consistent
2026-09-08 02:56:36 OK mesh aligned 29080:h6499/p2 29081:h6499/p1 29082:h6499/p1
2026-09-08 03:01:44 OK port 29080 [quick] height=6506 peers=2 p2p=inconsistent aligned=True failed=
2026-09-08 03:01:44 OK port 29081 [quick] height=6505 peers=2 p2p=inconsistent aligned=True failed=
2026-09-08 03:01:44 OK port 29082 [quick] height=6505 peers=2 p2p=inconsistent aligned=True failed=
2026-09-08 03:01:44 OK mesh aligned 29080:h6506/p2 29081:h6505/p2 29082:h6505/p2 transient_delta=1
2026-09-08 03:07:06 OK port 29080 [quick] height=6512 peers=2 p2p=aligned aligned=True failed=
2026-09-08 03:07:06 OK port 29081 [quick] height=6512 peers=2 p2p=aligned aligned=True failed=
2026-09-08 03:07:06 OK port 29082 [quick] height=6512 peers=2 p2p=inconsistent aligned=True failed=peer_probe_ok,p2p_state_consistent
2026-09-08 03:07:06 OK mesh aligned 29080:h6512/p2 29081:h6512/p2 29082:h6512/p2
2026-09-08 03:12:14 OK port 29080 [quick] height=6518 peers=2 p2p=inconsistent aligned=True failed=peer_probe_ok,p2p_state_consistent
2026-09-08 03:12:14 OK port 29081 [quick] height=6518 peers=2 p2p=aligned aligned=True failed=
2026-09-08 03:12:14 OK port 29082 [quick] height=6518 peers=2 p2p=inconsistent aligned=True failed=peer_probe_ok,p2p_state_consistent
2026-09-08 03:12:14 OK mesh aligned 29080:h6518/p2 29081:h6518/p2 29082:h6518/p2
2026-09-08 03:17:18 OK port 29080 [quick] height=6524 peers=2 p2p=inconsistent aligned=True failed=peer_probe_ok,p2p_state_consistent
2026-09-08 03:17:18 OK port 29081 [quick] height=6524 peers=2 p2p=aligned aligned=True failed=
2026-09-08 03:17:18 OK port 29082 [quick] height=6524 peers=2 p2p=aligned aligned=True failed=
2026-09-08 03:17:18 OK mesh aligned 29080:h6524/p2 29081:h6524/p2 29082:h6524/p2
2026-09-08 03:22:26 OK port 29080 [full] height=6530 peers=2 p2p=inconsistent aligned=True failed=
2026-09-08 03:22:26 OK port 29081 [full] height=6530 peers=2 p2p=inconsistent aligned=True failed=
2026-09-08 03:22:26 OK port 29082 [full] height=6530 peers=2 p2p=aligned aligned=True failed=
2026-09-08 03:22:26 OK mesh aligned 29080:h6530/p2 29081:h6530/p2 29082:h6530/p2
2026-09-08 03:27:48 OK port 29080 [quick] height=6537 peers=2 p2p=inconsistent aligned=True failed=
2026-09-08 03:27:48 OK port 29081 [quick] height=6537 peers=1 p2p=single_peer_dev aligned=True failed=
2026-09-08 03:27:48 OK port 29082 [quick] height=6537 peers=1 p2p=single_peer_dev aligned=True failed=peer_probe_ok,p2p_state_consistent
2026-09-08 03:27:48 OK mesh aligned 29080:h6537/p2 29081:h6537/p1 29082:h6537/p1
2026-09-08 03:33:03 OK port 29080 [quick] height=6543 peers=2 p2p=inconsistent aligned=True failed=
2026-09-08 03:33:03 OK port 29081 [quick] height=6542 peers=2 p2p=inconsistent aligned=True failed=
2026-09-08 03:33:03 OK port 29082 [quick] height=6543 peers=2 p2p=inconsistent aligned=True failed=peer_probe_ok,p2p_state_consistent
2026-09-08 03:33:03 OK mesh aligned 29080:h6543/p2 29081:h6542/p2 29082:h6543/p2 transient_delta=1
2026-09-08 03:38:16 OK port 29080 [quick] height=6548 peers=2 p2p=inconsistent aligned=True failed=peer_probe_ok,p2p_state_consistent
2026-09-08 03:38:16 OK port 29081 [quick] height=6548 peers=2 p2p=aligned aligned=True failed=
2026-09-08 03:38:16 OK port 29082 [quick] height=6548 peers=2 p2p=aligned aligned=True failed=
2026-09-08 03:38:16 OK mesh aligned 29080:h6548/p2 29081:h6548/p2 29082:h6548/p2
2026-09-08 03:43:28 OK port 29080 [quick] height=6553 peers=2 p2p=aligned aligned=True failed=
2026-09-08 03:43:28 OK port 29081 [quick] height=6553 peers=2 p2p=inconsistent aligned=True failed=peer_probe_ok,p2p_state_consistent
2026-09-08 03:43:28 OK port 29082 [quick] height=6553 peers=2 p2p=aligned aligned=True failed=
2026-09-08 03:43:28 OK mesh aligned 29080:h6553/p2 29081:h6553/p2 29082:h6553/p2
2026-09-08 03:48:33 OK port 29080 [quick] height=6559 peers=2 p2p=inconsistent aligned=True failed=peer_probe_ok,p2p_state_consistent
2026-09-08 03:48:33 OK port 29081 [quick] height=6559 peers=2 p2p=inconsistent aligned=True failed=
2026-09-08 03:48:33 OK port 29082 [quick] height=6559 peers=2 p2p=aligned aligned=True failed=
2026-09-08 03:48:33 OK mesh aligned 29080:h6559/p2 29081:h6559/p2 29082:h6559/p2
2026-09-08 03:53:53 OK port 29080 [full] height=6565 peers=2 p2p=inconsistent aligned=True failed=peer_probe_ok,p2p_state_consistent
2026-09-08 03:53:53 OK port 29081 [full] height=6564 peers=2 p2p=inconsistent aligned=True failed=peer_probe_ok,p2p_state_consistent
2026-09-08 03:53:53 OK port 29082 [full] height=6565 peers=2 p2p=ready_fallback aligned=True failed=status_slow
2026-09-08 03:53:53 OK mesh aligned 29080:h6565/p2 29081:h6564/p2 29082:h6565/p2 transient_delta=1
2026-09-08 03:59:17 OK port 29080 [quick] height=6571 peers=2 p2p=aligned aligned=True failed=
2026-09-08 03:59:17 WARN OK port 29081 [quick] height=6571 peers=1 p2p=single_peer_dev aligned=False failed=harness_timeout
2026-09-08 03:59:17 OK port 29082 [quick] height=6571 peers=1 p2p=single_peer_dev aligned=True failed=peer_probe_ok,p2p_state_consistent
2026-09-08 03:59:17 OK mesh aligned 29080:h6571/p2 29081:h6571/p1 29082:h6571/p1
2026-09-08 04:04:46 OK port 29080 [quick] height=6579 peers=1 p2p=single_peer_dev aligned=True failed=peer_probe_ok,p2p_state_consistent
2026-09-08 04:04:46 OK port 29081 [quick] height=6579 peers=1 p2p=single_peer_dev aligned=True failed=peer_probe_ok,p2p_state_consistent
2026-09-08 04:04:46 WARN OK port 29082 [quick] height=6574 peers=0 p2p=solo aligned=True failed=ready_flap
2026-09-08 04:04:47 WARN mesh misaligned h29080=6579 h29081=6579 h29082=6574 delta=6
2026-09-08 04:10:16 OK port 29080 [quick] height=6587 peers=1 p2p=single_peer_dev aligned=True failed=
2026-09-08 04:10:16 OK port 29081 [quick] height=6586 peers=1 p2p=single_peer_dev aligned=True failed=peer_probe_ok,p2p_state_consistent
2026-09-08 04:10:16 WARN OK port 29082 [quick] height=6584 peers=0 p2p=solo aligned=True failed=ready_flap
2026-09-08 04:10:28 WARN mesh misaligned h29080=6587 h29081=6586 h29082=6584 delta=3
2026-09-08 04:15:47 OK port 29080 [quick] height=6589 peers=1 p2p=single_peer_dev aligned=True failed=
2026-09-08 04:15:47 OK port 29081 [quick] height=6588 peers=1 p2p=single_peer_dev aligned=True failed=peer_probe_ok,p2p_state_consistent
2026-09-08 04:15:47 OK port 29082 [quick] height=6588 peers=1 p2p=single_peer_dev aligned=True failed=
2026-09-08 04:15:47 OK mesh aligned 29080:h6589/p1 29081:h6588/p1 29082:h6588/p1 transient_delta=1
2026-09-08 04:20:58 WARN OK port 29080 [quick] height=6594 peers=1 p2p=single_peer_dev aligned=False failed=harness_timeout
2026-09-08 04:20:58 OK port 29081 [quick] height=6594 peers=2 p2p=inconsistent aligned=True failed=peer_probe_ok,p2p_state_consistent
2026-09-08 04:20:58 OK port 29082 [quick] height=6594 peers=1 p2p=single_peer_dev aligned=True failed=peer_probe_ok,p2p_state_consistent
2026-09-08 04:20:58 OK mesh aligned 29080:h6594/p1 29081:h6594/p2 29082:h6594/p1
2026-09-08 04:26:27 OK port 29080 [full] height=6599 peers=1 p2p=single_peer_dev aligned=True failed=
2026-09-08 04:26:27 OK port 29081 [full] height=6599 peers=1 p2p=single_peer_dev aligned=True failed=peer_probe_ok,p2p_state_consistent
2026-09-08 04:26:27 WARN OK port 29082 [full] height=6598 peers=0 p2p=solo aligned=True failed=ready_flap
2026-09-08 04:26:27 OK mesh aligned 29080:h6599/p1 29081:h6599/p1 29082:h6598/p0 transient_delta=1
2026-09-08 04:32:01 OK port 29080 [quick] height=6606 peers=1 p2p=single_peer_dev aligned=True failed=
2026-09-08 04:32:01 OK port 29081 [quick] height=6606 peers=1 p2p=single_peer_dev aligned=True failed=peer_probe_ok,p2p_state_consistent
2026-09-08 04:32:01 WARN OK port 29082 [quick] height=6604 peers=0 p2p=solo aligned=True failed=ready_flap
2026-09-08 04:32:01 OK mesh aligned 29080:h6606/p1 29081:h6606/p1 29082:h6604/p0 transient_delta=2
2026-09-08 04:37:32 OK port 29080 [quick] height=6615 peers=1 p2p=single_peer_dev aligned=True failed=
2026-09-08 04:37:32 OK port 29081 [quick] height=6616 peers=2 p2p=inconsistent aligned=True failed=ready_flap
2026-09-08 04:37:32 OK port 29082 [quick] height=6604 peers=1 p2p=single_peer_dev aligned=True failed=ready_flap
2026-09-08 04:37:36 WARN mesh misaligned h29080=6615 h29081=6616 h29082=6604 delta=12
2026-09-08 04:43:14 OK port 29080 [quick] height=6623 peers=1 p2p=single_peer_dev aligned=True failed=
2026-09-08 04:43:14 OK port 29081 [quick] height=6623 peers=1 p2p=single_peer_dev aligned=True failed=peer_probe_ok,p2p_state_consistent
2026-09-08 04:43:14 WARN OK port 29082 [quick] height=6616 peers=0 p2p=solo aligned=True failed=ready_flap
2026-09-08 04:43:17 WARN mesh misaligned h29080=6623 h29081=6623 h29082=6616 delta=8
2026-09-08 04:48:41 OK port 29080 [quick] height=6629 peers=1 p2p=single_peer_dev aligned=True failed=
2026-09-08 04:48:41 OK port 29081 [quick] height=6629 peers=1 p2p=single_peer_dev aligned=True failed=
2026-09-08 04:48:41 WARN OK port 29082 [quick] height=6624 peers=0 p2p=solo aligned=True failed=ready_flap
2026-09-08 04:48:46 WARN mesh misaligned h29080=6629 h29081=6629 h29082=6624 delta=6
2026-09-08 04:54:10 OK port 29080 [quick] height=6636 peers=1 p2p=single_peer_dev aligned=True failed=
2026-09-08 04:54:10 OK port 29081 [quick] height=6636 peers=1 p2p=single_peer_dev aligned=True failed=
2026-09-08 04:54:10 WARN OK port 29082 [quick] height=6624 peers=0 p2p=solo aligned=True failed=ready_flap
2026-09-08 04:54:15 WARN mesh misaligned h29080=6636 h29081=6636 h29082=6624 delta=13
2026-09-08 04:59:43 OK port 29080 [full] height=6645 peers=1 p2p=single_peer_dev aligned=True failed=peer_probe_ok,p2p_state_consistent
2026-09-08 04:59:43 OK port 29081 [full] height=6644 peers=1 p2p=single_peer_dev aligned=True failed=peer_probe_ok,p2p_state_consistent
2026-09-08 04:59:43 WARN OK port 29082 [full] height=6624 peers=0 p2p=solo aligned=True failed=ready_flap
2026-09-08 04:59:56 WARN mesh misaligned h29080=6645 h29081=6644 h29082=6624 delta=22
2026-09-08 05:05:32 OK port 29080 [quick] height=6653 peers=1 p2p=single_peer_dev aligned=True failed=
2026-09-08 05:05:32 OK port 29081 [quick] height=6652 peers=1 p2p=single_peer_dev aligned=True failed=peer_probe_ok,p2p_state_consistent
2026-09-08 05:05:32 WARN OK port 29082 [quick] height=6646 peers=0 p2p=solo aligned=True failed=ready_flap
2026-09-08 05:05:36 WARN mesh misaligned h29080=6653 h29081=6652 h29082=6646 delta=6
2026-09-08 05:10:44 OK port 29080 [quick] height=6660 peers=1 p2p=single_peer_dev aligned=True failed=
2026-09-08 05:10:44 OK port 29081 [quick] height=6659 peers=2 p2p=inconsistent aligned=True failed=peer_probe_ok,p2p_state_consistent
2026-09-08 05:10:44 OK port 29082 [quick] height=6658 peers=1 p2p=single_peer_dev aligned=True failed=peer_probe_ok,p2p_state_consistent
2026-09-08 05:10:44 OK mesh aligned 29080:h6660/p1 29081:h6659/p2 29082:h6658/p1 transient_delta=2
2026-09-08 05:15:56 OK port 29080 [quick] height=6664 peers=2 p2p=aligned aligned=True failed=
2026-09-08 05:15:56 OK port 29081 [quick] height=6664 peers=2 p2p=inconsistent aligned=True failed=
2026-09-08 05:15:56 OK port 29082 [quick] height=6664 peers=2 p2p=inconsistent aligned=True failed=peer_probe_ok,p2p_state_consistent
2026-09-08 05:15:56 OK mesh aligned 29080:h6664/p2 29081:h6664/p2 29082:h6664/p2
2026-09-08 05:21:15 OK port 29080 [quick] height=6670 peers=2 p2p=inconsistent aligned=True failed=peer_probe_ok,p2p_state_consistent
2026-09-08 05:21:15 OK port 29081 [quick] height=6670 peers=2 p2p=aligned aligned=True failed=
2026-09-08 05:21:15 OK port 29082 [quick] height=6670 peers=2 p2p=aligned aligned=True failed=
2026-09-08 05:21:15 OK mesh aligned 29080:h6670/p2 29081:h6670/p2 29082:h6670/p2
2026-09-08 05:26:17 OK port 29080 [quick] height=6675 peers=2 p2p=aligned aligned=True failed=
2026-09-08 05:26:17 OK port 29081 [quick] height=6675 peers=2 p2p=aligned aligned=True failed=
2026-09-08 05:26:17 OK port 29082 [quick] height=6675 peers=2 p2p=inconsistent aligned=True failed=
2026-09-08 05:26:17 OK mesh aligned 29080:h6675/p2 29081:h6675/p2 29082:h6675/p2
2026-09-08 05:31:25 OK port 29080 [full] height=6681 peers=2 p2p=inconsistent aligned=True failed=peer_probe_ok,p2p_state_consistent
2026-09-08 05:31:25 OK port 29081 [full] height=6681 peers=2 p2p=aligned aligned=True failed=peer_probe_ok
2026-09-08 05:31:25 OK port 29082 [full] height=6681 peers=2 p2p=aligned aligned=True failed=
2026-09-08 05:31:25 OK mesh aligned 29080:h6681/p2 29081:h6681/p2 29082:h6681/p2
2026-09-08 05:36:29 OK port 29080 [quick] height=6686 peers=2 p2p=aligned aligned=True failed=
2026-09-08 05:36:29 OK port 29081 [quick] height=6686 peers=2 p2p=aligned aligned=True failed=
2026-09-08 05:36:29 OK port 29082 [quick] height=6686 peers=2 p2p=aligned aligned=True failed=
2026-09-08 05:36:29 OK mesh aligned 29080:h6686/p2 29081:h6686/p2 29082:h6686/p2
2026-09-08 05:41:51 OK port 29080 [quick] height=6693 peers=2 p2p=inconsistent aligned=True failed=
2026-09-08 05:41:51 OK port 29081 [quick] height=6692 peers=1 p2p=single_peer_dev aligned=True failed=
2026-09-08 05:41:51 OK port 29082 [quick] height=6692 peers=1 p2p=single_peer_dev aligned=True failed=
2026-09-08 05:41:51 OK mesh aligned 29080:h6693/p2 29081:h6692/p1 29082:h6692/p1 transient_delta=1
2026-09-08 05:46:56 OK port 29080 [quick] height=6699 peers=2 p2p=inconsistent aligned=True failed=
2026-09-08 05:46:56 OK port 29081 [quick] height=6698 peers=2 p2p=inconsistent aligned=True failed=
2026-09-08 05:46:57 OK port 29082 [quick] height=6698 peers=2 p2p=inconsistent aligned=True failed=
2026-09-08 05:46:57 OK mesh aligned 29080:h6699/p2 29081:h6698/p2 29082:h6698/p2 transient_delta=1
2026-09-08 05:52:01 OK port 29080 [quick] height=6704 peers=2 p2p=inconsistent aligned=True failed=
2026-09-08 05:52:01 OK port 29081 [quick] height=6703 peers=2 p2p=inconsistent aligned=True failed=
2026-09-08 05:52:01 OK port 29082 [quick] height=6703 peers=2 p2p=inconsistent aligned=True failed=
2026-09-08 05:52:01 OK mesh aligned 29080:h6704/p2 29081:h6703/p2 29082:h6703/p2 transient_delta=1
2026-09-08 05:57:06 OK port 29080 [quick] height=6709 peers=2 p2p=inconsistent aligned=True failed=peer_probe_ok,p2p_state_consistent
2026-09-08 05:57:06 OK port 29081 [quick] height=6709 peers=2 p2p=aligned aligned=True failed=
2026-09-08 05:57:06 OK port 29082 [quick] height=6709 peers=2 p2p=aligned aligned=True failed=
2026-09-08 05:57:06 OK mesh aligned 29080:h6709/p2 29081:h6709/p2 29082:h6709/p2
2026-09-08 06:02:30 OK port 29080 [full] height=6715 peers=2 p2p=inconsistent aligned=True failed=peer_probe_ok
2026-09-08 06:02:30 WARN OK port 29081 [full] height=6714 peers=2 p2p=inconsistent aligned=False failed=harness_timeout
2026-09-08 06:02:30 OK port 29082 [full] height=6714 peers=2 p2p=inconsistent aligned=True failed=peer_probe_ok
2026-09-08 06:02:30 OK mesh aligned 29080:h6715/p2 29081:h6714/p2 29082:h6714/p2 transient_delta=1
2026-09-08 06:07:52 OK port 29080 [quick] height=6720 peers=2 p2p=aligned aligned=True failed=
2026-09-08 06:07:52 OK port 29081 [quick] height=6720 peers=2 p2p=aligned aligned=True failed=
2026-09-08 06:07:52 OK port 29082 [quick] height=6720 peers=2 p2p=aligned aligned=True failed=
2026-09-08 06:07:52 OK mesh aligned 29080:h6720/p2 29081:h6720/p2 29082:h6720/p2
2026-09-08 06:13:14 OK port 29080 [quick] height=6726 peers=2 p2p=inconsistent aligned=True failed=peer_probe_ok,p2p_state_consistent
2026-09-08 06:13:14 OK port 29081 [quick] height=6725 peers=2 p2p=inconsistent aligned=True failed=
2026-09-08 06:13:14 OK port 29082 [quick] height=6725 peers=2 p2p=inconsistent aligned=True failed=
2026-09-08 06:13:14 OK mesh aligned 29080:h6726/p2 29081:h6725/p2 29082:h6725/p2 transient_delta=1
2026-09-08 06:18:17 OK port 29080 [quick] height=6731 peers=2 p2p=aligned aligned=True failed=
2026-09-08 06:18:17 OK port 29081 [quick] height=6731 peers=2 p2p=aligned aligned=True failed=
2026-09-08 06:18:17 OK port 29082 [quick] height=6731 peers=2 p2p=inconsistent aligned=True failed=
2026-09-08 06:18:17 OK mesh aligned 29080:h6731/p2 29081:h6731/p2 29082:h6731/p2
2026-09-08 06:23:28 OK port 29080 [quick] height=6736 peers=2 p2p=aligned aligned=True failed=
2026-09-08 06:23:28 OK port 29081 [quick] height=6736 peers=1 p2p=single_peer_dev aligned=True failed=
2026-09-08 06:23:28 OK port 29082 [quick] height=6736 peers=1 p2p=single_peer_dev aligned=True failed=peer_probe_ok,p2p_state_consistent
2026-09-08 06:23:28 OK mesh aligned 29080:h6736/p2 29081:h6736/p1 29082:h6736/p1
2026-09-08 06:28:35 OK port 29080 [quick] height=6743 peers=2 p2p=inconsistent aligned=True failed=peer_probe_ok,p2p_state_consistent
2026-09-08 06:28:35 OK port 29081 [quick] height=6742 peers=2 p2p=inconsistent aligned=True failed=
2026-09-08 06:28:35 OK port 29082 [quick] height=6742 peers=2 p2p=inconsistent aligned=True failed=
2026-09-08 06:28:35 OK mesh aligned 29080:h6743/p2 29081:h6742/p2 29082:h6742/p2 transient_delta=1
2026-09-08 06:33:49 OK port 29080 [full] height=6748 peers=2 p2p=inconsistent aligned=True failed=
2026-09-08 06:33:49 OK port 29081 [full] height=6748 peers=2 p2p=aligned aligned=True failed=peer_probe_ok
2026-09-08 06:33:49 OK port 29082 [full] height=6748 peers=2 p2p=inconsistent aligned=True failed=peer_probe_ok,p2p_state_consistent
2026-09-08 06:33:49 OK mesh aligned 29080:h6748/p2 29081:h6748/p2 29082:h6748/p2
2026-09-08 06:39:25 OK port 29080 [quick] height=6753 peers=2 p2p=inconsistent aligned=True failed=
2026-09-08 06:39:25 WARN OK port 29081 [quick] height=6752 peers=2 p2p=inconsistent aligned=False failed=harness_timeout
2026-09-08 06:39:25 OK port 29082 [quick] height=6753 peers=2 p2p=aligned aligned=True failed=
2026-09-08 06:39:25 OK mesh aligned 29080:h6753/p2 29081:h6752/p2 29082:h6753/p2 transient_delta=1
2026-09-08 06:44:45 OK port 29080 [quick] height=6758 peers=2 p2p=inconsistent aligned=True failed=
2026-09-08 06:44:45 OK port 29081 [quick] height=6757 peers=2 p2p=inconsistent aligned=True failed=peer_probe_ok,p2p_state_consistent
2026-09-08 06:44:45 OK port 29082 [quick] height=6757 peers=2 p2p=ready_fallback aligned=True failed=status_slow
2026-09-08 06:44:45 OK mesh aligned 29080:h6758/p2 29081:h6757/p2 29082:h6757/p2 transient_delta=1
2026-09-08 06:49:57 OK port 29080 [quick] height=6761 peers=2 p2p=aligned aligned=True failed=
2026-09-08 06:49:57 OK port 29081 [quick] height=6761 peers=2 p2p=aligned aligned=True failed=
2026-09-08 06:49:57 OK port 29082 [quick] height=6761 peers=2 p2p=aligned aligned=True failed=
2026-09-08 06:49:57 OK mesh aligned 29080:h6761/p2 29081:h6761/p2 29082:h6761/p2
2026-09-08 06:55:20 OK port 29080 [quick] height=6766 peers=2 p2p=inconsistent aligned=True failed=peer_probe_ok,p2p_state_consistent
2026-09-08 06:55:20 OK port 29081 [quick] height=6766 peers=1 p2p=single_peer_dev aligned=True failed=peer_probe_ok,p2p_state_consistent
2026-09-08 06:55:20 OK port 29082 [quick] height=6765 peers=1 p2p=single_peer_dev aligned=True failed=peer_probe_ok,p2p_state_consistent
2026-09-08 06:55:20 OK mesh aligned 29080:h6766/p2 29081:h6766/p1 29082:h6765/p1 transient_delta=1
2026-09-08 07:00:50 OK port 29080 [quick] height=6772 peers=2 p2p=inconsistent aligned=True failed=peer_probe_ok,p2p_state_consistent
2026-09-08 07:00:50 OK port 29081 [quick] height=6772 peers=2 p2p=inconsistent aligned=True failed=
2026-09-08 07:00:50 OK port 29082 [quick] height=6771 peers=2 p2p=inconsistent aligned=True failed=peer_probe_ok,p2p_state_consistent
2026-09-08 07:00:50 OK mesh aligned 29080:h6772/p2 29081:h6772/p2 29082:h6771/p2 transient_delta=1
2026-09-08 07:05:59 OK port 29080 [full] height=6776 peers=2 p2p=aligned aligned=True failed=
2026-09-08 07:05:59 OK port 29081 [full] height=6776 peers=2 p2p=aligned aligned=True failed=
2026-09-08 07:05:59 OK port 29082 [full] height=6776 peers=2 p2p=aligned aligned=True failed=
2026-09-08 07:05:59 OK mesh aligned 29080:h6776/p2 29081:h6776/p2 29082:h6776/p2
2026-09-08 07:11:24 OK port 29080 [quick] height=6780 peers=2 p2p=aligned aligned=True failed=
2026-09-08 07:11:24 OK port 29081 [quick] height=6780 peers=2 p2p=aligned aligned=True failed=
2026-09-08 07:11:24 OK port 29082 [quick] height=6780 peers=2 p2p=aligned aligned=True failed=
2026-09-08 07:11:24 OK mesh aligned 29080:h6780/p2 29081:h6780/p2 29082:h6780/p2
2026-09-08 07:13:31 OK port 29080 [quick] height=6782 peers=2 p2p=aligned aligned=True failed=
2026-09-08 07:13:31 OK port 29081 [quick] height=6782 peers=2 p2p=inconsistent aligned=True failed=
2026-09-08 07:13:31 OK port 29082 [quick] height=6782 peers=2 p2p=aligned aligned=True failed=
2026-09-08 07:13:31 OK mesh aligned 29080:h6782/p2 29081:h6782/p2 29082:h6782/p2
2026-09-08 07:13:31 health_watch done (duration 2880m cycles=560 hard_fails=0 ready_only=0)
