
2026-09-11 06:38:14 health_watch start ports=18180,18181,18182 interval=300s full_every=6 log=logs/soak_48h_experimental.log parallel=1
2026-09-11 06:38:16 OK port 18180 [quick] height=10125 peers=2 p2p=aligned aligned=True failed=
2026-09-11 06:38:16 OK port 18181 [quick] height=10125 peers=2 p2p=aligned aligned=True failed=
2026-09-11 06:38:16 OK port 18182 [quick] height=10125 peers=2 p2p=aligned aligned=True failed=
2026-09-11 06:38:16 OK mesh aligned 18180:h10125/p2 18181:h10125/p2 18182:h10125/p2
2026-09-11 06:43:17 OK port 18180 [quick] height=10144 peers=2 p2p=aligned aligned=True failed=
2026-09-11 06:43:17 OK port 18181 [quick] height=10144 peers=2 p2p=aligned aligned=True failed=
2026-09-11 06:43:17 OK port 18182 [quick] height=10144 peers=2 p2p=aligned aligned=True failed=
2026-09-11 06:43:17 OK mesh aligned 18180:h10144/p2 18181:h10144/p2 18182:h10144/p2
2026-09-11 06:48:19 OK port 18180 [quick] height=10163 peers=2 p2p=aligned aligned=True failed=
2026-09-11 06:48:19 OK port 18181 [quick] height=10163 peers=2 p2p=aligned aligned=True failed=
2026-09-11 06:48:19 OK port 18182 [quick] height=10163 peers=2 p2p=aligned aligned=True failed=
2026-09-11 06:48:19 OK mesh aligned 18180:h10163/p2 18181:h10163/p2 18182:h10163/p2
2026-09-11 06:53:20 OK port 18180 [quick] height=10182 peers=2 p2p=aligned aligned=True failed=
2026-09-11 06:53:20 OK port 18181 [quick] height=10182 peers=2 p2p=aligned aligned=True failed=
2026-09-11 06:53:20 OK port 18182 [quick] height=10182 peers=2 p2p=aligned aligned=True failed=
2026-09-11 06:53:20 OK mesh aligned 18180:h10182/p2 18181:h10182/p2 18182:h10182/p2
2026-09-11 06:58:21 OK port 18180 [quick] height=10201 peers=2 p2p=aligned aligned=True failed=
2026-09-11 06:58:21 OK port 18181 [quick] height=10201 peers=2 p2p=aligned aligned=True failed=
2026-09-11 06:58:21 OK port 18182 [quick] height=10201 peers=2 p2p=aligned aligned=True failed=
2026-09-11 06:58:21 OK mesh aligned 18180:h10201/p2 18181:h10201/p2 18182:h10201/p2
2026-09-11 07:03:23 OK port 18180 [full] height=10220 peers=2 p2p=aligned aligned=True failed=
2026-09-11 07:03:23 OK port 18181 [full] height=10220 peers=2 p2p=aligned aligned=True failed=
2026-09-11 07:03:23 OK port 18182 [full] height=10220 peers=2 p2p=aligned aligned=True failed=
2026-09-11 07:03:23 OK mesh aligned 18180:h10220/p2 18181:h10220/p2 18182:h10220/p2
2026-09-11 07:08:24 OK port 18180 [quick] height=10239 peers=2 p2p=aligned aligned=True failed=
2026-09-11 07:08:24 OK port 18181 [quick] height=10239 peers=2 p2p=aligned aligned=True failed=
2026-09-11 07:08:24 OK port 18182 [quick] height=10239 peers=2 p2p=aligned aligned=True failed=
2026-09-11 07:08:24 OK mesh aligned 18180:h10239/p2 18181:h10239/p2 18182:h10239/p2
2026-09-11 07:13:25 OK port 18180 [quick] height=10258 peers=2 p2p=aligned aligned=True failed=
2026-09-11 07:13:25 OK port 18181 [quick] height=10258 peers=2 p2p=aligned aligned=True failed=
2026-09-11 07:13:25 OK port 18182 [quick] height=10258 peers=2 p2p=aligned aligned=True failed=
2026-09-11 07:13:25 OK mesh aligned 18180:h10258/p2 18181:h10258/p2 18182:h10258/p2
2026-09-11 07:18:26 OK port 18180 [quick] height=10277 peers=2 p2p=aligned aligned=True failed=
2026-09-11 07:18:26 OK port 18181 [quick] height=10277 peers=2 p2p=aligned aligned=True failed=
2026-09-11 07:18:26 OK port 18182 [quick] height=10277 peers=2 p2p=aligned aligned=True failed=
2026-09-11 07:18:26 OK mesh aligned 18180:h10277/p2 18181:h10277/p2 18182:h10277/p2
2026-09-11 07:23:27 OK port 18180 [quick] height=10296 peers=2 p2p=aligned aligned=True failed=
2026-09-11 07:23:27 OK port 18181 [quick] height=10296 peers=2 p2p=aligned aligned=True failed=
2026-09-11 07:23:27 OK port 18182 [quick] height=10296 peers=2 p2p=aligned aligned=True failed=
2026-09-11 07:23:27 OK mesh aligned 18180:h10296/p2 18181:h10296/p2 18182:h10296/p2
2026-09-11 07:28:29 OK port 18180 [quick] height=10315 peers=2 p2p=inconsistent aligned=True failed=
2026-09-11 07:28:29 OK port 18181 [quick] height=10314 peers=2 p2p=inconsistent aligned=True failed=
2026-09-11 07:28:29 OK port 18182 [quick] height=10315 peers=2 p2p=inconsistent aligned=True failed=
2026-09-11 07:28:29 OK mesh aligned 18180:h10315/p2 18181:h10314/p2 18182:h10315/p2 transient_delta=1
2026-09-11 07:33:31 OK port 18180 [full] height=10334 peers=2 p2p=aligned aligned=True failed=
2026-09-11 07:33:31 OK port 18181 [full] height=10334 peers=2 p2p=aligned aligned=True failed=
2026-09-11 07:33:31 OK port 18182 [full] height=10334 peers=2 p2p=aligned aligned=True failed=
2026-09-11 07:33:31 OK mesh aligned 18180:h10334/p2 18181:h10334/p2 18182:h10334/p2
2026-09-11 07:38:32 OK port 18180 [quick] height=10353 peers=2 p2p=aligned aligned=True failed=
2026-09-11 07:38:32 OK port 18181 [quick] height=10353 peers=2 p2p=aligned aligned=True failed=
2026-09-11 07:38:32 OK port 18182 [quick] height=10353 peers=2 p2p=aligned aligned=True failed=
2026-09-11 07:38:32 OK mesh aligned 18180:h10353/p2 18181:h10353/p2 18182:h10353/p2
2026-09-11 07:43:33 OK port 18180 [quick] height=10372 peers=2 p2p=aligned aligned=True failed=
2026-09-11 07:43:33 OK port 18181 [quick] height=10372 peers=2 p2p=aligned aligned=True failed=
2026-09-11 07:43:33 OK port 18182 [quick] height=10372 peers=2 p2p=aligned aligned=True failed=
2026-09-11 07:43:33 OK mesh aligned 18180:h10372/p2 18181:h10372/p2 18182:h10372/p2
2026-09-11 07:48:34 OK port 18180 [quick] height=10391 peers=2 p2p=aligned aligned=True failed=
2026-09-11 07:48:34 OK port 18181 [quick] height=10391 peers=2 p2p=aligned aligned=True failed=
2026-09-11 07:48:34 OK port 18182 [quick] height=10391 peers=2 p2p=aligned aligned=True failed=
2026-09-11 07:48:34 OK mesh aligned 18180:h10391/p2 18181:h10391/p2 18182:h10391/p2
2026-09-11 07:53:35 OK port 18180 [quick] height=10410 peers=2 p2p=aligned aligned=True failed=
2026-09-11 07:53:35 OK port 18181 [quick] height=10410 peers=2 p2p=aligned aligned=True failed=
2026-09-11 07:53:35 OK port 18182 [quick] height=10410 peers=2 p2p=aligned aligned=True failed=
2026-09-11 07:53:35 OK mesh aligned 18180:h10410/p2 18181:h10410/p2 18182:h10410/p2
2026-09-11 07:58:36 OK port 18180 [quick] height=10429 peers=2 p2p=aligned aligned=True failed=
2026-09-11 07:58:36 OK port 18181 [quick] height=10429 peers=2 p2p=aligned aligned=True failed=
2026-09-11 07:58:36 OK port 18182 [quick] height=10429 peers=2 p2p=aligned aligned=True failed=
2026-09-11 07:58:36 OK mesh aligned 18180:h10429/p2 18181:h10429/p2 18182:h10429/p2
2026-09-11 08:03:37 OK port 18180 [full] height=10448 peers=2 p2p=aligned aligned=True failed=
2026-09-11 08:03:37 OK port 18181 [full] height=10448 peers=2 p2p=aligned aligned=True failed=
2026-09-11 08:03:37 OK port 18182 [full] height=10448 peers=2 p2p=aligned aligned=True failed=
2026-09-11 08:03:37 OK mesh aligned 18180:h10448/p2 18181:h10448/p2 18182:h10448/p2
2026-09-11 08:08:38 OK port 18180 [quick] height=10467 peers=2 p2p=aligned aligned=True failed=
2026-09-11 08:08:38 OK port 18181 [quick] height=10467 peers=2 p2p=aligned aligned=True failed=
2026-09-11 08:08:38 OK port 18182 [quick] height=10467 peers=2 p2p=aligned aligned=True failed=
2026-09-11 08:08:38 OK mesh aligned 18180:h10467/p2 18181:h10467/p2 18182:h10467/p2
2026-09-11 08:13:40 OK port 18180 [quick] height=10486 peers=2 p2p=aligned aligned=True failed=
2026-09-11 08:13:40 OK port 18181 [quick] height=10486 peers=2 p2p=aligned aligned=True failed=
2026-09-11 08:13:40 OK port 18182 [quick] height=10486 peers=2 p2p=aligned aligned=True failed=
2026-09-11 08:13:40 OK mesh aligned 18180:h10486/p2 18181:h10486/p2 18182:h10486/p2
2026-09-11 08:18:41 OK port 18180 [quick] height=10505 peers=2 p2p=aligned aligned=True failed=
2026-09-11 08:18:41 OK port 18181 [quick] height=10505 peers=2 p2p=aligned aligned=True failed=
2026-09-11 08:18:41 OK port 18182 [quick] height=10505 peers=2 p2p=aligned aligned=True failed=
2026-09-11 08:18:41 OK mesh aligned 18180:h10505/p2 18181:h10505/p2 18182:h10505/p2
2026-09-11 08:23:43 OK port 18180 [quick] height=10524 peers=2 p2p=aligned aligned=True failed=
2026-09-11 08:23:43 OK port 18181 [quick] height=10524 peers=2 p2p=aligned aligned=True failed=
2026-09-11 08:23:43 OK port 18182 [quick] height=10524 peers=2 p2p=aligned aligned=True failed=
2026-09-11 08:23:43 OK mesh aligned 18180:h10524/p2 18181:h10524/p2 18182:h10524/p2
2026-09-11 08:28:45 OK port 18180 [quick] height=10543 peers=2 p2p=aligned aligned=True failed=
2026-09-11 08:28:45 OK port 18181 [quick] height=10543 peers=2 p2p=inconsistent aligned=True failed=
2026-09-11 08:28:45 OK port 18182 [quick] height=10542 peers=2 p2p=inconsistent aligned=True failed=
2026-09-11 08:28:45 OK mesh aligned 18180:h10543/p2 18181:h10543/p2 18182:h10542/p2 transient_delta=1
2026-09-11 08:33:46 OK port 18180 [full] height=10561 peers=2 p2p=aligned aligned=True failed=
2026-09-11 08:33:46 OK port 18181 [full] height=10561 peers=2 p2p=aligned aligned=True failed=
2026-09-11 08:33:46 OK port 18182 [full] height=10561 peers=2 p2p=aligned aligned=True failed=
2026-09-11 08:33:46 OK mesh aligned 18180:h10561/p2 18181:h10561/p2 18182:h10561/p2
2026-09-11 08:38:47 OK port 18180 [quick] height=10580 peers=2 p2p=aligned aligned=True failed=
2026-09-11 08:38:47 OK port 18181 [quick] height=10580 peers=2 p2p=aligned aligned=True failed=
2026-09-11 08:38:47 OK port 18182 [quick] height=10580 peers=2 p2p=aligned aligned=True failed=
2026-09-11 08:38:47 OK mesh aligned 18180:h10580/p2 18181:h10580/p2 18182:h10580/p2
2026-09-11 08:43:48 OK port 18180 [quick] height=10599 peers=2 p2p=aligned aligned=True failed=
2026-09-11 08:43:48 OK port 18181 [quick] height=10599 peers=2 p2p=aligned aligned=True failed=
2026-09-11 08:43:48 OK port 18182 [quick] height=10599 peers=2 p2p=aligned aligned=True failed=
2026-09-11 08:43:48 OK mesh aligned 18180:h10599/p2 18181:h10599/p2 18182:h10599/p2
2026-09-11 08:48:49 OK port 18180 [quick] height=10618 peers=2 p2p=aligned aligned=True failed=
2026-09-11 08:48:49 OK port 18181 [quick] height=10618 peers=2 p2p=aligned aligned=True failed=
2026-09-11 08:48:49 OK port 18182 [quick] height=10618 peers=2 p2p=aligned aligned=True failed=
2026-09-11 08:48:49 OK mesh aligned 18180:h10618/p2 18181:h10618/p2 18182:h10618/p2
2026-09-11 08:53:50 OK port 18180 [quick] height=10637 peers=2 p2p=aligned aligned=True failed=
2026-09-11 08:53:50 OK port 18181 [quick] height=10637 peers=2 p2p=aligned aligned=True failed=
2026-09-11 08:53:50 OK port 18182 [quick] height=10637 peers=2 p2p=aligned aligned=True failed=
2026-09-11 08:53:50 OK mesh aligned 18180:h10637/p2 18181:h10637/p2 18182:h10637/p2
2026-09-11 08:58:51 OK port 18180 [quick] height=10656 peers=2 p2p=aligned aligned=True failed=
2026-09-11 08:58:51 OK port 18181 [quick] height=10656 peers=2 p2p=aligned aligned=True failed=
2026-09-11 08:58:51 OK port 18182 [quick] height=10656 peers=2 p2p=aligned aligned=True failed=
2026-09-11 08:58:51 OK mesh aligned 18180:h10656/p2 18181:h10656/p2 18182:h10656/p2
2026-09-11 09:03:52 OK port 18180 [full] height=10675 peers=2 p2p=aligned aligned=True failed=
2026-09-11 09:03:52 OK port 18181 [full] height=10675 peers=2 p2p=aligned aligned=True failed=
2026-09-11 09:03:52 OK port 18182 [full] height=10675 peers=2 p2p=aligned aligned=True failed=
2026-09-11 09:03:52 OK mesh aligned 18180:h10675/p2 18181:h10675/p2 18182:h10675/p2
2026-09-11 09:08:53 OK port 18180 [quick] height=10694 peers=2 p2p=aligned aligned=True failed=
2026-09-11 09:08:53 OK port 18181 [quick] height=10694 peers=2 p2p=aligned aligned=True failed=
2026-09-11 09:08:53 OK port 18182 [quick] height=10694 peers=2 p2p=aligned aligned=True failed=
2026-09-11 09:08:53 OK mesh aligned 18180:h10694/p2 18181:h10694/p2 18182:h10694/p2
2026-09-11 09:13:56 OK port 18180 [quick] height=10712 peers=2 p2p=aligned aligned=True failed=
2026-09-11 09:13:56 OK port 18181 [quick] height=10712 peers=2 p2p=aligned aligned=True failed=
2026-09-11 09:13:56 OK port 18182 [quick] height=10712 peers=2 p2p=aligned aligned=True failed=
2026-09-11 09:13:56 OK mesh aligned 18180:h10712/p2 18181:h10712/p2 18182:h10712/p2
2026-09-11 09:18:57 OK port 18180 [quick] height=10732 peers=2 p2p=aligned aligned=True failed=
2026-09-11 09:18:57 OK port 18181 [quick] height=10732 peers=2 p2p=aligned aligned=True failed=
2026-09-11 09:18:57 OK port 18182 [quick] height=10732 peers=2 p2p=aligned aligned=True failed=
2026-09-11 09:18:57 OK mesh aligned 18180:h10732/p2 18181:h10732/p2 18182:h10732/p2
2026-09-11 09:23:59 OK port 18180 [quick] height=10751 peers=2 p2p=aligned aligned=True failed=
2026-09-11 09:23:59 OK port 18181 [quick] height=10751 peers=2 p2p=aligned aligned=True failed=
2026-09-11 09:23:59 OK port 18182 [quick] height=10751 peers=2 p2p=aligned aligned=True failed=
2026-09-11 09:23:59 OK mesh aligned 18180:h10751/p2 18181:h10751/p2 18182:h10751/p2
2026-09-11 09:29:01 OK port 18180 [quick] height=10770 peers=2 p2p=inconsistent aligned=True failed=
2026-09-11 09:29:01 OK port 18181 [quick] height=10770 peers=2 p2p=aligned aligned=True failed=
2026-09-11 09:29:01 OK port 18182 [quick] height=10770 peers=2 p2p=aligned aligned=True failed=
2026-09-11 09:29:01 OK mesh aligned 18180:h10770/p2 18181:h10770/p2 18182:h10770/p2
2026-09-11 09:34:02 OK port 18180 [full] height=10788 peers=2 p2p=aligned aligned=True failed=
2026-09-11 09:34:02 OK port 18181 [full] height=10788 peers=2 p2p=aligned aligned=True failed=
2026-09-11 09:34:02 OK port 18182 [full] height=10788 peers=2 p2p=aligned aligned=True failed=
2026-09-11 09:34:02 OK mesh aligned 18180:h10788/p2 18181:h10788/p2 18182:h10788/p2
2026-09-11 09:39:05 OK port 18180 [quick] height=10807 peers=2 p2p=aligned aligned=True failed=
2026-09-11 09:39:05 OK port 18181 [quick] height=10807 peers=2 p2p=aligned aligned=True failed=
2026-09-11 09:39:05 OK port 18182 [quick] height=10807 peers=2 p2p=aligned aligned=True failed=
2026-09-11 09:39:05 OK mesh aligned 18180:h10807/p2 18181:h10807/p2 18182:h10807/p2
2026-09-11 09:44:08 OK port 18180 [quick] height=10827 peers=2 p2p=aligned aligned=True failed=
2026-09-11 09:44:08 OK port 18181 [quick] height=10827 peers=2 p2p=aligned aligned=True failed=
2026-09-11 09:44:08 OK port 18182 [quick] height=10827 peers=2 p2p=aligned aligned=True failed=
2026-09-11 09:44:08 OK mesh aligned 18180:h10827/p2 18181:h10827/p2 18182:h10827/p2
2026-09-11 09:49:09 OK port 18180 [quick] height=10846 peers=2 p2p=aligned aligned=True failed=
2026-09-11 09:49:09 OK port 18181 [quick] height=10846 peers=2 p2p=aligned aligned=True failed=
2026-09-11 09:49:09 OK port 18182 [quick] height=10846 peers=2 p2p=aligned aligned=True failed=
2026-09-11 09:49:09 OK mesh aligned 18180:h10846/p2 18181:h10846/p2 18182:h10846/p2
2026-09-11 09:54:10 OK port 18180 [quick] height=10865 peers=2 p2p=aligned aligned=True failed=
2026-09-11 09:54:10 OK port 18181 [quick] height=10865 peers=2 p2p=aligned aligned=True failed=
2026-09-11 09:54:10 OK port 18182 [quick] height=10865 peers=2 p2p=aligned aligned=True failed=
2026-09-11 09:54:10 OK mesh aligned 18180:h10865/p2 18181:h10865/p2 18182:h10865/p2
2026-09-11 09:59:12 OK port 18180 [quick] height=10884 peers=2 p2p=aligned aligned=True failed=
2026-09-11 09:59:12 OK port 18181 [quick] height=10884 peers=2 p2p=aligned aligned=True failed=
2026-09-11 09:59:12 OK port 18182 [quick] height=10884 peers=2 p2p=aligned aligned=True failed=
2026-09-11 09:59:12 OK mesh aligned 18180:h10884/p2 18181:h10884/p2 18182:h10884/p2
2026-09-11 10:04:14 OK port 18180 [full] height=10903 peers=2 p2p=aligned aligned=True failed=
2026-09-11 10:04:14 OK port 18181 [full] height=10903 peers=2 p2p=inconsistent aligned=True failed=
2026-09-11 10:04:14 OK port 18182 [full] height=10903 peers=2 p2p=aligned aligned=True failed=
2026-09-11 10:04:14 OK mesh aligned 18180:h10903/p2 18181:h10903/p2 18182:h10903/p2
2026-09-11 10:09:16 OK port 18180 [quick] height=10921 peers=2 p2p=aligned aligned=True failed=
2026-09-11 10:09:16 OK port 18181 [quick] height=10921 peers=2 p2p=aligned aligned=True failed=
2026-09-11 10:09:16 OK port 18182 [quick] height=10921 peers=2 p2p=aligned aligned=True failed=
2026-09-11 10:09:16 OK mesh aligned 18180:h10921/p2 18181:h10921/p2 18182:h10921/p2
2026-09-11 10:14:17 OK port 18180 [quick] height=10940 peers=2 p2p=aligned aligned=True failed=
2026-09-11 10:14:17 OK port 18181 [quick] height=10940 peers=2 p2p=aligned aligned=True failed=
2026-09-11 10:14:17 OK port 18182 [quick] height=10940 peers=2 p2p=aligned aligned=True failed=
2026-09-11 10:14:17 OK mesh aligned 18180:h10940/p2 18181:h10940/p2 18182:h10940/p2
2026-09-11 10:19:18 OK port 18180 [quick] height=10959 peers=2 p2p=aligned aligned=True failed=
2026-09-11 10:19:18 OK port 18181 [quick] height=10959 peers=2 p2p=aligned aligned=True failed=
2026-09-11 10:19:18 OK port 18182 [quick] height=10959 peers=2 p2p=aligned aligned=True failed=
2026-09-11 10:19:18 OK mesh aligned 18180:h10959/p2 18181:h10959/p2 18182:h10959/p2
2026-09-11 10:24:19 OK port 18180 [quick] height=10978 peers=2 p2p=aligned aligned=True failed=
2026-09-11 10:24:19 OK port 18181 [quick] height=10978 peers=2 p2p=aligned aligned=True failed=
2026-09-11 10:24:19 OK port 18182 [quick] height=10978 peers=2 p2p=aligned aligned=True failed=
2026-09-11 10:24:19 OK mesh aligned 18180:h10978/p2 18181:h10978/p2 18182:h10978/p2
2026-09-11 10:29:20 OK port 18180 [quick] height=10997 peers=2 p2p=aligned aligned=True failed=
2026-09-11 10:29:20 OK port 18181 [quick] height=10997 peers=2 p2p=aligned aligned=True failed=
2026-09-11 10:29:20 OK port 18182 [quick] height=10997 peers=2 p2p=aligned aligned=True failed=
2026-09-11 10:29:20 OK mesh aligned 18180:h10997/p2 18181:h10997/p2 18182:h10997/p2
2026-09-11 10:34:21 OK port 18180 [full] height=11016 peers=2 p2p=aligned aligned=True failed=
2026-09-11 10:34:21 OK port 18181 [full] height=11016 peers=2 p2p=aligned aligned=True failed=
2026-09-11 10:34:21 OK port 18182 [full] height=11016 peers=2 p2p=aligned aligned=True failed=
2026-09-11 10:34:21 OK mesh aligned 18180:h11016/p2 18181:h11016/p2 18182:h11016/p2
2026-09-11 10:39:22 OK port 18180 [quick] height=11035 peers=2 p2p=aligned aligned=True failed=
2026-09-11 10:39:22 OK port 18181 [quick] height=11035 peers=2 p2p=aligned aligned=True failed=
2026-09-11 10:39:22 OK port 18182 [quick] height=11035 peers=2 p2p=aligned aligned=True failed=
2026-09-11 10:39:22 OK mesh aligned 18180:h11035/p2 18181:h11035/p2 18182:h11035/p2
2026-09-11 10:44:24 OK port 18180 [quick] height=11054 peers=2 p2p=aligned aligned=True failed=
2026-09-11 10:44:24 OK port 18181 [quick] height=11054 peers=2 p2p=aligned aligned=True failed=
2026-09-11 10:44:24 OK port 18182 [quick] height=11054 peers=2 p2p=aligned aligned=True failed=
2026-09-11 10:44:24 OK mesh aligned 18180:h11054/p2 18181:h11054/p2 18182:h11054/p2
2026-09-11 10:49:26 OK port 18180 [quick] height=11073 peers=2 p2p=aligned aligned=True failed=
2026-09-11 10:49:26 OK port 18181 [quick] height=11073 peers=2 p2p=aligned aligned=True failed=
2026-09-11 10:49:26 OK port 18182 [quick] height=11073 peers=2 p2p=aligned aligned=True failed=
2026-09-11 10:49:26 OK mesh aligned 18180:h11073/p2 18181:h11073/p2 18182:h11073/p2
2026-09-11 10:54:29 OK port 18180 [quick] height=11092 peers=2 p2p=inconsistent aligned=True failed=
2026-09-11 10:54:29 OK port 18181 [quick] height=11092 peers=2 p2p=inconsistent aligned=True failed=
2026-09-11 10:54:29 OK port 18182 [quick] height=11092 peers=2 p2p=aligned aligned=True failed=
2026-09-11 10:54:29 OK mesh aligned 18180:h11092/p2 18181:h11092/p2 18182:h11092/p2
2026-09-11 10:59:30 OK port 18180 [quick] height=11111 peers=2 p2p=aligned aligned=True failed=
2026-09-11 10:59:30 OK port 18181 [quick] height=11111 peers=2 p2p=aligned aligned=True failed=
2026-09-11 10:59:30 OK port 18182 [quick] height=11111 peers=2 p2p=aligned aligned=True failed=
2026-09-11 10:59:30 OK mesh aligned 18180:h11111/p2 18181:h11111/p2 18182:h11111/p2
2026-09-11 11:04:31 OK port 18180 [full] height=11130 peers=2 p2p=aligned aligned=True failed=
2026-09-11 11:04:31 OK port 18181 [full] height=11130 peers=2 p2p=aligned aligned=True failed=
2026-09-11 11:04:31 OK port 18182 [full] height=11130 peers=2 p2p=aligned aligned=True failed=
2026-09-11 11:04:31 OK mesh aligned 18180:h11130/p2 18181:h11130/p2 18182:h11130/p2
2026-09-11 11:09:32 OK port 18180 [quick] height=11149 peers=2 p2p=aligned aligned=True failed=
2026-09-11 11:09:32 OK port 18181 [quick] height=11149 peers=2 p2p=aligned aligned=True failed=
2026-09-11 11:09:32 OK port 18182 [quick] height=11149 peers=2 p2p=aligned aligned=True failed=
2026-09-11 11:09:32 OK mesh aligned 18180:h11149/p2 18181:h11149/p2 18182:h11149/p2
2026-09-11 11:14:35 OK port 18180 [quick] height=11168 peers=2 p2p=inconsistent aligned=True failed=
2026-09-11 11:14:35 OK port 18181 [quick] height=11168 peers=2 p2p=aligned aligned=True failed=
2026-09-11 11:14:35 OK port 18182 [quick] height=11168 peers=2 p2p=aligned aligned=True failed=
2026-09-11 11:14:35 OK mesh aligned 18180:h11168/p2 18181:h11168/p2 18182:h11168/p2
2026-09-11 11:19:36 OK port 18180 [quick] height=11186 peers=2 p2p=aligned aligned=True failed=
2026-09-11 11:19:36 OK port 18181 [quick] height=11186 peers=2 p2p=aligned aligned=True failed=
2026-09-11 11:19:36 OK port 18182 [quick] height=11186 peers=2 p2p=aligned aligned=True failed=
2026-09-11 11:19:36 OK mesh aligned 18180:h11186/p2 18181:h11186/p2 18182:h11186/p2
2026-09-11 11:24:37 OK port 18180 [quick] height=11205 peers=2 p2p=aligned aligned=True failed=
2026-09-11 11:24:37 OK port 18181 [quick] height=11205 peers=2 p2p=aligned aligned=True failed=
2026-09-11 11:24:37 OK port 18182 [quick] height=11205 peers=2 p2p=aligned aligned=True failed=
2026-09-11 11:24:37 OK mesh aligned 18180:h11205/p2 18181:h11205/p2 18182:h11205/p2
2026-09-11 11:29:38 OK port 18180 [quick] height=11224 peers=2 p2p=aligned aligned=True failed=
2026-09-11 11:29:38 OK port 18181 [quick] height=11224 peers=2 p2p=aligned aligned=True failed=
2026-09-11 11:29:38 OK port 18182 [quick] height=11224 peers=2 p2p=aligned aligned=True failed=
2026-09-11 11:29:38 OK mesh aligned 18180:h11224/p2 18181:h11224/p2 18182:h11224/p2
2026-09-11 11:34:39 OK port 18180 [full] height=11243 peers=2 p2p=aligned aligned=True failed=
2026-09-11 11:34:39 OK port 18181 [full] height=11243 peers=2 p2p=aligned aligned=True failed=
2026-09-11 11:34:39 OK port 18182 [full] height=11243 peers=2 p2p=aligned aligned=True failed=
2026-09-11 11:34:39 OK mesh aligned 18180:h11243/p2 18181:h11243/p2 18182:h11243/p2
2026-09-11 11:39:40 OK port 18180 [quick] height=11262 peers=2 p2p=aligned aligned=True failed=
2026-09-11 11:39:40 OK port 18181 [quick] height=11262 peers=2 p2p=aligned aligned=True failed=
2026-09-11 11:39:40 OK port 18182 [quick] height=11262 peers=2 p2p=aligned aligned=True failed=
2026-09-11 11:39:40 OK mesh aligned 18180:h11262/p2 18181:h11262/p2 18182:h11262/p2
2026-09-11 11:44:42 OK port 18180 [quick] height=11281 peers=2 p2p=aligned aligned=True failed=
2026-09-11 11:44:42 OK port 18181 [quick] height=11281 peers=2 p2p=aligned aligned=True failed=
2026-09-11 11:44:42 OK port 18182 [quick] height=11281 peers=2 p2p=aligned aligned=True failed=
2026-09-11 11:44:42 OK mesh aligned 18180:h11281/p2 18181:h11281/p2 18182:h11281/p2
2026-09-11 11:49:43 OK port 18180 [quick] height=11300 peers=2 p2p=aligned aligned=True failed=
2026-09-11 11:49:43 OK port 18181 [quick] height=11300 peers=2 p2p=aligned aligned=True failed=
2026-09-11 11:49:43 OK port 18182 [quick] height=11300 peers=2 p2p=aligned aligned=True failed=
2026-09-11 11:49:43 OK mesh aligned 18180:h11300/p2 18181:h11300/p2 18182:h11300/p2
2026-09-11 11:54:44 OK port 18180 [quick] height=11319 peers=2 p2p=aligned aligned=True failed=
2026-09-11 11:54:44 OK port 18181 [quick] height=11319 peers=2 p2p=aligned aligned=True failed=
2026-09-11 11:54:44 OK port 18182 [quick] height=11319 peers=2 p2p=aligned aligned=True failed=
2026-09-11 11:54:44 OK mesh aligned 18180:h11319/p2 18181:h11319/p2 18182:h11319/p2
2026-09-11 11:59:45 OK port 18180 [quick] height=11338 peers=2 p2p=aligned aligned=True failed=
2026-09-11 11:59:45 OK port 18181 [quick] height=11338 peers=2 p2p=aligned aligned=True failed=
2026-09-11 11:59:45 OK port 18182 [quick] height=11338 peers=2 p2p=aligned aligned=True failed=
2026-09-11 11:59:45 OK mesh aligned 18180:h11338/p2 18181:h11338/p2 18182:h11338/p2
2026-09-11 12:04:46 OK port 18180 [full] height=11357 peers=2 p2p=aligned aligned=True failed=
2026-09-11 12:04:46 OK port 18181 [full] height=11357 peers=2 p2p=aligned aligned=True failed=
2026-09-11 12:04:46 OK port 18182 [full] height=11357 peers=2 p2p=aligned aligned=True failed=
2026-09-11 12:04:46 OK mesh aligned 18180:h11357/p2 18181:h11357/p2 18182:h11357/p2
2026-09-11 12:09:49 OK port 18180 [quick] height=11376 peers=2 p2p=inconsistent aligned=True failed=
2026-09-11 12:09:49 OK port 18181 [quick] height=11375 peers=2 p2p=aligned aligned=True failed=
2026-09-11 12:09:49 OK port 18182 [quick] height=11375 peers=2 p2p=aligned aligned=True failed=
2026-09-11 12:09:49 OK mesh aligned 18180:h11376/p2 18181:h11375/p2 18182:h11375/p2 transient_delta=1
2026-09-11 12:14:52 OK port 18180 [quick] height=11394 peers=2 p2p=aligned aligned=True failed=
2026-09-11 12:14:52 OK port 18181 [quick] height=11394 peers=2 p2p=aligned aligned=True failed=
2026-09-11 12:14:52 OK port 18182 [quick] height=11394 peers=2 p2p=aligned aligned=True failed=
2026-09-11 12:14:52 OK mesh aligned 18180:h11394/p2 18181:h11394/p2 18182:h11394/p2
2026-09-11 12:19:53 OK port 18180 [quick] height=11413 peers=2 p2p=aligned aligned=True failed=
2026-09-11 12:19:53 OK port 18181 [quick] height=11413 peers=2 p2p=aligned aligned=True failed=
2026-09-11 12:19:53 OK port 18182 [quick] height=11413 peers=2 p2p=aligned aligned=True failed=
2026-09-11 12:19:53 OK mesh aligned 18180:h11413/p2 18181:h11413/p2 18182:h11413/p2
2026-09-11 12:24:54 OK port 18180 [quick] height=11432 peers=2 p2p=aligned aligned=True failed=
2026-09-11 12:24:54 OK port 18181 [quick] height=11432 peers=2 p2p=aligned aligned=True failed=
2026-09-11 12:24:54 OK port 18182 [quick] height=11432 peers=2 p2p=aligned aligned=True failed=
2026-09-11 12:24:54 OK mesh aligned 18180:h11432/p2 18181:h11432/p2 18182:h11432/p2
2026-09-11 12:29:55 OK port 18180 [quick] height=11451 peers=2 p2p=aligned aligned=True failed=
2026-09-11 12:29:55 OK port 18181 [quick] height=11451 peers=2 p2p=aligned aligned=True failed=
2026-09-11 12:29:55 OK port 18182 [quick] height=11451 peers=2 p2p=aligned aligned=True failed=
2026-09-11 12:29:55 OK mesh aligned 18180:h11451/p2 18181:h11451/p2 18182:h11451/p2
2026-09-11 12:34:56 OK port 18180 [full] height=11470 peers=2 p2p=aligned aligned=True failed=
2026-09-11 12:34:56 OK port 18181 [full] height=11470 peers=2 p2p=aligned aligned=True failed=
2026-09-11 12:34:56 OK port 18182 [full] height=11470 peers=2 p2p=aligned aligned=True failed=
2026-09-11 12:34:56 OK mesh aligned 18180:h11470/p2 18181:h11470/p2 18182:h11470/p2
2026-09-11 12:39:57 OK port 18180 [quick] height=11489 peers=2 p2p=aligned aligned=True failed=
2026-09-11 12:39:57 OK port 18181 [quick] height=11489 peers=2 p2p=aligned aligned=True failed=
2026-09-11 12:39:57 OK port 18182 [quick] height=11489 peers=2 p2p=aligned aligned=True failed=
2026-09-11 12:39:57 OK mesh aligned 18180:h11489/p2 18181:h11489/p2 18182:h11489/p2
2026-09-11 12:44:58 OK port 18180 [quick] height=11508 peers=2 p2p=aligned aligned=True failed=
2026-09-11 12:44:58 OK port 18181 [quick] height=11508 peers=2 p2p=aligned aligned=True failed=
2026-09-11 12:44:58 OK port 18182 [quick] height=11508 peers=2 p2p=aligned aligned=True failed=
2026-09-11 12:44:58 OK mesh aligned 18180:h11508/p2 18181:h11508/p2 18182:h11508/p2
2026-09-11 12:49:59 OK port 18180 [quick] height=11527 peers=2 p2p=aligned aligned=True failed=
2026-09-11 12:49:59 OK port 18181 [quick] height=11527 peers=2 p2p=aligned aligned=True failed=
2026-09-11 12:49:59 OK port 18182 [quick] height=11527 peers=2 p2p=aligned aligned=True failed=
2026-09-11 12:49:59 OK mesh aligned 18180:h11527/p2 18181:h11527/p2 18182:h11527/p2
2026-09-11 12:55:01 OK port 18180 [quick] height=11546 peers=2 p2p=aligned aligned=True failed=
2026-09-11 12:55:01 OK port 18181 [quick] height=11546 peers=2 p2p=aligned aligned=True failed=
2026-09-11 12:55:01 OK port 18182 [quick] height=11546 peers=2 p2p=aligned aligned=True failed=
2026-09-11 12:55:01 OK mesh aligned 18180:h11546/p2 18181:h11546/p2 18182:h11546/p2
2026-09-11 13:00:02 OK port 18180 [quick] height=11564 peers=2 p2p=aligned aligned=True failed=
2026-09-11 13:00:02 OK port 18181 [quick] height=11564 peers=2 p2p=aligned aligned=True failed=
2026-09-11 13:00:02 OK port 18182 [quick] height=11564 peers=2 p2p=aligned aligned=True failed=
2026-09-11 13:00:02 OK mesh aligned 18180:h11564/p2 18181:h11564/p2 18182:h11564/p2
2026-09-11 13:05:03 OK port 18180 [full] height=11583 peers=2 p2p=aligned aligned=True failed=
2026-09-11 13:05:03 OK port 18181 [full] height=11583 peers=2 p2p=aligned aligned=True failed=
2026-09-11 13:05:03 OK port 18182 [full] height=11583 peers=2 p2p=aligned aligned=True failed=
2026-09-11 13:05:03 OK mesh aligned 18180:h11583/p2 18181:h11583/p2 18182:h11583/p2
2026-09-11 13:10:04 OK port 18180 [quick] height=11602 peers=2 p2p=aligned aligned=True failed=
2026-09-11 13:10:04 OK port 18181 [quick] height=11602 peers=2 p2p=aligned aligned=True failed=
2026-09-11 13:10:04 OK port 18182 [quick] height=11602 peers=2 p2p=aligned aligned=True failed=
2026-09-11 13:10:04 OK mesh aligned 18180:h11602/p2 18181:h11602/p2 18182:h11602/p2
2026-09-11 13:15:06 OK port 18180 [quick] height=11621 peers=2 p2p=aligned aligned=True failed=
2026-09-11 13:15:06 OK port 18181 [quick] height=11621 peers=2 p2p=aligned aligned=True failed=
2026-09-11 13:15:06 OK port 18182 [quick] height=11621 peers=2 p2p=aligned aligned=True failed=
2026-09-11 13:15:06 OK mesh aligned 18180:h11621/p2 18181:h11621/p2 18182:h11621/p2
2026-09-11 13:20:07 OK port 18180 [quick] height=11640 peers=2 p2p=aligned aligned=True failed=
2026-09-11 13:20:07 OK port 18181 [quick] height=11640 peers=2 p2p=aligned aligned=True failed=
2026-09-11 13:20:07 OK port 18182 [quick] height=11640 peers=2 p2p=aligned aligned=True failed=
2026-09-11 13:20:07 OK mesh aligned 18180:h11640/p2 18181:h11640/p2 18182:h11640/p2
2026-09-11 13:25:08 OK port 18180 [quick] height=11659 peers=2 p2p=aligned aligned=True failed=
2026-09-11 13:25:08 OK port 18181 [quick] height=11659 peers=2 p2p=aligned aligned=True failed=
2026-09-11 13:25:08 OK port 18182 [quick] height=11659 peers=2 p2p=aligned aligned=True failed=
2026-09-11 13:25:08 OK mesh aligned 18180:h11659/p2 18181:h11659/p2 18182:h11659/p2
2026-09-11 13:30:09 OK port 18180 [quick] height=11678 peers=2 p2p=aligned aligned=True failed=
2026-09-11 13:30:09 OK port 18181 [quick] height=11678 peers=2 p2p=aligned aligned=True failed=
2026-09-11 13:30:09 OK port 18182 [quick] height=11678 peers=2 p2p=aligned aligned=True failed=
2026-09-11 13:30:09 OK mesh aligned 18180:h11678/p2 18181:h11678/p2 18182:h11678/p2
2026-09-11 13:35:10 OK port 18180 [full] height=11697 peers=2 p2p=aligned aligned=True failed=
2026-09-11 13:35:10 OK port 18181 [full] height=11697 peers=2 p2p=aligned aligned=True failed=
2026-09-11 13:35:10 OK port 18182 [full] height=11697 peers=2 p2p=aligned aligned=True failed=
2026-09-11 13:35:10 OK mesh aligned 18180:h11697/p2 18181:h11697/p2 18182:h11697/p2
2026-09-11 13:40:11 OK port 18180 [quick] height=11716 peers=2 p2p=aligned aligned=True failed=
2026-09-11 13:40:11 OK port 18181 [quick] height=11716 peers=2 p2p=aligned aligned=True failed=
2026-09-11 13:40:11 OK port 18182 [quick] height=11716 peers=2 p2p=aligned aligned=True failed=
2026-09-11 13:40:11 OK mesh aligned 18180:h11716/p2 18181:h11716/p2 18182:h11716/p2
2026-09-11 13:45:12 OK port 18180 [quick] height=11735 peers=2 p2p=aligned aligned=True failed=
2026-09-11 13:45:12 OK port 18181 [quick] height=11735 peers=2 p2p=aligned aligned=True failed=
2026-09-11 13:45:12 OK port 18182 [quick] height=11735 peers=2 p2p=aligned aligned=True failed=
2026-09-11 13:45:12 OK mesh aligned 18180:h11735/p2 18181:h11735/p2 18182:h11735/p2
2026-09-11 13:50:13 OK port 18180 [quick] height=11753 peers=2 p2p=aligned aligned=True failed=
2026-09-11 13:50:13 OK port 18181 [quick] height=11753 peers=2 p2p=aligned aligned=True failed=
2026-09-11 13:50:13 OK port 18182 [quick] height=11753 peers=2 p2p=aligned aligned=True failed=
2026-09-11 13:50:13 OK mesh aligned 18180:h11753/p2 18181:h11753/p2 18182:h11753/p2
2026-09-11 13:55:14 OK port 18180 [quick] height=11772 peers=2 p2p=aligned aligned=True failed=
2026-09-11 13:55:14 OK port 18181 [quick] height=11772 peers=2 p2p=aligned aligned=True failed=
2026-09-11 13:55:14 OK port 18182 [quick] height=11772 peers=2 p2p=aligned aligned=True failed=
2026-09-11 13:55:14 OK mesh aligned 18180:h11772/p2 18181:h11772/p2 18182:h11772/p2
2026-09-11 14:00:16 OK port 18180 [quick] height=11791 peers=2 p2p=aligned aligned=True failed=
2026-09-11 14:00:16 OK port 18181 [quick] height=11791 peers=2 p2p=aligned aligned=True failed=
2026-09-11 14:00:16 OK port 18182 [quick] height=11791 peers=2 p2p=aligned aligned=True failed=
2026-09-11 14:00:16 OK mesh aligned 18180:h11791/p2 18181:h11791/p2 18182:h11791/p2
2026-09-11 14:05:17 OK port 18180 [full] height=11810 peers=2 p2p=aligned aligned=True failed=
2026-09-11 14:05:17 OK port 18181 [full] height=11810 peers=2 p2p=aligned aligned=True failed=
2026-09-11 14:05:17 OK port 18182 [full] height=11810 peers=2 p2p=aligned aligned=True failed=
2026-09-11 14:05:17 OK mesh aligned 18180:h11810/p2 18181:h11810/p2 18182:h11810/p2
2026-09-11 14:10:18 OK port 18180 [quick] height=11829 peers=2 p2p=aligned aligned=True failed=
2026-09-11 14:10:18 OK port 18181 [quick] height=11829 peers=2 p2p=aligned aligned=True failed=
2026-09-11 14:10:18 OK port 18182 [quick] height=11829 peers=2 p2p=aligned aligned=True failed=
2026-09-11 14:10:18 OK mesh aligned 18180:h11829/p2 18181:h11829/p2 18182:h11829/p2
2026-09-11 14:15:19 OK port 18180 [quick] height=11848 peers=2 p2p=aligned aligned=True failed=
2026-09-11 14:15:19 OK port 18181 [quick] height=11848 peers=2 p2p=aligned aligned=True failed=
2026-09-11 14:15:19 OK port 18182 [quick] height=11848 peers=2 p2p=aligned aligned=True failed=
2026-09-11 14:15:19 OK mesh aligned 18180:h11848/p2 18181:h11848/p2 18182:h11848/p2
2026-09-11 14:20:20 OK port 18180 [quick] height=11867 peers=2 p2p=aligned aligned=True failed=
2026-09-11 14:20:20 OK port 18181 [quick] height=11867 peers=2 p2p=aligned aligned=True failed=
2026-09-11 14:20:20 OK port 18182 [quick] height=11867 peers=2 p2p=aligned aligned=True failed=
2026-09-11 14:20:20 OK mesh aligned 18180:h11867/p2 18181:h11867/p2 18182:h11867/p2
2026-09-11 14:25:21 OK port 18180 [quick] height=11886 peers=2 p2p=aligned aligned=True failed=
2026-09-11 14:25:21 OK port 18181 [quick] height=11886 peers=2 p2p=aligned aligned=True failed=
2026-09-11 14:25:21 OK port 18182 [quick] height=11886 peers=2 p2p=aligned aligned=True failed=
2026-09-11 14:25:21 OK mesh aligned 18180:h11886/p2 18181:h11886/p2 18182:h11886/p2
2026-09-11 14:30:23 OK port 18180 [quick] height=11905 peers=2 p2p=aligned aligned=True failed=
2026-09-11 14:30:23 OK port 18181 [quick] height=11905 peers=2 p2p=aligned aligned=True failed=
2026-09-11 14:30:23 OK port 18182 [quick] height=11905 peers=2 p2p=aligned aligned=True failed=
2026-09-11 14:30:23 OK mesh aligned 18180:h11905/p2 18181:h11905/p2 18182:h11905/p2
2026-09-11 14:35:23 OK port 18180 [full] height=11924 peers=2 p2p=aligned aligned=True failed=
2026-09-11 14:35:23 OK port 18181 [full] height=11924 peers=2 p2p=aligned aligned=True failed=
2026-09-11 14:35:23 OK port 18182 [full] height=11924 peers=2 p2p=aligned aligned=True failed=
2026-09-11 14:35:23 OK mesh aligned 18180:h11924/p2 18181:h11924/p2 18182:h11924/p2
2026-09-11 14:40:25 OK port 18180 [quick] height=11943 peers=2 p2p=aligned aligned=True failed=
2026-09-11 14:40:25 OK port 18181 [quick] height=11943 peers=2 p2p=aligned aligned=True failed=
2026-09-11 14:40:25 OK port 18182 [quick] height=11943 peers=2 p2p=aligned aligned=True failed=
2026-09-11 14:40:25 OK mesh aligned 18180:h11943/p2 18181:h11943/p2 18182:h11943/p2
2026-09-11 14:45:26 OK port 18180 [quick] height=11962 peers=2 p2p=aligned aligned=True failed=
2026-09-11 14:45:26 OK port 18181 [quick] height=11962 peers=2 p2p=aligned aligned=True failed=
2026-09-11 14:45:26 OK port 18182 [quick] height=11962 peers=2 p2p=aligned aligned=True failed=
2026-09-11 14:45:26 OK mesh aligned 18180:h11962/p2 18181:h11962/p2 18182:h11962/p2
2026-09-11 14:50:28 OK port 18180 [quick] height=11981 peers=2 p2p=aligned aligned=True failed=
2026-09-11 14:50:28 OK port 18181 [quick] height=11981 peers=2 p2p=aligned aligned=True failed=
2026-09-11 14:50:28 OK port 18182 [quick] height=11981 peers=2 p2p=aligned aligned=True failed=
2026-09-11 14:50:28 OK mesh aligned 18180:h11981/p2 18181:h11981/p2 18182:h11981/p2
2026-09-11 14:55:29 OK port 18180 [quick] height=11999 peers=2 p2p=aligned aligned=True failed=
2026-09-11 14:55:29 OK port 18181 [quick] height=11999 peers=2 p2p=aligned aligned=True failed=
2026-09-11 14:55:29 OK port 18182 [quick] height=11999 peers=2 p2p=aligned aligned=True failed=
2026-09-11 14:55:29 OK mesh aligned 18180:h11999/p2 18181:h11999/p2 18182:h11999/p2
2026-09-11 15:00:30 OK port 18180 [quick] height=12018 peers=2 p2p=aligned aligned=True failed=
2026-09-11 15:00:30 OK port 18181 [quick] height=12018 peers=2 p2p=aligned aligned=True failed=
2026-09-11 15:00:30 OK port 18182 [quick] height=12018 peers=2 p2p=aligned aligned=True failed=
2026-09-11 15:00:30 OK mesh aligned 18180:h12018/p2 18181:h12018/p2 18182:h12018/p2
2026-09-11 15:05:31 OK port 18180 [full] height=12037 peers=2 p2p=aligned aligned=True failed=
2026-09-11 15:05:31 OK port 18181 [full] height=12037 peers=2 p2p=aligned aligned=True failed=
2026-09-11 15:05:31 OK port 18182 [full] height=12037 peers=2 p2p=aligned aligned=True failed=
2026-09-11 15:05:31 OK mesh aligned 18180:h12037/p2 18181:h12037/p2 18182:h12037/p2
2026-09-11 15:10:32 OK port 18180 [quick] height=12056 peers=2 p2p=aligned aligned=True failed=
2026-09-11 15:10:32 OK port 18181 [quick] height=12056 peers=2 p2p=aligned aligned=True failed=
2026-09-11 15:10:32 OK port 18182 [quick] height=12056 peers=2 p2p=aligned aligned=True failed=
2026-09-11 15:10:32 OK mesh aligned 18180:h12056/p2 18181:h12056/p2 18182:h12056/p2
2026-09-11 15:15:33 OK port 18180 [quick] height=12075 peers=2 p2p=aligned aligned=True failed=
2026-09-11 15:15:33 OK port 18181 [quick] height=12075 peers=2 p2p=aligned aligned=True failed=
2026-09-11 15:15:33 OK port 18182 [quick] height=12075 peers=2 p2p=aligned aligned=True failed=
2026-09-11 15:15:33 OK mesh aligned 18180:h12075/p2 18181:h12075/p2 18182:h12075/p2
2026-09-11 15:20:35 OK port 18180 [quick] height=12094 peers=2 p2p=aligned aligned=True failed=
2026-09-11 15:20:35 OK port 18181 [quick] height=12094 peers=2 p2p=aligned aligned=True failed=
2026-09-11 15:20:35 OK port 18182 [quick] height=12094 peers=2 p2p=aligned aligned=True failed=
2026-09-11 15:20:35 OK mesh aligned 18180:h12094/p2 18181:h12094/p2 18182:h12094/p2
2026-09-11 15:25:36 OK port 18180 [quick] height=12113 peers=2 p2p=aligned aligned=True failed=
2026-09-11 15:25:36 OK port 18181 [quick] height=12113 peers=2 p2p=aligned aligned=True failed=
2026-09-11 15:25:36 OK port 18182 [quick] height=12113 peers=2 p2p=aligned aligned=True failed=
2026-09-11 15:25:36 OK mesh aligned 18180:h12113/p2 18181:h12113/p2 18182:h12113/p2
2026-09-11 15:30:37 OK port 18180 [quick] height=12132 peers=2 p2p=aligned aligned=True failed=
2026-09-11 15:30:37 OK port 18181 [quick] height=12132 peers=2 p2p=aligned aligned=True failed=
2026-09-11 15:30:37 OK port 18182 [quick] height=12132 peers=2 p2p=aligned aligned=True failed=
2026-09-11 15:30:37 OK mesh aligned 18180:h12132/p2 18181:h12132/p2 18182:h12132/p2
2026-09-11 15:35:39 OK port 18180 [full] height=12151 peers=2 p2p=aligned aligned=True failed=
2026-09-11 15:35:39 OK port 18181 [full] height=12151 peers=2 p2p=aligned aligned=True failed=
2026-09-11 15:35:39 OK port 18182 [full] height=12151 peers=2 p2p=aligned aligned=True failed=
2026-09-11 15:35:39 OK mesh aligned 18180:h12151/p2 18181:h12151/p2 18182:h12151/p2
2026-09-11 15:40:40 OK port 18180 [quick] height=12170 peers=2 p2p=inconsistent aligned=True failed=
2026-09-11 15:40:40 OK port 18181 [quick] height=12170 peers=2 p2p=inconsistent aligned=True failed=
2026-09-11 15:40:40 OK port 18182 [quick] height=12170 peers=2 p2p=aligned aligned=True failed=
2026-09-11 15:40:40 OK mesh aligned 18180:h12170/p2 18181:h12170/p2 18182:h12170/p2
2026-09-11 15:45:41 OK port 18180 [quick] height=12188 peers=2 p2p=aligned aligned=True failed=
2026-09-11 15:45:41 OK port 18181 [quick] height=12188 peers=2 p2p=aligned aligned=True failed=
2026-09-11 15:45:41 OK port 18182 [quick] height=12188 peers=2 p2p=aligned aligned=True failed=
2026-09-11 15:45:41 OK mesh aligned 18180:h12188/p2 18181:h12188/p2 18182:h12188/p2
2026-09-11 15:50:42 OK port 18180 [quick] height=12207 peers=2 p2p=aligned aligned=True failed=
2026-09-11 15:50:42 OK port 18181 [quick] height=12207 peers=2 p2p=aligned aligned=True failed=
2026-09-11 15:50:42 OK port 18182 [quick] height=12207 peers=2 p2p=aligned aligned=True failed=
2026-09-11 15:50:42 OK mesh aligned 18180:h12207/p2 18181:h12207/p2 18182:h12207/p2
2026-09-11 15:55:43 OK port 18180 [quick] height=12226 peers=2 p2p=aligned aligned=True failed=
2026-09-11 15:55:43 OK port 18181 [quick] height=12226 peers=2 p2p=aligned aligned=True failed=
2026-09-11 15:55:43 OK port 18182 [quick] height=12226 peers=2 p2p=aligned aligned=True failed=
2026-09-11 15:55:43 OK mesh aligned 18180:h12226/p2 18181:h12226/p2 18182:h12226/p2
2026-09-11 16:00:44 OK port 18180 [quick] height=12245 peers=2 p2p=aligned aligned=True failed=
2026-09-11 16:00:44 OK port 18181 [quick] height=12245 peers=2 p2p=aligned aligned=True failed=
2026-09-11 16:00:44 OK port 18182 [quick] height=12245 peers=2 p2p=aligned aligned=True failed=
2026-09-11 16:00:44 OK mesh aligned 18180:h12245/p2 18181:h12245/p2 18182:h12245/p2
2026-09-11 16:05:45 OK port 18180 [full] height=12264 peers=2 p2p=aligned aligned=True failed=
2026-09-11 16:05:45 OK port 18181 [full] height=12264 peers=2 p2p=aligned aligned=True failed=
2026-09-11 16:05:45 OK port 18182 [full] height=12264 peers=2 p2p=aligned aligned=True failed=
2026-09-11 16:05:45 OK mesh aligned 18180:h12264/p2 18181:h12264/p2 18182:h12264/p2
2026-09-11 16:10:48 OK port 18180 [quick] height=12283 peers=2 p2p=aligned aligned=True failed=
2026-09-11 16:10:48 OK port 18181 [quick] height=12283 peers=2 p2p=aligned aligned=True failed=
2026-09-11 16:10:48 OK port 18182 [quick] height=12283 peers=2 p2p=aligned aligned=True failed=
2026-09-11 16:10:48 OK mesh aligned 18180:h12283/p2 18181:h12283/p2 18182:h12283/p2
2026-09-11 16:15:52 OK port 18180 [quick] height=12302 peers=2 p2p=inconsistent aligned=True failed=
2026-09-11 16:15:52 OK port 18181 [quick] height=12301 peers=2 p2p=aligned aligned=True failed=
2026-09-11 16:15:52 OK port 18182 [quick] height=12301 peers=2 p2p=aligned aligned=True failed=
2026-09-11 16:15:52 OK mesh aligned 18180:h12302/p2 18181:h12301/p2 18182:h12301/p2 transient_delta=1
2026-09-11 16:20:54 OK port 18180 [quick] height=12321 peers=2 p2p=aligned aligned=True failed=
2026-09-11 16:20:54 OK port 18181 [quick] height=12321 peers=2 p2p=aligned aligned=True failed=
2026-09-11 16:20:54 OK port 18182 [quick] height=12321 peers=2 p2p=aligned aligned=True failed=
2026-09-11 16:20:54 OK mesh aligned 18180:h12321/p2 18181:h12321/p2 18182:h12321/p2
2026-09-11 16:25:55 OK port 18180 [quick] height=12339 peers=2 p2p=aligned aligned=True failed=
2026-09-11 16:25:55 OK port 18181 [quick] height=12339 peers=2 p2p=aligned aligned=True failed=
2026-09-11 16:25:55 OK port 18182 [quick] height=12339 peers=2 p2p=aligned aligned=True failed=
2026-09-11 16:25:55 OK mesh aligned 18180:h12339/p2 18181:h12339/p2 18182:h12339/p2
2026-09-11 16:30:56 OK port 18180 [quick] height=12358 peers=2 p2p=aligned aligned=True failed=
2026-09-11 16:30:56 OK port 18181 [quick] height=12358 peers=2 p2p=aligned aligned=True failed=
2026-09-11 16:30:56 OK port 18182 [quick] height=12358 peers=2 p2p=aligned aligned=True failed=
2026-09-11 16:30:56 OK mesh aligned 18180:h12358/p2 18181:h12358/p2 18182:h12358/p2
2026-09-11 16:35:57 OK port 18180 [full] height=12377 peers=2 p2p=aligned aligned=True failed=
2026-09-11 16:35:57 OK port 18181 [full] height=12377 peers=2 p2p=aligned aligned=True failed=
2026-09-11 16:35:57 OK port 18182 [full] height=12377 peers=2 p2p=aligned aligned=True failed=
2026-09-11 16:35:57 OK mesh aligned 18180:h12377/p2 18181:h12377/p2 18182:h12377/p2
2026-09-11 16:41:00 OK port 18180 [quick] height=12396 peers=2 p2p=aligned aligned=True failed=
2026-09-11 16:41:00 OK port 18181 [quick] height=12396 peers=2 p2p=aligned aligned=True failed=
2026-09-11 16:41:00 OK port 18182 [quick] height=12396 peers=2 p2p=aligned aligned=True failed=
2026-09-11 16:41:00 OK mesh aligned 18180:h12396/p2 18181:h12396/p2 18182:h12396/p2
2026-09-11 16:46:01 OK port 18180 [quick] height=12414 peers=2 p2p=aligned aligned=True failed=
2026-09-11 16:46:01 OK port 18181 [quick] height=12414 peers=2 p2p=aligned aligned=True failed=
2026-09-11 16:46:01 OK port 18182 [quick] height=12414 peers=2 p2p=aligned aligned=True failed=
2026-09-11 16:46:01 OK mesh aligned 18180:h12414/p2 18181:h12414/p2 18182:h12414/p2
2026-09-11 16:51:02 OK port 18180 [quick] height=12433 peers=2 p2p=aligned aligned=True failed=
2026-09-11 16:51:02 OK port 18181 [quick] height=12433 peers=2 p2p=aligned aligned=True failed=
2026-09-11 16:51:02 OK port 18182 [quick] height=12433 peers=2 p2p=aligned aligned=True failed=
2026-09-11 16:51:02 OK mesh aligned 18180:h12433/p2 18181:h12433/p2 18182:h12433/p2
2026-09-11 16:56:03 OK port 18180 [quick] height=12452 peers=2 p2p=aligned aligned=True failed=
2026-09-11 16:56:03 OK port 18181 [quick] height=12452 peers=2 p2p=aligned aligned=True failed=
2026-09-11 16:56:03 OK port 18182 [quick] height=12452 peers=2 p2p=aligned aligned=True failed=
2026-09-11 16:56:03 OK mesh aligned 18180:h12452/p2 18181:h12452/p2 18182:h12452/p2
2026-09-11 17:01:04 OK port 18180 [quick] height=12471 peers=2 p2p=aligned aligned=True failed=
2026-09-11 17:01:04 OK port 18181 [quick] height=12471 peers=2 p2p=aligned aligned=True failed=
2026-09-11 17:01:04 OK port 18182 [quick] height=12471 peers=2 p2p=aligned aligned=True failed=
2026-09-11 17:01:04 OK mesh aligned 18180:h12471/p2 18181:h12471/p2 18182:h12471/p2
2026-09-11 17:06:06 OK port 18180 [full] height=12490 peers=2 p2p=aligned aligned=True failed=
2026-09-11 17:06:06 OK port 18181 [full] height=12490 peers=2 p2p=aligned aligned=True failed=
2026-09-11 17:06:06 OK port 18182 [full] height=12490 peers=2 p2p=aligned aligned=True failed=
2026-09-11 17:06:06 OK mesh aligned 18180:h12490/p2 18181:h12490/p2 18182:h12490/p2
2026-09-11 17:11:10 OK port 18180 [quick] height=12509 peers=2 p2p=aligned aligned=True failed=
2026-09-11 17:11:10 OK port 18181 [quick] height=12509 peers=2 p2p=inconsistent aligned=True failed=
2026-09-11 17:11:10 OK port 18182 [quick] height=12509 peers=2 p2p=aligned aligned=True failed=
2026-09-11 17:11:10 OK mesh aligned 18180:h12509/p2 18181:h12509/p2 18182:h12509/p2
2026-09-11 17:16:13 OK port 18180 [quick] height=12528 peers=2 p2p=inconsistent aligned=True failed=
2026-09-11 17:16:13 OK port 18181 [quick] height=12528 peers=2 p2p=inconsistent aligned=True failed=
2026-09-11 17:16:13 OK port 18182 [quick] height=12528 peers=2 p2p=aligned aligned=True failed=
2026-09-11 17:16:13 OK mesh aligned 18180:h12528/p2 18181:h12528/p2 18182:h12528/p2
2026-09-11 17:21:15 OK port 18180 [quick] height=12547 peers=2 p2p=aligned aligned=True failed=
2026-09-11 17:21:15 OK port 18181 [quick] height=12547 peers=2 p2p=aligned aligned=True failed=
2026-09-11 17:21:15 OK port 18182 [quick] height=12547 peers=2 p2p=aligned aligned=True failed=
2026-09-11 17:21:15 OK mesh aligned 18180:h12547/p2 18181:h12547/p2 18182:h12547/p2
2026-09-11 17:26:18 OK port 18180 [quick] height=12566 peers=2 p2p=aligned aligned=True failed=
2026-09-11 17:26:18 OK port 18181 [quick] height=12566 peers=2 p2p=aligned aligned=True failed=
2026-09-11 17:26:18 OK port 18182 [quick] height=12566 peers=2 p2p=aligned aligned=True failed=
2026-09-11 17:26:18 OK mesh aligned 18180:h12566/p2 18181:h12566/p2 18182:h12566/p2
2026-09-11 17:31:20 OK port 18180 [quick] height=12585 peers=2 p2p=aligned aligned=True failed=
2026-09-11 17:31:20 OK port 18181 [quick] height=12585 peers=2 p2p=aligned aligned=True failed=
2026-09-11 17:31:20 OK port 18182 [quick] height=12585 peers=2 p2p=aligned aligned=True failed=
2026-09-11 17:31:20 OK mesh aligned 18180:h12585/p2 18181:h12585/p2 18182:h12585/p2
2026-09-11 17:36:21 OK port 18180 [full] height=12603 peers=2 p2p=aligned aligned=True failed=
2026-09-11 17:36:21 OK port 18181 [full] height=12603 peers=2 p2p=aligned aligned=True failed=
2026-09-11 17:36:21 OK port 18182 [full] height=12603 peers=2 p2p=aligned aligned=True failed=
2026-09-11 17:36:21 OK mesh aligned 18180:h12603/p2 18181:h12603/p2 18182:h12603/p2
2026-09-11 17:41:23 OK port 18180 [quick] height=12622 peers=2 p2p=aligned aligned=True failed=
2026-09-11 17:41:23 OK port 18181 [quick] height=12622 peers=2 p2p=aligned aligned=True failed=
2026-09-11 17:41:23 OK port 18182 [quick] height=12622 peers=2 p2p=aligned aligned=True failed=
2026-09-11 17:41:23 OK mesh aligned 18180:h12622/p2 18181:h12622/p2 18182:h12622/p2
2026-09-11 17:46:24 OK port 18180 [quick] height=12641 peers=2 p2p=aligned aligned=True failed=
2026-09-11 17:46:24 OK port 18181 [quick] height=12641 peers=2 p2p=aligned aligned=True failed=
2026-09-11 17:46:24 OK port 18182 [quick] height=12641 peers=2 p2p=aligned aligned=True failed=
2026-09-11 17:46:24 OK mesh aligned 18180:h12641/p2 18181:h12641/p2 18182:h12641/p2
2026-09-11 17:51:25 OK port 18180 [quick] height=12660 peers=2 p2p=aligned aligned=True failed=
2026-09-11 17:51:25 OK port 18181 [quick] height=12660 peers=2 p2p=aligned aligned=True failed=
2026-09-11 17:51:25 OK port 18182 [quick] height=12660 peers=2 p2p=aligned aligned=True failed=
2026-09-11 17:51:25 OK mesh aligned 18180:h12660/p2 18181:h12660/p2 18182:h12660/p2
2026-09-11 17:56:26 OK port 18180 [quick] height=12679 peers=2 p2p=aligned aligned=True failed=
2026-09-11 17:56:26 OK port 18181 [quick] height=12679 peers=2 p2p=aligned aligned=True failed=
2026-09-11 17:56:26 OK port 18182 [quick] height=12679 peers=2 p2p=aligned aligned=True failed=
2026-09-11 17:56:26 OK mesh aligned 18180:h12679/p2 18181:h12679/p2 18182:h12679/p2
2026-09-11 18:01:28 OK port 18180 [quick] height=12698 peers=2 p2p=aligned aligned=True failed=
2026-09-11 18:01:28 OK port 18181 [quick] height=12698 peers=2 p2p=aligned aligned=True failed=
2026-09-11 18:01:28 OK port 18182 [quick] height=12698 peers=2 p2p=aligned aligned=True failed=
2026-09-11 18:01:28 OK mesh aligned 18180:h12698/p2 18181:h12698/p2 18182:h12698/p2
2026-09-11 18:06:28 OK port 18180 [full] height=12717 peers=2 p2p=aligned aligned=True failed=
2026-09-11 18:06:28 OK port 18181 [full] height=12717 peers=2 p2p=aligned aligned=True failed=
2026-09-11 18:06:28 OK port 18182 [full] height=12717 peers=2 p2p=aligned aligned=True failed=
2026-09-11 18:06:28 OK mesh aligned 18180:h12717/p2 18181:h12717/p2 18182:h12717/p2
2026-09-11 18:11:29 OK port 18180 [quick] height=12736 peers=2 p2p=aligned aligned=True failed=
2026-09-11 18:11:29 OK port 18181 [quick] height=12736 peers=2 p2p=aligned aligned=True failed=
2026-09-11 18:11:29 OK port 18182 [quick] height=12736 peers=2 p2p=aligned aligned=True failed=
2026-09-11 18:11:29 OK mesh aligned 18180:h12736/p2 18181:h12736/p2 18182:h12736/p2
2026-09-11 18:16:31 OK port 18180 [quick] height=12755 peers=2 p2p=aligned aligned=True failed=
2026-09-11 18:16:31 OK port 18181 [quick] height=12755 peers=2 p2p=aligned aligned=True failed=
2026-09-11 18:16:31 OK port 18182 [quick] height=12755 peers=2 p2p=aligned aligned=True failed=
2026-09-11 18:16:31 OK mesh aligned 18180:h12755/p2 18181:h12755/p2 18182:h12755/p2
2026-09-11 18:21:32 OK port 18180 [quick] height=12774 peers=2 p2p=aligned aligned=True failed=
2026-09-11 18:21:32 OK port 18181 [quick] height=12774 peers=2 p2p=aligned aligned=True failed=
2026-09-11 18:21:32 OK port 18182 [quick] height=12774 peers=2 p2p=aligned aligned=True failed=
2026-09-11 18:21:32 OK mesh aligned 18180:h12774/p2 18181:h12774/p2 18182:h12774/p2
2026-09-11 18:26:35 OK port 18180 [quick] height=12793 peers=2 p2p=inconsistent aligned=True failed=
2026-09-11 18:26:36 OK port 18181 [quick] height=12793 peers=2 p2p=inconsistent aligned=True failed=
2026-09-11 18:26:36 OK port 18182 [quick] height=12793 peers=2 p2p=aligned aligned=True failed=
2026-09-11 18:26:36 OK mesh aligned 18180:h12793/p2 18181:h12793/p2 18182:h12793/p2
2026-09-11 18:31:36 OK port 18180 [quick] height=12811 peers=2 p2p=aligned aligned=True failed=
2026-09-11 18:31:36 OK port 18181 [quick] height=12811 peers=2 p2p=aligned aligned=True failed=
2026-09-11 18:31:36 OK port 18182 [quick] height=12811 peers=2 p2p=aligned aligned=True failed=
2026-09-11 18:31:36 OK mesh aligned 18180:h12811/p2 18181:h12811/p2 18182:h12811/p2
2026-09-11 18:36:38 OK port 18180 [full] height=12830 peers=2 p2p=aligned aligned=True failed=
2026-09-11 18:36:38 OK port 18181 [full] height=12830 peers=2 p2p=aligned aligned=True failed=
2026-09-11 18:36:38 OK port 18182 [full] height=12830 peers=2 p2p=aligned aligned=True failed=
2026-09-11 18:36:38 OK mesh aligned 18180:h12830/p2 18181:h12830/p2 18182:h12830/p2
2026-09-11 18:41:39 OK port 18180 [quick] height=12849 peers=2 p2p=aligned aligned=True failed=
2026-09-11 18:41:39 OK port 18181 [quick] height=12849 peers=2 p2p=aligned aligned=True failed=
2026-09-11 18:41:39 OK port 18182 [quick] height=12849 peers=2 p2p=aligned aligned=True failed=
2026-09-11 18:41:39 OK mesh aligned 18180:h12849/p2 18181:h12849/p2 18182:h12849/p2
2026-09-11 18:46:40 OK port 18180 [quick] height=12868 peers=2 p2p=aligned aligned=True failed=
2026-09-11 18:46:40 OK port 18181 [quick] height=12868 peers=2 p2p=aligned aligned=True failed=
2026-09-11 18:46:40 OK port 18182 [quick] height=12868 peers=2 p2p=aligned aligned=True failed=
2026-09-11 18:46:40 OK mesh aligned 18180:h12868/p2 18181:h12868/p2 18182:h12868/p2
2026-09-11 18:51:42 OK port 18180 [quick] height=12887 peers=2 p2p=aligned aligned=True failed=
2026-09-11 18:51:42 OK port 18181 [quick] height=12887 peers=2 p2p=aligned aligned=True failed=
2026-09-11 18:51:42 OK port 18182 [quick] height=12887 peers=2 p2p=aligned aligned=True failed=
2026-09-11 18:51:42 OK mesh aligned 18180:h12887/p2 18181:h12887/p2 18182:h12887/p2
2026-09-11 18:56:45 OK port 18180 [quick] height=12906 peers=2 p2p=aligned aligned=True failed=
2026-09-11 18:56:45 OK port 18181 [quick] height=12906 peers=2 p2p=aligned aligned=True failed=
2026-09-11 18:56:45 OK port 18182 [quick] height=12906 peers=2 p2p=aligned aligned=True failed=
2026-09-11 18:56:45 OK mesh aligned 18180:h12906/p2 18181:h12906/p2 18182:h12906/p2
2026-09-11 19:01:49 OK port 18180 [quick] height=12925 peers=2 p2p=aligned aligned=True failed=
2026-09-11 19:01:49 OK port 18181 [quick] height=12925 peers=2 p2p=aligned aligned=True failed=
2026-09-11 19:01:49 OK port 18182 [quick] height=12925 peers=2 p2p=aligned aligned=True failed=
2026-09-11 19:01:49 OK mesh aligned 18180:h12925/p2 18181:h12925/p2 18182:h12925/p2
2026-09-11 19:06:51 OK port 18180 [full] height=12944 peers=2 p2p=aligned aligned=True failed=
2026-09-11 19:06:51 OK port 18181 [full] height=12944 peers=2 p2p=aligned aligned=True failed=
2026-09-11 19:06:51 OK port 18182 [full] height=12944 peers=2 p2p=aligned aligned=True failed=
2026-09-11 19:06:51 OK mesh aligned 18180:h12944/p2 18181:h12944/p2 18182:h12944/p2
2026-09-11 19:11:55 OK port 18180 [quick] height=12963 peers=2 p2p=aligned aligned=True failed=
2026-09-11 19:11:55 OK port 18181 [quick] height=12963 peers=2 p2p=aligned aligned=True failed=
2026-09-11 19:11:55 OK port 18182 [quick] height=12963 peers=2 p2p=aligned aligned=True failed=
2026-09-11 19:11:55 OK mesh aligned 18180:h12963/p2 18181:h12963/p2 18182:h12963/p2
2026-09-11 19:16:56 OK port 18180 [quick] height=12982 peers=2 p2p=aligned aligned=True failed=
2026-09-11 19:16:56 OK port 18181 [quick] height=12982 peers=2 p2p=aligned aligned=True failed=
2026-09-11 19:16:56 OK port 18182 [quick] height=12982 peers=2 p2p=aligned aligned=True failed=
2026-09-11 19:16:56 OK mesh aligned 18180:h12982/p2 18181:h12982/p2 18182:h12982/p2
2026-09-11 19:21:58 OK port 18180 [quick] height=13001 peers=2 p2p=aligned aligned=True failed=
2026-09-11 19:21:58 OK port 18181 [quick] height=13001 peers=2 p2p=aligned aligned=True failed=
2026-09-11 19:21:58 OK port 18182 [quick] height=13001 peers=2 p2p=aligned aligned=True failed=
2026-09-11 19:21:58 OK mesh aligned 18180:h13001/p2 18181:h13001/p2 18182:h13001/p2
2026-09-11 19:27:00 OK port 18180 [quick] height=13020 peers=2 p2p=inconsistent aligned=True failed=
2026-09-11 19:27:00 OK port 18181 [quick] height=13020 peers=2 p2p=inconsistent aligned=True failed=
2026-09-11 19:27:00 OK port 18182 [quick] height=13020 peers=2 p2p=aligned aligned=True failed=
2026-09-11 19:27:00 OK mesh aligned 18180:h13020/p2 18181:h13020/p2 18182:h13020/p2
2026-09-11 19:32:01 OK port 18180 [quick] height=13038 peers=2 p2p=aligned aligned=True failed=
2026-09-11 19:32:01 OK port 18181 [quick] height=13038 peers=2 p2p=aligned aligned=True failed=
2026-09-11 19:32:01 OK port 18182 [quick] height=13038 peers=2 p2p=aligned aligned=True failed=
2026-09-11 19:32:01 OK mesh aligned 18180:h13038/p2 18181:h13038/p2 18182:h13038/p2
2026-09-11 19:37:02 OK port 18180 [full] height=13057 peers=2 p2p=aligned aligned=True failed=
2026-09-11 19:37:02 OK port 18181 [full] height=13057 peers=2 p2p=aligned aligned=True failed=
2026-09-11 19:37:02 OK port 18182 [full] height=13057 peers=2 p2p=aligned aligned=True failed=
2026-09-11 19:37:02 OK mesh aligned 18180:h13057/p2 18181:h13057/p2 18182:h13057/p2
2026-09-11 19:42:03 OK port 18180 [quick] height=13076 peers=2 p2p=aligned aligned=True failed=
2026-09-11 19:42:03 OK port 18181 [quick] height=13076 peers=2 p2p=aligned aligned=True failed=
2026-09-11 19:42:03 OK port 18182 [quick] height=13076 peers=2 p2p=aligned aligned=True failed=
2026-09-11 19:42:03 OK mesh aligned 18180:h13076/p2 18181:h13076/p2 18182:h13076/p2
2026-09-11 19:47:06 OK port 18180 [quick] height=13095 peers=2 p2p=aligned aligned=True failed=
2026-09-11 19:47:06 OK port 18181 [quick] height=13095 peers=2 p2p=aligned aligned=True failed=
2026-09-11 19:47:06 OK port 18182 [quick] height=13095 peers=2 p2p=aligned aligned=True failed=
2026-09-11 19:47:06 OK mesh aligned 18180:h13095/p2 18181:h13095/p2 18182:h13095/p2
2026-09-11 19:52:07 OK port 18180 [quick] height=13114 peers=2 p2p=aligned aligned=True failed=
2026-09-11 19:52:07 OK port 18181 [quick] height=13114 peers=2 p2p=aligned aligned=True failed=
2026-09-11 19:52:07 OK port 18182 [quick] height=13114 peers=2 p2p=aligned aligned=True failed=
2026-09-11 19:52:07 OK mesh aligned 18180:h13114/p2 18181:h13114/p2 18182:h13114/p2
2026-09-11 19:57:08 OK port 18180 [quick] height=13133 peers=2 p2p=aligned aligned=True failed=
2026-09-11 19:57:08 OK port 18181 [quick] height=13133 peers=2 p2p=aligned aligned=True failed=
2026-09-11 19:57:08 OK port 18182 [quick] height=13133 peers=2 p2p=aligned aligned=True failed=
2026-09-11 19:57:08 OK mesh aligned 18180:h13133/p2 18181:h13133/p2 18182:h13133/p2
2026-09-11 20:02:11 OK port 18180 [quick] height=13152 peers=2 p2p=inconsistent aligned=True failed=
2026-09-11 20:02:11 OK port 18181 [quick] height=13152 peers=2 p2p=aligned aligned=True failed=
2026-09-11 20:02:11 OK port 18182 [quick] height=13152 peers=2 p2p=inconsistent aligned=True failed=
2026-09-11 20:02:11 OK mesh aligned 18180:h13152/p2 18181:h13152/p2 18182:h13152/p2
2026-09-11 20:07:12 OK port 18180 [full] height=13170 peers=2 p2p=aligned aligned=True failed=
2026-09-11 20:07:12 OK port 18181 [full] height=13170 peers=2 p2p=aligned aligned=True failed=
2026-09-11 20:07:12 OK port 18182 [full] height=13170 peers=2 p2p=aligned aligned=True failed=
2026-09-11 20:07:12 OK mesh aligned 18180:h13170/p2 18181:h13170/p2 18182:h13170/p2
2026-09-11 20:12:13 OK port 18180 [quick] height=13189 peers=2 p2p=aligned aligned=True failed=
2026-09-11 20:12:13 OK port 18181 [quick] height=13189 peers=2 p2p=aligned aligned=True failed=
2026-09-11 20:12:13 OK port 18182 [quick] height=13189 peers=2 p2p=aligned aligned=True failed=
2026-09-11 20:12:13 OK mesh aligned 18180:h13189/p2 18181:h13189/p2 18182:h13189/p2
2026-09-11 20:17:14 OK port 18180 [quick] height=13207 peers=2 p2p=aligned aligned=True failed=
2026-09-11 20:17:14 OK port 18181 [quick] height=13207 peers=2 p2p=aligned aligned=True failed=
2026-09-11 20:17:14 OK port 18182 [quick] height=13207 peers=2 p2p=aligned aligned=True failed=
2026-09-11 20:17:14 OK mesh aligned 18180:h13207/p2 18181:h13207/p2 18182:h13207/p2
2026-09-11 20:22:15 OK port 18180 [quick] height=13226 peers=2 p2p=aligned aligned=True failed=
2026-09-11 20:22:15 OK port 18181 [quick] height=13226 peers=2 p2p=aligned aligned=True failed=
2026-09-11 20:22:15 OK port 18182 [quick] height=13226 peers=2 p2p=aligned aligned=True failed=
2026-09-11 20:22:15 OK mesh aligned 18180:h13226/p2 18181:h13226/p2 18182:h13226/p2
2026-09-11 20:27:16 OK port 18180 [quick] height=13244 peers=2 p2p=aligned aligned=True failed=
2026-09-11 20:27:16 OK port 18181 [quick] height=13244 peers=2 p2p=aligned aligned=True failed=
2026-09-11 20:27:16 OK port 18182 [quick] height=13244 peers=2 p2p=aligned aligned=True failed=
2026-09-11 20:27:16 OK mesh aligned 18180:h13244/p2 18181:h13244/p2 18182:h13244/p2
2026-09-11 20:32:17 OK port 18180 [quick] height=13263 peers=2 p2p=aligned aligned=True failed=
2026-09-11 20:32:17 OK port 18181 [quick] height=13263 peers=2 p2p=aligned aligned=True failed=
2026-09-11 20:32:17 OK port 18182 [quick] height=13263 peers=2 p2p=aligned aligned=True failed=
2026-09-11 20:32:17 OK mesh aligned 18180:h13263/p2 18181:h13263/p2 18182:h13263/p2
2026-09-11 20:37:20 OK port 18180 [full] height=13281 peers=2 p2p=aligned aligned=True failed=
2026-09-11 20:37:20 OK port 18181 [full] height=13281 peers=2 p2p=aligned aligned=True failed=
2026-09-11 20:37:20 OK port 18182 [full] height=13281 peers=2 p2p=aligned aligned=True failed=
2026-09-11 20:37:20 OK mesh aligned 18180:h13281/p2 18181:h13281/p2 18182:h13281/p2
2026-09-11 20:42:21 OK port 18180 [quick] height=13300 peers=2 p2p=aligned aligned=True failed=
2026-09-11 20:42:21 OK port 18181 [quick] height=13300 peers=2 p2p=aligned aligned=True failed=
2026-09-11 20:42:21 OK port 18182 [quick] height=13300 peers=2 p2p=aligned aligned=True failed=
2026-09-11 20:42:21 OK mesh aligned 18180:h13300/p2 18181:h13300/p2 18182:h13300/p2
2026-09-11 20:47:23 OK port 18180 [quick] height=13319 peers=2 p2p=inconsistent aligned=True failed=
2026-09-11 20:47:23 OK port 18181 [quick] height=13319 peers=2 p2p=aligned aligned=True failed=
2026-09-11 20:47:23 OK port 18182 [quick] height=13319 peers=2 p2p=aligned aligned=True failed=
2026-09-11 20:47:23 OK mesh aligned 18180:h13319/p2 18181:h13319/p2 18182:h13319/p2
2026-09-11 20:52:25 OK port 18180 [quick] height=13337 peers=2 p2p=aligned aligned=True failed=
2026-09-11 20:52:25 OK port 18181 [quick] height=13337 peers=2 p2p=aligned aligned=True failed=
2026-09-11 20:52:25 OK port 18182 [quick] height=13337 peers=2 p2p=aligned aligned=True failed=
2026-09-11 20:52:25 OK mesh aligned 18180:h13337/p2 18181:h13337/p2 18182:h13337/p2
2026-09-11 20:57:27 OK port 18180 [quick] height=13356 peers=2 p2p=aligned aligned=True failed=
2026-09-11 20:57:27 OK port 18181 [quick] height=13355 peers=2 p2p=inconsistent aligned=True failed=
2026-09-11 20:57:27 OK port 18182 [quick] height=13355 peers=2 p2p=inconsistent aligned=True failed=
2026-09-11 20:57:27 OK mesh aligned 18180:h13356/p2 18181:h13355/p2 18182:h13355/p2 transient_delta=1
2026-09-11 21:02:28 OK port 18180 [quick] height=13374 peers=2 p2p=aligned aligned=True failed=
2026-09-11 21:02:28 OK port 18181 [quick] height=13374 peers=2 p2p=aligned aligned=True failed=
2026-09-11 21:02:28 OK port 18182 [quick] height=13374 peers=2 p2p=aligned aligned=True failed=
2026-09-11 21:02:28 OK mesh aligned 18180:h13374/p2 18181:h13374/p2 18182:h13374/p2
2026-09-11 21:07:36 OK port 18180 [full] height=13392 peers=2 p2p=aligned aligned=True failed=
2026-09-11 21:07:36 OK port 18181 [full] height=13392 peers=2 p2p=aligned aligned=True failed=
2026-09-11 21:07:36 OK port 18182 [full] height=13392 peers=2 p2p=aligned aligned=True failed=
2026-09-11 21:07:36 OK mesh aligned 18180:h13392/p2 18181:h13392/p2 18182:h13392/p2
2026-09-11 21:12:37 OK port 18180 [quick] height=13411 peers=2 p2p=aligned aligned=True failed=
2026-09-11 21:12:37 OK port 18181 [quick] height=13411 peers=2 p2p=aligned aligned=True failed=
2026-09-11 21:12:37 OK port 18182 [quick] height=13411 peers=2 p2p=aligned aligned=True failed=
2026-09-11 21:12:37 OK mesh aligned 18180:h13411/p2 18181:h13411/p2 18182:h13411/p2
2026-09-11 21:17:38 OK port 18180 [quick] height=13429 peers=2 p2p=aligned aligned=True failed=
2026-09-11 21:17:38 OK port 18181 [quick] height=13429 peers=2 p2p=aligned aligned=True failed=
2026-09-11 21:17:38 OK port 18182 [quick] height=13429 peers=2 p2p=aligned aligned=True failed=
2026-09-11 21:17:38 OK mesh aligned 18180:h13429/p2 18181:h13429/p2 18182:h13429/p2
2026-09-11 21:22:39 OK port 18180 [quick] height=13448 peers=2 p2p=aligned aligned=True failed=
2026-09-11 21:22:39 OK port 18181 [quick] height=13448 peers=2 p2p=aligned aligned=True failed=
2026-09-11 21:22:39 OK port 18182 [quick] height=13448 peers=2 p2p=aligned aligned=True failed=
2026-09-11 21:22:39 OK mesh aligned 18180:h13448/p2 18181:h13448/p2 18182:h13448/p2
2026-09-11 21:27:41 OK port 18180 [quick] height=13466 peers=2 p2p=aligned aligned=True failed=
2026-09-11 21:27:41 OK port 18181 [quick] height=13466 peers=2 p2p=aligned aligned=True failed=
2026-09-11 21:27:41 OK port 18182 [quick] height=13466 peers=2 p2p=aligned aligned=True failed=
2026-09-11 21:27:41 OK mesh aligned 18180:h13466/p2 18181:h13466/p2 18182:h13466/p2
2026-09-11 21:32:42 OK port 18180 [quick] height=13484 peers=2 p2p=aligned aligned=True failed=
2026-09-11 21:32:42 OK port 18181 [quick] height=13484 peers=2 p2p=aligned aligned=True failed=
2026-09-11 21:32:42 OK port 18182 [quick] height=13484 peers=2 p2p=aligned aligned=True failed=
2026-09-11 21:32:42 OK mesh aligned 18180:h13484/p2 18181:h13484/p2 18182:h13484/p2
2026-09-11 21:37:47 OK port 18180 [full] height=13503 peers=2 p2p=aligned aligned=True failed=
2026-09-11 21:37:47 OK port 18181 [full] height=13503 peers=2 p2p=aligned aligned=True failed=
2026-09-11 21:37:47 OK port 18182 [full] height=13503 peers=2 p2p=aligned aligned=True failed=
2026-09-11 21:37:47 OK mesh aligned 18180:h13503/p2 18181:h13503/p2 18182:h13503/p2
2026-09-11 21:42:48 OK port 18180 [quick] height=13521 peers=2 p2p=aligned aligned=True failed=
2026-09-11 21:42:48 OK port 18181 [quick] height=13521 peers=2 p2p=aligned aligned=True failed=
2026-09-11 21:42:48 OK port 18182 [quick] height=13521 peers=2 p2p=aligned aligned=True failed=
2026-09-11 21:42:48 OK mesh aligned 18180:h13521/p2 18181:h13521/p2 18182:h13521/p2
2026-09-11 21:47:49 OK port 18180 [quick] height=13539 peers=2 p2p=aligned aligned=True failed=
2026-09-11 21:47:49 OK port 18181 [quick] height=13539 peers=2 p2p=aligned aligned=True failed=
2026-09-11 21:47:49 OK port 18182 [quick] height=13539 peers=2 p2p=aligned aligned=True failed=
2026-09-11 21:47:49 OK mesh aligned 18180:h13539/p2 18181:h13539/p2 18182:h13539/p2
2026-09-11 21:52:50 OK port 18180 [quick] height=13558 peers=2 p2p=aligned aligned=True failed=
2026-09-11 21:52:50 OK port 18181 [quick] height=13558 peers=2 p2p=aligned aligned=True failed=
2026-09-11 21:52:50 OK port 18182 [quick] height=13558 peers=2 p2p=aligned aligned=True failed=
2026-09-11 21:52:50 OK mesh aligned 18180:h13558/p2 18181:h13558/p2 18182:h13558/p2
2026-09-11 21:57:51 OK port 18180 [quick] height=13576 peers=2 p2p=aligned aligned=True failed=
2026-09-11 21:57:51 OK port 18181 [quick] height=13576 peers=2 p2p=aligned aligned=True failed=
2026-09-11 21:57:51 OK port 18182 [quick] height=13576 peers=2 p2p=aligned aligned=True failed=
2026-09-11 21:57:51 OK mesh aligned 18180:h13576/p2 18181:h13576/p2 18182:h13576/p2
2026-09-11 22:02:52 OK port 18180 [quick] height=13594 peers=2 p2p=aligned aligned=True failed=
2026-09-11 22:02:52 OK port 18181 [quick] height=13594 peers=2 p2p=aligned aligned=True failed=
2026-09-11 22:02:52 OK port 18182 [quick] height=13594 peers=2 p2p=aligned aligned=True failed=
2026-09-11 22:02:52 OK mesh aligned 18180:h13594/p2 18181:h13594/p2 18182:h13594/p2
2026-09-11 22:07:54 OK port 18180 [full] height=13612 peers=2 p2p=aligned aligned=True failed=
2026-09-11 22:07:54 OK port 18181 [full] height=13612 peers=2 p2p=aligned aligned=True failed=
2026-09-11 22:07:54 OK port 18182 [full] height=13612 peers=2 p2p=aligned aligned=True failed=
2026-09-11 22:07:54 OK mesh aligned 18180:h13612/p2 18181:h13612/p2 18182:h13612/p2
2026-09-11 22:12:58 OK port 18180 [quick] height=13630 peers=2 p2p=aligned aligned=True failed=
2026-09-11 22:12:58 OK port 18181 [quick] height=13630 peers=2 p2p=aligned aligned=True failed=
2026-09-11 22:12:58 OK port 18182 [quick] height=13630 peers=2 p2p=aligned aligned=True failed=
2026-09-11 22:12:58 OK mesh aligned 18180:h13630/p2 18181:h13630/p2 18182:h13630/p2
2026-09-11 22:18:00 OK port 18180 [quick] height=13649 peers=2 p2p=aligned aligned=True failed=
2026-09-11 22:18:00 OK port 18181 [quick] height=13649 peers=2 p2p=aligned aligned=True failed=
2026-09-11 22:18:00 OK port 18182 [quick] height=13649 peers=2 p2p=aligned aligned=True failed=
2026-09-11 22:18:00 OK mesh aligned 18180:h13649/p2 18181:h13649/p2 18182:h13649/p2
2026-09-11 22:23:01 OK port 18180 [quick] height=13667 peers=2 p2p=aligned aligned=True failed=
2026-09-11 22:23:01 OK port 18181 [quick] height=13667 peers=2 p2p=aligned aligned=True failed=
2026-09-11 22:23:01 OK port 18182 [quick] height=13667 peers=2 p2p=aligned aligned=True failed=
2026-09-11 22:23:01 OK mesh aligned 18180:h13667/p2 18181:h13667/p2 18182:h13667/p2
2026-09-11 22:28:02 OK port 18180 [quick] height=13685 peers=2 p2p=aligned aligned=True failed=
2026-09-11 22:28:02 OK port 18181 [quick] height=13685 peers=2 p2p=aligned aligned=True failed=
2026-09-11 22:28:02 OK port 18182 [quick] height=13685 peers=2 p2p=aligned aligned=True failed=
2026-09-11 22:28:02 OK mesh aligned 18180:h13685/p2 18181:h13685/p2 18182:h13685/p2
2026-09-11 22:33:03 OK port 18180 [quick] height=13703 peers=2 p2p=aligned aligned=True failed=
2026-09-11 22:33:03 OK port 18181 [quick] height=13703 peers=2 p2p=aligned aligned=True failed=
2026-09-11 22:33:03 OK port 18182 [quick] height=13703 peers=2 p2p=aligned aligned=True failed=
2026-09-11 22:33:03 OK mesh aligned 18180:h13703/p2 18181:h13703/p2 18182:h13703/p2
2026-09-11 22:38:05 OK port 18180 [full] height=13721 peers=2 p2p=aligned aligned=True failed=
2026-09-11 22:38:05 OK port 18181 [full] height=13721 peers=2 p2p=aligned aligned=True failed=
2026-09-11 22:38:05 OK port 18182 [full] height=13721 peers=2 p2p=aligned aligned=True failed=
2026-09-11 22:38:05 OK mesh aligned 18180:h13721/p2 18181:h13721/p2 18182:h13721/p2
2026-09-11 22:43:06 OK port 18180 [quick] height=13739 peers=2 p2p=aligned aligned=True failed=
2026-09-11 22:43:06 OK port 18181 [quick] height=13739 peers=2 p2p=aligned aligned=True failed=
2026-09-11 22:43:06 OK port 18182 [quick] height=13739 peers=2 p2p=aligned aligned=True failed=
2026-09-11 22:43:06 OK mesh aligned 18180:h13739/p2 18181:h13739/p2 18182:h13739/p2
2026-09-11 22:48:07 OK port 18180 [quick] height=13757 peers=2 p2p=aligned aligned=True failed=
2026-09-11 22:48:07 OK port 18181 [quick] height=13757 peers=2 p2p=aligned aligned=True failed=
2026-09-11 22:48:07 OK port 18182 [quick] height=13757 peers=2 p2p=aligned aligned=True failed=
2026-09-11 22:48:07 OK mesh aligned 18180:h13757/p2 18181:h13757/p2 18182:h13757/p2
2026-09-11 22:53:08 OK port 18180 [quick] height=13775 peers=2 p2p=aligned aligned=True failed=
2026-09-11 22:53:08 OK port 18181 [quick] height=13775 peers=2 p2p=aligned aligned=True failed=
2026-09-11 22:53:08 OK port 18182 [quick] height=13775 peers=2 p2p=aligned aligned=True failed=
2026-09-11 22:53:08 OK mesh aligned 18180:h13775/p2 18181:h13775/p2 18182:h13775/p2
2026-09-11 22:58:09 OK port 18180 [quick] height=13793 peers=2 p2p=aligned aligned=True failed=
2026-09-11 22:58:09 OK port 18181 [quick] height=13793 peers=2 p2p=aligned aligned=True failed=
2026-09-11 22:58:09 OK port 18182 [quick] height=13793 peers=2 p2p=aligned aligned=True failed=
2026-09-11 22:58:09 OK mesh aligned 18180:h13793/p2 18181:h13793/p2 18182:h13793/p2
2026-09-11 23:03:10 OK port 18180 [quick] height=13811 peers=2 p2p=aligned aligned=True failed=
2026-09-11 23:03:10 OK port 18181 [quick] height=13811 peers=2 p2p=aligned aligned=True failed=
2026-09-11 23:03:10 OK port 18182 [quick] height=13811 peers=2 p2p=aligned aligned=True failed=
2026-09-11 23:03:10 OK mesh aligned 18180:h13811/p2 18181:h13811/p2 18182:h13811/p2
2026-09-11 23:08:11 OK port 18180 [full] height=13829 peers=2 p2p=aligned aligned=True failed=
2026-09-11 23:08:11 OK port 18181 [full] height=13829 peers=2 p2p=aligned aligned=True failed=
2026-09-11 23:08:11 OK port 18182 [full] height=13829 peers=2 p2p=aligned aligned=True failed=
2026-09-11 23:08:11 OK mesh aligned 18180:h13829/p2 18181:h13829/p2 18182:h13829/p2
2026-09-11 23:13:12 OK port 18180 [quick] height=13847 peers=2 p2p=aligned aligned=True failed=
2026-09-11 23:13:12 OK port 18181 [quick] height=13847 peers=2 p2p=aligned aligned=True failed=
2026-09-11 23:13:12 OK port 18182 [quick] height=13847 peers=2 p2p=aligned aligned=True failed=
2026-09-11 23:13:12 OK mesh aligned 18180:h13847/p2 18181:h13847/p2 18182:h13847/p2
2026-09-11 23:18:13 OK port 18180 [quick] height=13865 peers=2 p2p=aligned aligned=True failed=
2026-09-11 23:18:13 OK port 18181 [quick] height=13865 peers=2 p2p=aligned aligned=True failed=
2026-09-11 23:18:13 OK port 18182 [quick] height=13865 peers=2 p2p=aligned aligned=True failed=
2026-09-11 23:18:13 OK mesh aligned 18180:h13865/p2 18181:h13865/p2 18182:h13865/p2
2026-09-11 23:23:16 OK port 18180 [quick] height=13883 peers=2 p2p=aligned aligned=True failed=
2026-09-11 23:23:16 OK port 18181 [quick] height=13883 peers=2 p2p=aligned aligned=True failed=
2026-09-11 23:23:16 OK port 18182 [quick] height=13883 peers=2 p2p=aligned aligned=True failed=
2026-09-11 23:23:16 OK mesh aligned 18180:h13883/p2 18181:h13883/p2 18182:h13883/p2
2026-09-11 23:28:17 OK port 18180 [quick] height=13900 peers=2 p2p=aligned aligned=True failed=
2026-09-11 23:28:17 OK port 18181 [quick] height=13900 peers=2 p2p=aligned aligned=True failed=
2026-09-11 23:28:17 OK port 18182 [quick] height=13900 peers=2 p2p=aligned aligned=True failed=
2026-09-11 23:28:17 OK mesh aligned 18180:h13900/p2 18181:h13900/p2 18182:h13900/p2
2026-09-11 23:33:21 OK port 18180 [quick] height=13918 peers=2 p2p=aligned aligned=True failed=
2026-09-11 23:33:21 OK port 18181 [quick] height=13918 peers=2 p2p=aligned aligned=True failed=
2026-09-11 23:33:21 OK port 18182 [quick] height=13918 peers=2 p2p=aligned aligned=True failed=
2026-09-11 23:33:21 OK mesh aligned 18180:h13918/p2 18181:h13918/p2 18182:h13918/p2
2026-09-11 23:38:31 OK port 18180 [full] height=13936 peers=2 p2p=aligned aligned=True failed=
2026-09-11 23:38:31 OK port 18181 [full] height=13936 peers=2 p2p=aligned aligned=True failed=
2026-09-11 23:38:31 OK port 18182 [full] height=13936 peers=2 p2p=aligned aligned=True failed=
2026-09-11 23:38:31 OK mesh aligned 18180:h13936/p2 18181:h13936/p2 18182:h13936/p2
2026-09-11 23:43:35 OK port 18180 [quick] height=13955 peers=2 p2p=aligned aligned=True failed=
2026-09-11 23:43:35 OK port 18181 [quick] height=13955 peers=2 p2p=aligned aligned=True failed=
2026-09-11 23:43:35 OK port 18182 [quick] height=13955 peers=2 p2p=aligned aligned=True failed=
2026-09-11 23:43:35 OK mesh aligned 18180:h13955/p2 18181:h13955/p2 18182:h13955/p2
2026-09-11 23:48:40 OK port 18180 [quick] height=13973 peers=2 p2p=aligned aligned=True failed=
2026-09-11 23:48:40 OK port 18181 [quick] height=13973 peers=2 p2p=aligned aligned=True failed=
2026-09-11 23:48:40 OK port 18182 [quick] height=13973 peers=2 p2p=aligned aligned=True failed=
2026-09-11 23:48:40 OK mesh aligned 18180:h13973/p2 18181:h13973/p2 18182:h13973/p2
2026-09-11 23:53:45 OK port 18180 [quick] height=13991 peers=2 p2p=aligned aligned=True failed=
2026-09-11 23:53:45 OK port 18181 [quick] height=13991 peers=2 p2p=aligned aligned=True failed=
2026-09-11 23:53:45 OK port 18182 [quick] height=13991 peers=2 p2p=aligned aligned=True failed=
2026-09-11 23:53:45 OK mesh aligned 18180:h13991/p2 18181:h13991/p2 18182:h13991/p2
2026-09-11 23:58:49 OK port 18180 [quick] height=14009 peers=2 p2p=aligned aligned=True failed=
2026-09-11 23:58:49 OK port 18181 [quick] height=14009 peers=2 p2p=aligned aligned=True failed=
2026-09-11 23:58:49 OK port 18182 [quick] height=14009 peers=2 p2p=aligned aligned=True failed=
2026-09-11 23:58:49 OK mesh aligned 18180:h14009/p2 18181:h14009/p2 18182:h14009/p2
2026-09-12 00:03:51 OK port 18180 [quick] height=14027 peers=2 p2p=inconsistent aligned=True failed=
2026-09-12 00:03:51 OK port 18181 [quick] height=14026 peers=2 p2p=inconsistent aligned=True failed=
2026-09-12 00:03:51 OK port 18182 [quick] height=14027 peers=2 p2p=inconsistent aligned=True failed=
2026-09-12 00:03:51 OK mesh aligned 18180:h14027/p2 18181:h14026/p2 18182:h14027/p2 transient_delta=1
2026-09-12 00:09:00 OK port 18180 [full] height=14044 peers=2 p2p=aligned aligned=True failed=
2026-09-12 00:09:00 OK port 18181 [full] height=14044 peers=2 p2p=aligned aligned=True failed=
2026-09-12 00:09:00 OK port 18182 [full] height=14044 peers=2 p2p=aligned aligned=True failed=
2026-09-12 00:09:00 OK mesh aligned 18180:h14044/p2 18181:h14044/p2 18182:h14044/p2
2026-09-12 00:14:04 OK port 18180 [quick] height=14062 peers=2 p2p=aligned aligned=True failed=
2026-09-12 00:14:04 OK port 18181 [quick] height=14062 peers=2 p2p=aligned aligned=True failed=
2026-09-12 00:14:04 OK port 18182 [quick] height=14062 peers=2 p2p=aligned aligned=True failed=
2026-09-12 00:14:04 OK mesh aligned 18180:h14062/p2 18181:h14062/p2 18182:h14062/p2
2026-09-12 00:19:08 OK port 18180 [quick] height=14080 peers=2 p2p=aligned aligned=True failed=
2026-09-12 00:19:08 OK port 18181 [quick] height=14080 peers=2 p2p=aligned aligned=True failed=
2026-09-12 00:19:08 OK port 18182 [quick] height=14080 peers=2 p2p=aligned aligned=True failed=
2026-09-12 00:19:08 OK mesh aligned 18180:h14080/p2 18181:h14080/p2 18182:h14080/p2
2026-09-12 00:24:10 OK port 18180 [quick] height=14098 peers=2 p2p=aligned aligned=True failed=
2026-09-12 00:24:10 OK port 18181 [quick] height=14098 peers=2 p2p=aligned aligned=True failed=
2026-09-12 00:24:10 OK port 18182 [quick] height=14098 peers=2 p2p=aligned aligned=True failed=
2026-09-12 00:24:10 OK mesh aligned 18180:h14098/p2 18181:h14098/p2 18182:h14098/p2
2026-09-12 00:29:11 OK port 18180 [quick] height=14116 peers=2 p2p=aligned aligned=True failed=
2026-09-12 00:29:11 OK port 18181 [quick] height=14116 peers=2 p2p=aligned aligned=True failed=
2026-09-12 00:29:11 OK port 18182 [quick] height=14116 peers=2 p2p=aligned aligned=True failed=
2026-09-12 00:29:11 OK mesh aligned 18180:h14116/p2 18181:h14116/p2 18182:h14116/p2
2026-09-12 00:34:12 OK port 18180 [quick] height=14133 peers=2 p2p=aligned aligned=True failed=
2026-09-12 00:34:12 OK port 18181 [quick] height=14133 peers=2 p2p=aligned aligned=True failed=
2026-09-12 00:34:12 OK port 18182 [quick] height=14133 peers=2 p2p=aligned aligned=True failed=
2026-09-12 00:34:12 OK mesh aligned 18180:h14133/p2 18181:h14133/p2 18182:h14133/p2
2026-09-12 00:39:13 OK port 18180 [full] height=14151 peers=2 p2p=aligned aligned=True failed=
2026-09-12 00:39:13 OK port 18181 [full] height=14151 peers=2 p2p=aligned aligned=True failed=
2026-09-12 00:39:13 OK port 18182 [full] height=14151 peers=2 p2p=aligned aligned=True failed=
2026-09-12 00:39:13 OK mesh aligned 18180:h14151/p2 18181:h14151/p2 18182:h14151/p2
2026-09-12 00:44:15 OK port 18180 [quick] height=14169 peers=2 p2p=inconsistent aligned=True failed=
2026-09-12 00:44:15 OK port 18181 [quick] height=14168 peers=2 p2p=inconsistent aligned=True failed=
2026-09-12 00:44:15 OK port 18182 [quick] height=14169 peers=2 p2p=inconsistent aligned=True failed=
2026-09-12 00:44:15 OK mesh aligned 18180:h14169/p2 18181:h14168/p2 18182:h14169/p2 transient_delta=1
2026-09-12 00:49:17 OK port 18180 [quick] height=14186 peers=2 p2p=aligned aligned=True failed=
2026-09-12 00:49:17 OK port 18181 [quick] height=14186 peers=2 p2p=aligned aligned=True failed=
2026-09-12 00:49:17 OK port 18182 [quick] height=14186 peers=2 p2p=aligned aligned=True failed=
2026-09-12 00:49:17 OK mesh aligned 18180:h14186/p2 18181:h14186/p2 18182:h14186/p2
2026-09-12 00:54:18 OK port 18180 [quick] height=14204 peers=2 p2p=aligned aligned=True failed=
2026-09-12 00:54:18 OK port 18181 [quick] height=14204 peers=2 p2p=aligned aligned=True failed=
2026-09-12 00:54:18 OK port 18182 [quick] height=14204 peers=2 p2p=aligned aligned=True failed=
2026-09-12 00:54:18 OK mesh aligned 18180:h14204/p2 18181:h14204/p2 18182:h14204/p2
2026-09-12 00:59:19 OK port 18180 [quick] height=14221 peers=2 p2p=aligned aligned=True failed=
2026-09-12 00:59:19 OK port 18181 [quick] height=14221 peers=2 p2p=aligned aligned=True failed=
2026-09-12 00:59:19 OK port 18182 [quick] height=14221 peers=2 p2p=aligned aligned=True failed=
2026-09-12 00:59:19 OK mesh aligned 18180:h14221/p2 18181:h14221/p2 18182:h14221/p2
2026-09-12 01:04:21 OK port 18180 [quick] height=14239 peers=2 p2p=aligned aligned=True failed=
2026-09-12 01:04:21 OK port 18181 [quick] height=14239 peers=2 p2p=aligned aligned=True failed=
2026-09-12 01:04:21 OK port 18182 [quick] height=14239 peers=2 p2p=aligned aligned=True failed=
2026-09-12 01:04:21 OK mesh aligned 18180:h14239/p2 18181:h14239/p2 18182:h14239/p2
2026-09-12 01:09:26 OK port 18180 [full] height=14256 peers=2 p2p=aligned aligned=True failed=
2026-09-12 01:09:26 OK port 18181 [full] height=14256 peers=2 p2p=aligned aligned=True failed=
2026-09-12 01:09:26 OK port 18182 [full] height=14256 peers=2 p2p=aligned aligned=True failed=
2026-09-12 01:09:26 OK mesh aligned 18180:h14256/p2 18181:h14256/p2 18182:h14256/p2
2026-09-12 01:14:27 OK port 18180 [quick] height=14274 peers=2 p2p=aligned aligned=True failed=
2026-09-12 01:14:27 OK port 18181 [quick] height=14274 peers=2 p2p=aligned aligned=True failed=
2026-09-12 01:14:27 OK port 18182 [quick] height=14274 peers=2 p2p=aligned aligned=True failed=
2026-09-12 01:14:27 OK mesh aligned 18180:h14274/p2 18181:h14274/p2 18182:h14274/p2
2026-09-12 01:19:28 OK port 18180 [quick] height=14292 peers=2 p2p=aligned aligned=True failed=
2026-09-12 01:19:28 OK port 18181 [quick] height=14292 peers=2 p2p=aligned aligned=True failed=
2026-09-12 01:19:28 OK port 18182 [quick] height=14292 peers=2 p2p=aligned aligned=True failed=
2026-09-12 01:19:28 OK mesh aligned 18180:h14292/p2 18181:h14292/p2 18182:h14292/p2
2026-09-12 01:24:29 OK port 18180 [quick] height=14309 peers=2 p2p=aligned aligned=True failed=
2026-09-12 01:24:29 OK port 18181 [quick] height=14309 peers=2 p2p=aligned aligned=True failed=
2026-09-12 01:24:29 OK port 18182 [quick] height=14309 peers=2 p2p=aligned aligned=True failed=
2026-09-12 01:24:29 OK mesh aligned 18180:h14309/p2 18181:h14309/p2 18182:h14309/p2
2026-09-12 01:29:35 OK port 18180 [quick] height=14327 peers=2 p2p=inconsistent aligned=True failed=
2026-09-12 01:29:35 OK port 18181 [quick] height=14326 peers=2 p2p=aligned aligned=True failed=
2026-09-12 01:29:35 OK port 18182 [quick] height=14326 peers=2 p2p=aligned aligned=True failed=
2026-09-12 01:29:35 OK mesh aligned 18180:h14327/p2 18181:h14326/p2 18182:h14326/p2 transient_delta=1
2026-09-12 01:34:36 OK port 18180 [quick] height=14344 peers=2 p2p=aligned aligned=True failed=
2026-09-12 01:34:36 OK port 18181 [quick] height=14344 peers=2 p2p=aligned aligned=True failed=
2026-09-12 01:34:36 OK port 18182 [quick] height=14344 peers=2 p2p=aligned aligned=True failed=
2026-09-12 01:34:36 OK mesh aligned 18180:h14344/p2 18181:h14344/p2 18182:h14344/p2
2026-09-12 01:39:38 OK port 18180 [full] height=14361 peers=2 p2p=aligned aligned=True failed=
2026-09-12 01:39:38 OK port 18181 [full] height=14361 peers=2 p2p=aligned aligned=True failed=
2026-09-12 01:39:38 OK port 18182 [full] height=14361 peers=2 p2p=aligned aligned=True failed=
2026-09-12 01:39:38 OK mesh aligned 18180:h14361/p2 18181:h14361/p2 18182:h14361/p2
2026-09-12 01:44:40 OK port 18180 [quick] height=14379 peers=2 p2p=aligned aligned=True failed=
2026-09-12 01:44:40 OK port 18181 [quick] height=14379 peers=2 p2p=aligned aligned=True failed=
2026-09-12 01:44:40 OK port 18182 [quick] height=14379 peers=2 p2p=aligned aligned=True failed=
2026-09-12 01:44:40 OK mesh aligned 18180:h14379/p2 18181:h14379/p2 18182:h14379/p2
2026-09-12 01:49:48 OK port 18180 [quick] height=14396 peers=2 p2p=aligned aligned=True failed=
2026-09-12 01:49:48 OK port 18181 [quick] height=14396 peers=2 p2p=aligned aligned=True failed=
2026-09-12 01:49:48 OK port 18182 [quick] height=14396 peers=2 p2p=aligned aligned=True failed=
2026-09-12 01:49:48 OK mesh aligned 18180:h14396/p2 18181:h14396/p2 18182:h14396/p2
2026-09-12 01:54:49 OK port 18180 [quick] height=14414 peers=2 p2p=aligned aligned=True failed=
2026-09-12 01:54:49 OK port 18181 [quick] height=14414 peers=2 p2p=aligned aligned=True failed=
2026-09-12 01:54:49 OK port 18182 [quick] height=14414 peers=2 p2p=aligned aligned=True failed=
2026-09-12 01:54:49 OK mesh aligned 18180:h14414/p2 18181:h14414/p2 18182:h14414/p2
2026-09-12 01:59:50 OK port 18180 [quick] height=14431 peers=2 p2p=aligned aligned=True failed=
2026-09-12 01:59:50 OK port 18181 [quick] height=14431 peers=2 p2p=aligned aligned=True failed=
2026-09-12 01:59:50 OK port 18182 [quick] height=14431 peers=2 p2p=aligned aligned=True failed=
2026-09-12 01:59:50 OK mesh aligned 18180:h14431/p2 18181:h14431/p2 18182:h14431/p2
2026-09-12 02:04:56 OK port 18180 [quick] height=14449 peers=2 p2p=aligned aligned=True failed=
2026-09-12 02:04:56 OK port 18181 [quick] height=14449 peers=2 p2p=aligned aligned=True failed=
2026-09-12 02:04:56 OK port 18182 [quick] height=14449 peers=2 p2p=aligned aligned=True failed=
2026-09-12 02:04:56 OK mesh aligned 18180:h14449/p2 18181:h14449/p2 18182:h14449/p2
2026-09-12 02:09:57 OK port 18180 [full] height=14466 peers=2 p2p=aligned aligned=True failed=
2026-09-12 02:09:57 OK port 18181 [full] height=14466 peers=2 p2p=aligned aligned=True failed=
2026-09-12 02:09:57 OK port 18182 [full] height=14466 peers=2 p2p=aligned aligned=True failed=
2026-09-12 02:09:57 OK mesh aligned 18180:h14466/p2 18181:h14466/p2 18182:h14466/p2
2026-09-12 02:14:58 OK port 18180 [quick] height=14483 peers=2 p2p=aligned aligned=True failed=
2026-09-12 02:14:58 OK port 18181 [quick] height=14483 peers=2 p2p=aligned aligned=True failed=
2026-09-12 02:14:58 OK port 18182 [quick] height=14483 peers=2 p2p=aligned aligned=True failed=
2026-09-12 02:14:58 OK mesh aligned 18180:h14483/p2 18181:h14483/p2 18182:h14483/p2
2026-09-12 02:19:59 OK port 18180 [quick] height=14500 peers=2 p2p=aligned aligned=True failed=
2026-09-12 02:19:59 OK port 18181 [quick] height=14500 peers=2 p2p=aligned aligned=True failed=
2026-09-12 02:19:59 OK port 18182 [quick] height=14500 peers=2 p2p=aligned aligned=True failed=
2026-09-12 02:19:59 OK mesh aligned 18180:h14500/p2 18181:h14500/p2 18182:h14500/p2
2026-09-12 02:25:00 OK port 18180 [quick] height=14518 peers=2 p2p=aligned aligned=True failed=
2026-09-12 02:25:00 OK port 18181 [quick] height=14518 peers=2 p2p=aligned aligned=True failed=
2026-09-12 02:25:00 OK port 18182 [quick] height=14518 peers=2 p2p=aligned aligned=True failed=
2026-09-12 02:25:00 OK mesh aligned 18180:h14518/p2 18181:h14518/p2 18182:h14518/p2
2026-09-12 02:30:03 OK port 18180 [quick] height=14535 peers=2 p2p=aligned aligned=True failed=
2026-09-12 02:30:03 OK port 18181 [quick] height=14535 peers=2 p2p=aligned aligned=True failed=
2026-09-12 02:30:03 OK port 18182 [quick] height=14535 peers=2 p2p=aligned aligned=True failed=
2026-09-12 02:30:03 OK mesh aligned 18180:h14535/p2 18181:h14535/p2 18182:h14535/p2
2026-09-12 02:35:04 OK port 18180 [quick] height=14552 peers=2 p2p=aligned aligned=True failed=
2026-09-12 02:35:04 OK port 18181 [quick] height=14552 peers=2 p2p=aligned aligned=True failed=
2026-09-12 02:35:04 OK port 18182 [quick] height=14552 peers=2 p2p=aligned aligned=True failed=
2026-09-12 02:35:04 OK mesh aligned 18180:h14552/p2 18181:h14552/p2 18182:h14552/p2
2026-09-12 02:40:06 OK port 18180 [full] height=14569 peers=2 p2p=aligned aligned=True failed=
2026-09-12 02:40:06 OK port 18181 [full] height=14569 peers=2 p2p=aligned aligned=True failed=
2026-09-12 02:40:06 OK port 18182 [full] height=14569 peers=2 p2p=aligned aligned=True failed=
2026-09-12 02:40:06 OK mesh aligned 18180:h14569/p2 18181:h14569/p2 18182:h14569/p2
2026-09-12 02:45:14 OK port 18180 [quick] height=14586 peers=2 p2p=aligned aligned=True failed=
2026-09-12 02:45:14 OK port 18181 [quick] height=14586 peers=2 p2p=aligned aligned=True failed=
2026-09-12 02:45:14 OK port 18182 [quick] height=14586 peers=2 p2p=aligned aligned=True failed=
2026-09-12 02:45:14 OK mesh aligned 18180:h14586/p2 18181:h14586/p2 18182:h14586/p2
2026-09-12 02:50:15 OK port 18180 [quick] height=14604 peers=2 p2p=aligned aligned=True failed=
2026-09-12 02:50:15 OK port 18181 [quick] height=14604 peers=2 p2p=aligned aligned=True failed=
2026-09-12 02:50:15 OK port 18182 [quick] height=14604 peers=2 p2p=aligned aligned=True failed=
2026-09-12 02:50:15 OK mesh aligned 18180:h14604/p2 18181:h14604/p2 18182:h14604/p2
2026-09-12 02:55:19 OK port 18180 [quick] height=14621 peers=2 p2p=aligned aligned=True failed=
2026-09-12 02:55:19 OK port 18181 [quick] height=14621 peers=2 p2p=aligned aligned=True failed=
2026-09-12 02:55:19 OK port 18182 [quick] height=14621 peers=2 p2p=aligned aligned=True failed=
2026-09-12 02:55:19 OK mesh aligned 18180:h14621/p2 18181:h14621/p2 18182:h14621/p2
2026-09-12 03:00:20 OK port 18180 [quick] height=14638 peers=2 p2p=aligned aligned=True failed=
2026-09-12 03:00:20 OK port 18181 [quick] height=14638 peers=2 p2p=aligned aligned=True failed=
2026-09-12 03:00:20 OK port 18182 [quick] height=14638 peers=2 p2p=aligned aligned=True failed=
2026-09-12 03:00:20 OK mesh aligned 18180:h14638/p2 18181:h14638/p2 18182:h14638/p2
2026-09-12 03:05:22 OK port 18180 [quick] height=14655 peers=2 p2p=aligned aligned=True failed=
2026-09-12 03:05:22 OK port 18181 [quick] height=14655 peers=2 p2p=aligned aligned=True failed=
2026-09-12 03:05:22 OK port 18182 [quick] height=14655 peers=2 p2p=aligned aligned=True failed=
2026-09-12 03:05:22 OK mesh aligned 18180:h14655/p2 18181:h14655/p2 18182:h14655/p2
2026-09-12 03:10:23 OK port 18180 [full] height=14672 peers=2 p2p=aligned aligned=True failed=
2026-09-12 03:10:23 OK port 18181 [full] height=14672 peers=2 p2p=aligned aligned=True failed=
2026-09-12 03:10:23 OK port 18182 [full] height=14672 peers=2 p2p=aligned aligned=True failed=
2026-09-12 03:10:23 OK mesh aligned 18180:h14672/p2 18181:h14672/p2 18182:h14672/p2
2026-09-12 03:15:25 OK port 18180 [quick] height=14689 peers=2 p2p=aligned aligned=True failed=
2026-09-12 03:15:25 OK port 18181 [quick] height=14689 peers=2 p2p=aligned aligned=True failed=
2026-09-12 03:15:25 OK port 18182 [quick] height=14689 peers=2 p2p=aligned aligned=True failed=
2026-09-12 03:15:25 OK mesh aligned 18180:h14689/p2 18181:h14689/p2 18182:h14689/p2
2026-09-12 03:20:26 OK port 18180 [quick] height=14706 peers=2 p2p=aligned aligned=True failed=
2026-09-12 03:20:26 OK port 18181 [quick] height=14706 peers=2 p2p=aligned aligned=True failed=
2026-09-12 03:20:26 OK port 18182 [quick] height=14706 peers=2 p2p=aligned aligned=True failed=
2026-09-12 03:20:26 OK mesh aligned 18180:h14706/p2 18181:h14706/p2 18182:h14706/p2
2026-09-12 03:25:29 OK port 18180 [quick] height=14723 peers=2 p2p=aligned aligned=True failed=
2026-09-12 03:25:29 OK port 18181 [quick] height=14723 peers=2 p2p=aligned aligned=True failed=
2026-09-12 03:25:29 OK port 18182 [quick] height=14723 peers=2 p2p=aligned aligned=True failed=
2026-09-12 03:25:29 OK mesh aligned 18180:h14723/p2 18181:h14723/p2 18182:h14723/p2
2026-09-12 03:30:30 OK port 18180 [quick] height=14740 peers=2 p2p=aligned aligned=True failed=
2026-09-12 03:30:30 OK port 18181 [quick] height=14740 peers=2 p2p=aligned aligned=True failed=
2026-09-12 03:30:30 OK port 18182 [quick] height=14740 peers=2 p2p=aligned aligned=True failed=
2026-09-12 03:30:30 OK mesh aligned 18180:h14740/p2 18181:h14740/p2 18182:h14740/p2
2026-09-12 03:35:35 OK port 18180 [quick] height=14757 peers=2 p2p=aligned aligned=True failed=
2026-09-12 03:35:35 OK port 18181 [quick] height=14757 peers=2 p2p=aligned aligned=True failed=
2026-09-12 03:35:35 OK port 18182 [quick] height=14757 peers=2 p2p=aligned aligned=True failed=
2026-09-12 03:35:35 OK mesh aligned 18180:h14757/p2 18181:h14757/p2 18182:h14757/p2
2026-09-12 03:40:36 OK port 18180 [full] height=14774 peers=2 p2p=aligned aligned=True failed=
2026-09-12 03:40:36 OK port 18181 [full] height=14774 peers=2 p2p=aligned aligned=True failed=
2026-09-12 03:40:36 OK port 18182 [full] height=14774 peers=2 p2p=aligned aligned=True failed=
2026-09-12 03:40:36 OK mesh aligned 18180:h14774/p2 18181:h14774/p2 18182:h14774/p2
2026-09-12 03:45:43 OK port 18180 [quick] height=14791 peers=2 p2p=aligned aligned=True failed=
2026-09-12 03:45:43 OK port 18181 [quick] height=14791 peers=2 p2p=aligned aligned=True failed=
2026-09-12 03:45:43 OK port 18182 [quick] height=14791 peers=2 p2p=aligned aligned=True failed=
2026-09-12 03:45:43 OK mesh aligned 18180:h14791/p2 18181:h14791/p2 18182:h14791/p2
2026-09-12 03:50:44 OK port 18180 [quick] height=14808 peers=2 p2p=aligned aligned=True failed=
2026-09-12 03:50:44 OK port 18181 [quick] height=14808 peers=2 p2p=aligned aligned=True failed=
2026-09-12 03:50:44 OK port 18182 [quick] height=14808 peers=2 p2p=aligned aligned=True failed=
2026-09-12 03:50:44 OK mesh aligned 18180:h14808/p2 18181:h14808/p2 18182:h14808/p2
2026-09-12 03:55:51 OK port 18180 [quick] height=14825 peers=2 p2p=aligned aligned=True failed=
2026-09-12 03:55:51 OK port 18181 [quick] height=14825 peers=2 p2p=aligned aligned=True failed=
2026-09-12 03:55:51 OK port 18182 [quick] height=14825 peers=2 p2p=aligned aligned=True failed=
2026-09-12 03:55:51 OK mesh aligned 18180:h14825/p2 18181:h14825/p2 18182:h14825/p2
2026-09-12 04:00:52 OK port 18180 [quick] height=14842 peers=2 p2p=aligned aligned=True failed=
2026-09-12 04:00:52 OK port 18181 [quick] height=14842 peers=2 p2p=aligned aligned=True failed=
2026-09-12 04:00:52 OK port 18182 [quick] height=14842 peers=2 p2p=aligned aligned=True failed=
2026-09-12 04:00:52 OK mesh aligned 18180:h14842/p2 18181:h14842/p2 18182:h14842/p2
2026-09-12 04:05:56 OK port 18180 [quick] height=14858 peers=2 p2p=aligned aligned=True failed=
2026-09-12 04:05:56 OK port 18181 [quick] height=14858 peers=2 p2p=aligned aligned=True failed=
2026-09-12 04:05:56 OK port 18182 [quick] height=14858 peers=2 p2p=aligned aligned=True failed=
2026-09-12 04:05:56 OK mesh aligned 18180:h14858/p2 18181:h14858/p2 18182:h14858/p2
2026-09-12 04:10:59 OK port 18180 [full] height=14875 peers=2 p2p=aligned aligned=True failed=
2026-09-12 04:10:59 OK port 18181 [full] height=14875 peers=2 p2p=aligned aligned=True failed=
2026-09-12 04:10:59 OK port 18182 [full] height=14875 peers=2 p2p=aligned aligned=True failed=
2026-09-12 04:10:59 OK mesh aligned 18180:h14875/p2 18181:h14875/p2 18182:h14875/p2
2026-09-12 04:16:07 OK port 18180 [quick] height=14892 peers=2 p2p=aligned aligned=True failed=
2026-09-12 04:16:07 OK port 18181 [quick] height=14892 peers=2 p2p=aligned aligned=True failed=
2026-09-12 04:16:07 OK port 18182 [quick] height=14892 peers=2 p2p=aligned aligned=True failed=
2026-09-12 04:16:07 OK mesh aligned 18180:h14892/p2 18181:h14892/p2 18182:h14892/p2
2026-09-12 04:21:08 OK port 18180 [quick] height=14909 peers=2 p2p=aligned aligned=True failed=
2026-09-12 04:21:08 OK port 18181 [quick] height=14909 peers=2 p2p=aligned aligned=True failed=
2026-09-12 04:21:08 OK port 18182 [quick] height=14909 peers=2 p2p=aligned aligned=True failed=
2026-09-12 04:21:08 OK mesh aligned 18180:h14909/p2 18181:h14909/p2 18182:h14909/p2
2026-09-12 04:26:09 OK port 18180 [quick] height=14926 peers=2 p2p=aligned aligned=True failed=
2026-09-12 04:26:09 OK port 18181 [quick] height=14926 peers=2 p2p=aligned aligned=True failed=
2026-09-12 04:26:09 OK port 18182 [quick] height=14926 peers=2 p2p=aligned aligned=True failed=
2026-09-12 04:26:09 OK mesh aligned 18180:h14926/p2 18181:h14926/p2 18182:h14926/p2
2026-09-12 04:31:14 OK port 18180 [quick] height=14943 peers=2 p2p=aligned aligned=True failed=
2026-09-12 04:31:14 OK port 18181 [quick] height=14943 peers=2 p2p=aligned aligned=True failed=
2026-09-12 04:31:14 OK port 18182 [quick] height=14943 peers=2 p2p=aligned aligned=True failed=
2026-09-12 04:31:14 OK mesh aligned 18180:h14943/p2 18181:h14943/p2 18182:h14943/p2
2026-09-12 04:36:15 OK port 18180 [quick] height=14960 peers=2 p2p=aligned aligned=True failed=
2026-09-12 04:36:15 OK port 18181 [quick] height=14960 peers=2 p2p=aligned aligned=True failed=
2026-09-12 04:36:15 OK port 18182 [quick] height=14960 peers=2 p2p=aligned aligned=True failed=
2026-09-12 04:36:15 OK mesh aligned 18180:h14960/p2 18181:h14960/p2 18182:h14960/p2
2026-09-12 04:41:22 OK port 18180 [full] height=14977 peers=2 p2p=inconsistent aligned=True failed=
2026-09-12 04:41:22 OK port 18181 [full] height=14976 peers=2 p2p=aligned aligned=True failed=
2026-09-12 04:41:22 OK port 18182 [full] height=14976 peers=2 p2p=aligned aligned=True failed=
2026-09-12 04:41:22 OK mesh aligned 18180:h14977/p2 18181:h14976/p2 18182:h14976/p2 transient_delta=1
2026-09-12 04:46:23 OK port 18180 [quick] height=14993 peers=2 p2p=aligned aligned=True failed=
2026-09-12 04:46:23 OK port 18181 [quick] height=14993 peers=2 p2p=aligned aligned=True failed=
2026-09-12 04:46:23 OK port 18182 [quick] height=14993 peers=2 p2p=aligned aligned=True failed=
2026-09-12 04:46:23 OK mesh aligned 18180:h14993/p2 18181:h14993/p2 18182:h14993/p2
2026-09-12 04:51:25 OK port 18180 [quick] height=15010 peers=2 p2p=aligned aligned=True failed=
2026-09-12 04:51:25 OK port 18181 [quick] height=15010 peers=2 p2p=aligned aligned=True failed=
2026-09-12 04:51:25 OK port 18182 [quick] height=15010 peers=2 p2p=aligned aligned=True failed=
2026-09-12 04:51:25 OK mesh aligned 18180:h15010/p2 18181:h15010/p2 18182:h15010/p2
2026-09-12 04:56:28 OK port 18180 [quick] height=15027 peers=2 p2p=inconsistent aligned=True failed=
2026-09-12 04:56:28 OK port 18181 [quick] height=15026 peers=2 p2p=aligned aligned=True failed=
2026-09-12 04:56:28 OK port 18182 [quick] height=15026 peers=2 p2p=aligned aligned=True failed=
2026-09-12 04:56:28 OK mesh aligned 18180:h15027/p2 18181:h15026/p2 18182:h15026/p2 transient_delta=1
2026-09-12 05:01:29 OK port 18180 [quick] height=15043 peers=2 p2p=aligned aligned=True failed=
2026-09-12 05:01:29 OK port 18181 [quick] height=15043 peers=2 p2p=aligned aligned=True failed=
2026-09-12 05:01:29 OK port 18182 [quick] height=15043 peers=2 p2p=aligned aligned=True failed=
2026-09-12 05:01:29 OK mesh aligned 18180:h15043/p2 18181:h15043/p2 18182:h15043/p2
2026-09-12 05:06:30 OK port 18180 [quick] height=15060 peers=2 p2p=aligned aligned=True failed=
2026-09-12 05:06:30 OK port 18181 [quick] height=15060 peers=2 p2p=aligned aligned=True failed=
2026-09-12 05:06:30 OK port 18182 [quick] height=15060 peers=2 p2p=aligned aligned=True failed=
2026-09-12 05:06:30 OK mesh aligned 18180:h15060/p2 18181:h15060/p2 18182:h15060/p2
2026-09-12 05:11:36 OK port 18180 [full] height=15076 peers=2 p2p=aligned aligned=True failed=
2026-09-12 05:11:36 OK port 18181 [full] height=15076 peers=2 p2p=aligned aligned=True failed=
2026-09-12 05:11:36 OK port 18182 [full] height=15076 peers=2 p2p=aligned aligned=True failed=
2026-09-12 05:11:36 OK mesh aligned 18180:h15076/p2 18181:h15076/p2 18182:h15076/p2
2026-09-12 05:16:37 OK port 18180 [quick] height=15093 peers=2 p2p=aligned aligned=True failed=
2026-09-12 05:16:37 OK port 18181 [quick] height=15093 peers=2 p2p=aligned aligned=True failed=
2026-09-12 05:16:37 OK port 18182 [quick] height=15093 peers=2 p2p=aligned aligned=True failed=
2026-09-12 05:16:37 OK mesh aligned 18180:h15093/p2 18181:h15093/p2 18182:h15093/p2
2026-09-12 05:21:39 OK port 18180 [quick] height=15110 peers=2 p2p=aligned aligned=True failed=
2026-09-12 05:21:39 OK port 18181 [quick] height=15110 peers=2 p2p=aligned aligned=True failed=
2026-09-12 05:21:39 OK port 18182 [quick] height=15110 peers=2 p2p=aligned aligned=True failed=
2026-09-12 05:21:39 OK mesh aligned 18180:h15110/p2 18181:h15110/p2 18182:h15110/p2
2026-09-12 05:26:40 OK port 18180 [quick] height=15126 peers=2 p2p=aligned aligned=True failed=
2026-09-12 05:26:40 OK port 18181 [quick] height=15126 peers=2 p2p=aligned aligned=True failed=
2026-09-12 05:26:40 OK port 18182 [quick] height=15126 peers=2 p2p=aligned aligned=True failed=
2026-09-12 05:26:40 OK mesh aligned 18180:h15126/p2 18181:h15126/p2 18182:h15126/p2
2026-09-12 05:31:41 OK port 18180 [quick] height=15143 peers=2 p2p=aligned aligned=True failed=
2026-09-12 05:31:41 OK port 18181 [quick] height=15143 peers=2 p2p=aligned aligned=True failed=
2026-09-12 05:31:41 OK port 18182 [quick] height=15143 peers=2 p2p=aligned aligned=True failed=
2026-09-12 05:31:41 OK mesh aligned 18180:h15143/p2 18181:h15143/p2 18182:h15143/p2
2026-09-12 05:36:43 OK port 18180 [quick] height=15159 peers=2 p2p=aligned aligned=True failed=
2026-09-12 05:36:43 OK port 18181 [quick] height=15159 peers=2 p2p=aligned aligned=True failed=
2026-09-12 05:36:43 OK port 18182 [quick] height=15159 peers=2 p2p=aligned aligned=True failed=
2026-09-12 05:36:43 OK mesh aligned 18180:h15159/p2 18181:h15159/p2 18182:h15159/p2
2026-09-12 05:41:45 OK port 18180 [full] height=15176 peers=2 p2p=inconsistent aligned=True failed=
2026-09-12 05:41:45 OK port 18181 [full] height=15176 peers=2 p2p=inconsistent aligned=True failed=
2026-09-12 05:41:45 OK port 18182 [full] height=15176 peers=2 p2p=aligned aligned=True failed=
2026-09-12 05:41:45 OK mesh aligned 18180:h15176/p2 18181:h15176/p2 18182:h15176/p2
2026-09-12 05:46:46 OK port 18180 [quick] height=15192 peers=2 p2p=aligned aligned=True failed=
2026-09-12 05:46:46 OK port 18181 [quick] height=15192 peers=2 p2p=aligned aligned=True failed=
2026-09-12 05:46:46 OK port 18182 [quick] height=15192 peers=2 p2p=aligned aligned=True failed=
2026-09-12 05:46:46 OK mesh aligned 18180:h15192/p2 18181:h15192/p2 18182:h15192/p2
2026-09-12 05:51:56 OK port 18180 [quick] height=15208 peers=2 p2p=aligned aligned=True failed=
2026-09-12 05:51:56 OK port 18181 [quick] height=15208 peers=2 p2p=aligned aligned=True failed=
2026-09-12 05:51:56 OK port 18182 [quick] height=15208 peers=2 p2p=aligned aligned=True failed=
2026-09-12 05:51:56 OK mesh aligned 18180:h15208/p2 18181:h15208/p2 18182:h15208/p2
2026-09-12 05:56:57 OK port 18180 [quick] height=15225 peers=2 p2p=aligned aligned=True failed=
2026-09-12 05:56:57 OK port 18181 [quick] height=15225 peers=2 p2p=aligned aligned=True failed=
2026-09-12 05:56:57 OK port 18182 [quick] height=15225 peers=2 p2p=aligned aligned=True failed=
2026-09-12 05:56:57 OK mesh aligned 18180:h15225/p2 18181:h15225/p2 18182:h15225/p2
2026-09-12 06:02:00 OK port 18180 [quick] height=15241 peers=2 p2p=aligned aligned=True failed=
2026-09-12 06:02:00 OK port 18181 [quick] height=15241 peers=2 p2p=aligned aligned=True failed=
2026-09-12 06:02:00 OK port 18182 [quick] height=15241 peers=2 p2p=aligned aligned=True failed=
2026-09-12 06:02:00 OK mesh aligned 18180:h15241/p2 18181:h15241/p2 18182:h15241/p2
2026-09-12 06:07:01 OK port 18180 [quick] height=15258 peers=2 p2p=aligned aligned=True failed=
2026-09-12 06:07:01 OK port 18181 [quick] height=15258 peers=2 p2p=aligned aligned=True failed=
2026-09-12 06:07:01 OK port 18182 [quick] height=15258 peers=2 p2p=aligned aligned=True failed=
2026-09-12 06:07:01 OK mesh aligned 18180:h15258/p2 18181:h15258/p2 18182:h15258/p2
2026-09-12 06:12:02 OK port 18180 [full] height=15274 peers=2 p2p=aligned aligned=True failed=
2026-09-12 06:12:02 OK port 18181 [full] height=15274 peers=2 p2p=aligned aligned=True failed=
2026-09-12 06:12:02 OK port 18182 [full] height=15274 peers=2 p2p=aligned aligned=True failed=
2026-09-12 06:12:02 OK mesh aligned 18180:h15274/p2 18181:h15274/p2 18182:h15274/p2
2026-09-12 06:17:11 OK port 18180 [quick] height=15290 peers=2 p2p=aligned aligned=True failed=
2026-09-12 06:17:11 OK port 18181 [quick] height=15290 peers=2 p2p=aligned aligned=True failed=
2026-09-12 06:17:11 OK port 18182 [quick] height=15290 peers=2 p2p=aligned aligned=True failed=
2026-09-12 06:17:11 OK mesh aligned 18180:h15290/p2 18181:h15290/p2 18182:h15290/p2
2026-09-12 06:22:15 OK port 18180 [quick] height=15307 peers=2 p2p=aligned aligned=True failed=
2026-09-12 06:22:15 OK port 18181 [quick] height=15307 peers=2 p2p=aligned aligned=True failed=
2026-09-12 06:22:15 OK port 18182 [quick] height=15307 peers=2 p2p=aligned aligned=True failed=
2026-09-12 06:22:15 OK mesh aligned 18180:h15307/p2 18181:h15307/p2 18182:h15307/p2
2026-09-12 06:27:16 OK port 18180 [quick] height=15323 peers=2 p2p=aligned aligned=True failed=
2026-09-12 06:27:16 OK port 18181 [quick] height=15323 peers=2 p2p=aligned aligned=True failed=
2026-09-12 06:27:16 OK port 18182 [quick] height=15323 peers=2 p2p=aligned aligned=True failed=
2026-09-12 06:27:16 OK mesh aligned 18180:h15323/p2 18181:h15323/p2 18182:h15323/p2
2026-09-12 06:32:18 OK port 18180 [quick] height=15340 peers=2 p2p=aligned aligned=True failed=
2026-09-12 06:32:18 OK port 18181 [quick] height=15340 peers=2 p2p=aligned aligned=True failed=
2026-09-12 06:32:18 OK port 18182 [quick] height=15340 peers=2 p2p=aligned aligned=True failed=
2026-09-12 06:32:18 OK mesh aligned 18180:h15340/p2 18181:h15340/p2 18182:h15340/p2
2026-09-12 06:37:19 OK port 18180 [quick] height=15356 peers=2 p2p=aligned aligned=True failed=
2026-09-12 06:37:19 OK port 18181 [quick] height=15356 peers=2 p2p=aligned aligned=True failed=
2026-09-12 06:37:19 OK port 18182 [quick] height=15356 peers=2 p2p=aligned aligned=True failed=
2026-09-12 06:37:19 OK mesh aligned 18180:h15356/p2 18181:h15356/p2 18182:h15356/p2
2026-09-12 06:42:20 OK port 18180 [full] height=15372 peers=2 p2p=aligned aligned=True failed=
2026-09-12 06:42:20 OK port 18181 [full] height=15372 peers=2 p2p=aligned aligned=True failed=
2026-09-12 06:42:20 OK port 18182 [full] height=15372 peers=2 p2p=aligned aligned=True failed=
2026-09-12 06:42:20 OK mesh aligned 18180:h15372/p2 18181:h15372/p2 18182:h15372/p2
2026-09-12 06:47:21 OK port 18180 [quick] height=15388 peers=2 p2p=aligned aligned=True failed=
2026-09-12 06:47:21 OK port 18181 [quick] height=15388 peers=2 p2p=aligned aligned=True failed=
2026-09-12 06:47:21 OK port 18182 [quick] height=15388 peers=2 p2p=aligned aligned=True failed=
2026-09-12 06:47:21 OK mesh aligned 18180:h15388/p2 18181:h15388/p2 18182:h15388/p2
2026-09-12 06:52:32 OK port 18180 [quick] height=15404 peers=2 p2p=aligned aligned=True failed=
2026-09-12 06:52:32 OK port 18181 [quick] height=15404 peers=2 p2p=aligned aligned=True failed=
2026-09-12 06:52:32 OK port 18182 [quick] height=15404 peers=2 p2p=aligned aligned=True failed=
2026-09-12 06:52:32 OK mesh aligned 18180:h15404/p2 18181:h15404/p2 18182:h15404/p2
2026-09-12 06:57:38 OK port 18180 [quick] height=15421 peers=2 p2p=aligned aligned=True failed=
2026-09-12 06:57:38 OK port 18181 [quick] height=15421 peers=2 p2p=aligned aligned=True failed=
2026-09-12 06:57:38 OK port 18182 [quick] height=15421 peers=2 p2p=aligned aligned=True failed=
2026-09-12 06:57:38 OK mesh aligned 18180:h15421/p2 18181:h15421/p2 18182:h15421/p2
2026-09-12 07:02:39 OK port 18180 [quick] height=15437 peers=2 p2p=aligned aligned=True failed=
2026-09-12 07:02:39 OK port 18181 [quick] height=15437 peers=2 p2p=aligned aligned=True failed=
2026-09-12 07:02:39 OK port 18182 [quick] height=15437 peers=2 p2p=aligned aligned=True failed=
2026-09-12 07:02:39 OK mesh aligned 18180:h15437/p2 18181:h15437/p2 18182:h15437/p2
2026-09-12 07:07:40 OK port 18180 [quick] height=15453 peers=2 p2p=aligned aligned=True failed=
2026-09-12 07:07:40 OK port 18181 [quick] height=15453 peers=2 p2p=aligned aligned=True failed=
2026-09-12 07:07:40 OK port 18182 [quick] height=15453 peers=2 p2p=aligned aligned=True failed=
2026-09-12 07:07:40 OK mesh aligned 18180:h15453/p2 18181:h15453/p2 18182:h15453/p2
2026-09-12 07:12:42 OK port 18180 [full] height=15469 peers=2 p2p=aligned aligned=True failed=
2026-09-12 07:12:42 OK port 18181 [full] height=15469 peers=2 p2p=aligned aligned=True failed=
2026-09-12 07:12:42 OK port 18182 [full] height=15469 peers=2 p2p=aligned aligned=True failed=
2026-09-12 07:12:42 OK mesh aligned 18180:h15469/p2 18181:h15469/p2 18182:h15469/p2
2026-09-12 07:17:43 OK port 18180 [quick] height=15485 peers=2 p2p=aligned aligned=True failed=
2026-09-12 07:17:43 OK port 18181 [quick] height=15485 peers=2 p2p=aligned aligned=True failed=
2026-09-12 07:17:43 OK port 18182 [quick] height=15485 peers=2 p2p=aligned aligned=True failed=
2026-09-12 07:17:43 OK mesh aligned 18180:h15485/p2 18181:h15485/p2 18182:h15485/p2
2026-09-12 07:22:45 OK port 18180 [quick] height=15502 peers=2 p2p=inconsistent aligned=True failed=
2026-09-12 07:22:45 OK port 18181 [quick] height=15502 peers=2 p2p=inconsistent aligned=True failed=
2026-09-12 07:22:45 OK port 18182 [quick] height=15502 peers=2 p2p=aligned aligned=True failed=
2026-09-12 07:22:45 OK mesh aligned 18180:h15502/p2 18181:h15502/p2 18182:h15502/p2
2026-09-12 07:27:50 OK port 18180 [quick] height=15518 peers=2 p2p=inconsistent aligned=True failed=
2026-09-12 07:27:50 OK port 18181 [quick] height=15518 peers=2 p2p=inconsistent aligned=True failed=
2026-09-12 07:27:50 OK port 18182 [quick] height=15518 peers=2 p2p=aligned aligned=True failed=
2026-09-12 07:27:50 OK mesh aligned 18180:h15518/p2 18181:h15518/p2 18182:h15518/p2
2026-09-12 07:32:51 OK port 18180 [quick] height=15534 peers=2 p2p=aligned aligned=True failed=
2026-09-12 07:32:51 OK port 18181 [quick] height=15534 peers=2 p2p=aligned aligned=True failed=
2026-09-12 07:32:51 OK port 18182 [quick] height=15534 peers=2 p2p=aligned aligned=True failed=
2026-09-12 07:32:51 OK mesh aligned 18180:h15534/p2 18181:h15534/p2 18182:h15534/p2
2026-09-12 07:37:52 OK port 18180 [quick] height=15550 peers=2 p2p=aligned aligned=True failed=
2026-09-12 07:37:53 OK port 18181 [quick] height=15550 peers=2 p2p=aligned aligned=True failed=
2026-09-12 07:37:53 OK port 18182 [quick] height=15550 peers=2 p2p=aligned aligned=True failed=
2026-09-12 07:37:53 OK mesh aligned 18180:h15550/p2 18181:h15550/p2 18182:h15550/p2
2026-09-12 07:42:54 OK port 18180 [full] height=15566 peers=2 p2p=aligned aligned=True failed=
2026-09-12 07:42:54 OK port 18181 [full] height=15566 peers=2 p2p=aligned aligned=True failed=
2026-09-12 07:42:54 OK port 18182 [full] height=15566 peers=2 p2p=aligned aligned=True failed=
2026-09-12 07:42:54 OK mesh aligned 18180:h15566/p2 18181:h15566/p2 18182:h15566/p2
2026-09-12 07:47:55 OK port 18180 [quick] height=15582 peers=2 p2p=aligned aligned=True failed=
2026-09-12 07:47:55 OK port 18181 [quick] height=15582 peers=2 p2p=aligned aligned=True failed=
2026-09-12 07:47:55 OK port 18182 [quick] height=15582 peers=2 p2p=aligned aligned=True failed=
2026-09-12 07:47:55 OK mesh aligned 18180:h15582/p2 18181:h15582/p2 18182:h15582/p2
2026-09-12 07:52:57 OK port 18180 [quick] height=15598 peers=2 p2p=aligned aligned=True failed=
2026-09-12 07:52:57 OK port 18181 [quick] height=15598 peers=2 p2p=inconsistent aligned=True failed=
2026-09-12 07:52:57 OK port 18182 [quick] height=15598 peers=2 p2p=inconsistent aligned=True failed=
2026-09-12 07:52:57 OK mesh aligned 18180:h15598/p2 18181:h15598/p2 18182:h15598/p2
2026-09-12 07:58:00 OK port 18180 [quick] height=15614 peers=2 p2p=inconsistent aligned=True failed=
2026-09-12 07:58:00 OK port 18181 [quick] height=15613 peers=2 p2p=aligned aligned=True failed=
2026-09-12 07:58:00 OK port 18182 [quick] height=15613 peers=2 p2p=aligned aligned=True failed=
2026-09-12 07:58:00 OK mesh aligned 18180:h15614/p2 18181:h15613/p2 18182:h15613/p2 transient_delta=1
2026-09-12 08:03:01 OK port 18180 [quick] height=15629 peers=2 p2p=aligned aligned=True failed=
2026-09-12 08:03:01 OK port 18181 [quick] height=15629 peers=2 p2p=aligned aligned=True failed=
2026-09-12 08:03:01 OK port 18182 [quick] height=15629 peers=2 p2p=aligned aligned=True failed=
2026-09-12 08:03:01 OK mesh aligned 18180:h15629/p2 18181:h15629/p2 18182:h15629/p2
2026-09-12 08:08:02 OK port 18180 [quick] height=15645 peers=2 p2p=aligned aligned=True failed=
2026-09-12 08:08:02 OK port 18181 [quick] height=15645 peers=2 p2p=aligned aligned=True failed=
2026-09-12 08:08:02 OK port 18182 [quick] height=15645 peers=2 p2p=aligned aligned=True failed=
2026-09-12 08:08:02 OK mesh aligned 18180:h15645/p2 18181:h15645/p2 18182:h15645/p2
2026-09-12 08:13:04 OK port 18180 [full] height=15661 peers=2 p2p=aligned aligned=True failed=
2026-09-12 08:13:04 OK port 18181 [full] height=15661 peers=2 p2p=aligned aligned=True failed=
2026-09-12 08:13:04 OK port 18182 [full] height=15661 peers=2 p2p=aligned aligned=True failed=
2026-09-12 08:13:04 OK mesh aligned 18180:h15661/p2 18181:h15661/p2 18182:h15661/p2
2026-09-12 08:18:09 OK port 18180 [quick] height=15677 peers=2 p2p=aligned aligned=True failed=
2026-09-12 08:18:09 OK port 18181 [quick] height=15677 peers=2 p2p=aligned aligned=True failed=
2026-09-12 08:18:09 OK port 18182 [quick] height=15677 peers=2 p2p=aligned aligned=True failed=
2026-09-12 08:18:09 OK mesh aligned 18180:h15677/p2 18181:h15677/p2 18182:h15677/p2
2026-09-12 08:23:14 OK port 18180 [quick] height=15693 peers=2 p2p=aligned aligned=True failed=
2026-09-12 08:23:14 OK port 18181 [quick] height=15693 peers=2 p2p=aligned aligned=True failed=
2026-09-12 08:23:14 OK port 18182 [quick] height=15693 peers=2 p2p=aligned aligned=True failed=
2026-09-12 08:23:14 OK mesh aligned 18180:h15693/p2 18181:h15693/p2 18182:h15693/p2
2026-09-12 08:28:20 OK port 18180 [quick] height=15709 peers=2 p2p=aligned aligned=True failed=
2026-09-12 08:28:20 OK port 18181 [quick] height=15709 peers=2 p2p=aligned aligned=True failed=
2026-09-12 08:28:20 OK port 18182 [quick] height=15709 peers=2 p2p=aligned aligned=True failed=
2026-09-12 08:28:20 OK mesh aligned 18180:h15709/p2 18181:h15709/p2 18182:h15709/p2
2026-09-12 08:33:26 OK port 18180 [quick] height=15725 peers=2 p2p=aligned aligned=True failed=
2026-09-12 08:33:26 OK port 18181 [quick] height=15725 peers=2 p2p=aligned aligned=True failed=
2026-09-12 08:33:26 OK port 18182 [quick] height=15725 peers=2 p2p=aligned aligned=True failed=
2026-09-12 08:33:26 OK mesh aligned 18180:h15725/p2 18181:h15725/p2 18182:h15725/p2
2026-09-12 08:38:32 OK port 18180 [quick] height=15741 peers=2 p2p=aligned aligned=True failed=
2026-09-12 08:38:32 OK port 18181 [quick] height=15741 peers=2 p2p=aligned aligned=True failed=
2026-09-12 08:38:32 OK port 18182 [quick] height=15741 peers=2 p2p=aligned aligned=True failed=
2026-09-12 08:38:32 OK mesh aligned 18180:h15741/p2 18181:h15741/p2 18182:h15741/p2
2026-09-12 08:43:39 OK port 18180 [full] height=15757 peers=2 p2p=aligned aligned=True failed=
2026-09-12 08:43:39 OK port 18181 [full] height=15757 peers=2 p2p=aligned aligned=True failed=
2026-09-12 08:43:39 OK port 18182 [full] height=15757 peers=2 p2p=aligned aligned=True failed=
2026-09-12 08:43:39 OK mesh aligned 18180:h15757/p2 18181:h15757/p2 18182:h15757/p2
2026-09-12 08:48:44 OK port 18180 [quick] height=15773 peers=2 p2p=aligned aligned=True failed=
2026-09-12 08:48:44 OK port 18181 [quick] height=15773 peers=2 p2p=aligned aligned=True failed=
2026-09-12 08:48:44 OK port 18182 [quick] height=15773 peers=2 p2p=aligned aligned=True failed=
2026-09-12 08:48:44 OK mesh aligned 18180:h15773/p2 18181:h15773/p2 18182:h15773/p2
2026-09-12 08:53:51 OK port 18180 [quick] height=15789 peers=2 p2p=aligned aligned=True failed=
2026-09-12 08:53:51 OK port 18181 [quick] height=15789 peers=2 p2p=aligned aligned=True failed=
2026-09-12 08:53:51 OK port 18182 [quick] height=15789 peers=2 p2p=aligned aligned=True failed=
2026-09-12 08:53:51 OK mesh aligned 18180:h15789/p2 18181:h15789/p2 18182:h15789/p2
2026-09-12 08:58:58 OK port 18180 [quick] height=15805 peers=2 p2p=aligned aligned=True failed=
2026-09-12 08:58:58 OK port 18181 [quick] height=15805 peers=2 p2p=aligned aligned=True failed=
2026-09-12 08:58:58 OK port 18182 [quick] height=15805 peers=2 p2p=aligned aligned=True failed=
2026-09-12 08:58:58 OK mesh aligned 18180:h15805/p2 18181:h15805/p2 18182:h15805/p2
2026-09-12 09:04:06 OK port 18180 [quick] height=15821 peers=2 p2p=aligned aligned=True failed=
2026-09-12 09:04:06 OK port 18181 [quick] height=15821 peers=2 p2p=aligned aligned=True failed=
2026-09-12 09:04:06 OK port 18182 [quick] height=15821 peers=2 p2p=aligned aligned=True failed=
2026-09-12 09:04:06 OK mesh aligned 18180:h15821/p2 18181:h15821/p2 18182:h15821/p2
2026-09-12 09:09:15 OK port 18180 [quick] height=15837 peers=2 p2p=aligned aligned=True failed=
2026-09-12 09:09:15 OK port 18181 [quick] height=15837 peers=2 p2p=aligned aligned=True failed=
2026-09-12 09:09:15 OK port 18182 [quick] height=15837 peers=2 p2p=aligned aligned=True failed=
2026-09-12 09:09:15 OK mesh aligned 18180:h15837/p2 18181:h15837/p2 18182:h15837/p2
2026-09-12 09:14:23 OK port 18180 [full] height=15853 peers=2 p2p=aligned aligned=True failed=
2026-09-12 09:14:23 OK port 18181 [full] height=15853 peers=2 p2p=aligned aligned=True failed=
2026-09-12 09:14:23 OK port 18182 [full] height=15853 peers=2 p2p=aligned aligned=True failed=
2026-09-12 09:14:23 OK mesh aligned 18180:h15853/p2 18181:h15853/p2 18182:h15853/p2
2026-09-12 09:19:33 OK port 18180 [quick] height=15869 peers=2 p2p=aligned aligned=True failed=
2026-09-12 09:19:33 OK port 18181 [quick] height=15869 peers=2 p2p=aligned aligned=True failed=
2026-09-12 09:19:33 OK port 18182 [quick] height=15869 peers=2 p2p=aligned aligned=True failed=
2026-09-12 09:19:33 OK mesh aligned 18180:h15869/p2 18181:h15869/p2 18182:h15869/p2
2026-09-12 09:24:43 OK port 18180 [quick] height=15885 peers=2 p2p=aligned aligned=True failed=
2026-09-12 09:24:43 OK port 18181 [quick] height=15885 peers=2 p2p=aligned aligned=True failed=
2026-09-12 09:24:43 OK port 18182 [quick] height=15885 peers=2 p2p=aligned aligned=True failed=
2026-09-12 09:24:43 OK mesh aligned 18180:h15885/p2 18181:h15885/p2 18182:h15885/p2
2026-09-12 09:29:53 OK port 18180 [quick] height=15901 peers=2 p2p=aligned aligned=True failed=
2026-09-12 09:29:53 OK port 18181 [quick] height=15901 peers=2 p2p=aligned aligned=True failed=
2026-09-12 09:29:53 OK port 18182 [quick] height=15901 peers=2 p2p=aligned aligned=True failed=
2026-09-12 09:29:53 OK mesh aligned 18180:h15901/p2 18181:h15901/p2 18182:h15901/p2
2026-09-12 09:35:02 OK port 18180 [quick] height=15917 peers=2 p2p=aligned aligned=True failed=
2026-09-12 09:35:02 OK port 18181 [quick] height=15917 peers=2 p2p=aligned aligned=True failed=
2026-09-12 09:35:02 OK port 18182 [quick] height=15917 peers=2 p2p=aligned aligned=True failed=
2026-09-12 09:35:02 OK mesh aligned 18180:h15917/p2 18181:h15917/p2 18182:h15917/p2
2026-09-12 09:40:12 OK port 18180 [quick] height=15933 peers=2 p2p=aligned aligned=True failed=
2026-09-12 09:40:12 OK port 18181 [quick] height=15933 peers=2 p2p=aligned aligned=True failed=
2026-09-12 09:40:12 OK port 18182 [quick] height=15933 peers=2 p2p=aligned aligned=True failed=
2026-09-12 09:40:12 OK mesh aligned 18180:h15933/p2 18181:h15933/p2 18182:h15933/p2
2026-09-12 09:45:14 OK port 18180 [full] height=15949 peers=2 p2p=aligned aligned=True failed=
2026-09-12 09:45:14 OK port 18181 [full] height=15949 peers=2 p2p=inconsistent aligned=True failed=
2026-09-12 09:45:14 OK port 18182 [full] height=15949 peers=2 p2p=aligned aligned=True failed=
2026-09-12 09:45:14 OK mesh aligned 18180:h15949/p2 18181:h15949/p2 18182:h15949/p2
2026-09-12 09:50:25 OK port 18180 [quick] height=15965 peers=2 p2p=inconsistent aligned=True failed=
2026-09-12 09:50:25 OK port 18181 [quick] height=15964 peers=2 p2p=aligned aligned=True failed=
2026-09-12 09:50:25 OK port 18182 [quick] height=15964 peers=2 p2p=aligned aligned=True failed=
2026-09-12 09:50:25 OK mesh aligned 18180:h15965/p2 18181:h15964/p2 18182:h15964/p2 transient_delta=1
2026-09-12 09:55:35 OK port 18180 [quick] height=15980 peers=2 p2p=aligned aligned=True failed=
2026-09-12 09:55:35 OK port 18181 [quick] height=15980 peers=2 p2p=aligned aligned=True failed=
2026-09-12 09:55:35 OK port 18182 [quick] height=15980 peers=2 p2p=aligned aligned=True failed=
2026-09-12 09:55:35 OK mesh aligned 18180:h15980/p2 18181:h15980/p2 18182:h15980/p2
2026-09-12 10:00:36 OK port 18180 [quick] height=15996 peers=2 p2p=aligned aligned=True failed=
2026-09-12 10:00:36 OK port 18181 [quick] height=15996 peers=2 p2p=aligned aligned=True failed=
2026-09-12 10:00:36 OK port 18182 [quick] height=15996 peers=2 p2p=aligned aligned=True failed=
2026-09-12 10:00:36 OK mesh aligned 18180:h15996/p2 18181:h15996/p2 18182:h15996/p2
2026-09-12 10:05:37 OK port 18180 [quick] height=16011 peers=2 p2p=aligned aligned=True failed=
2026-09-12 10:05:37 OK port 18181 [quick] height=16011 peers=2 p2p=aligned aligned=True failed=
2026-09-12 10:05:37 OK port 18182 [quick] height=16011 peers=2 p2p=aligned aligned=True failed=
2026-09-12 10:05:37 OK mesh aligned 18180:h16011/p2 18181:h16011/p2 18182:h16011/p2
2026-09-12 10:10:47 OK port 18180 [quick] height=16027 peers=2 p2p=aligned aligned=True failed=
2026-09-12 10:10:47 OK port 18181 [quick] height=16027 peers=2 p2p=aligned aligned=True failed=
2026-09-12 10:10:47 OK port 18182 [quick] height=16027 peers=2 p2p=aligned aligned=True failed=
2026-09-12 10:10:47 OK mesh aligned 18180:h16027/p2 18181:h16027/p2 18182:h16027/p2
2026-09-12 10:15:52 OK port 18180 [full] height=16043 peers=2 p2p=inconsistent aligned=True failed=
2026-09-12 10:15:52 OK port 18181 [full] height=16042 peers=2 p2p=aligned aligned=True failed=
2026-09-12 10:15:52 OK port 18182 [full] height=16042 peers=2 p2p=aligned aligned=True failed=
2026-09-12 10:15:52 OK mesh aligned 18180:h16043/p2 18181:h16042/p2 18182:h16042/p2 transient_delta=1
2026-09-12 10:20:53 OK port 18180 [quick] height=16058 peers=2 p2p=aligned aligned=True failed=
2026-09-12 10:20:53 OK port 18181 [quick] height=16058 peers=2 p2p=aligned aligned=True failed=
2026-09-12 10:20:53 OK port 18182 [quick] height=16058 peers=2 p2p=aligned aligned=True failed=
2026-09-12 10:20:53 OK mesh aligned 18180:h16058/p2 18181:h16058/p2 18182:h16058/p2
2026-09-12 10:25:55 OK port 18180 [quick] height=16074 peers=2 p2p=inconsistent aligned=True failed=
2026-09-12 10:25:55 OK port 18181 [quick] height=16074 peers=2 p2p=aligned aligned=True failed=
2026-09-12 10:25:55 OK port 18182 [quick] height=16074 peers=2 p2p=aligned aligned=True failed=
2026-09-12 10:25:55 OK mesh aligned 18180:h16074/p2 18181:h16074/p2 18182:h16074/p2
2026-09-12 10:31:04 OK port 18180 [quick] height=16089 peers=2 p2p=aligned aligned=True failed=
2026-09-12 10:31:04 OK port 18181 [quick] height=16089 peers=2 p2p=aligned aligned=True failed=
2026-09-12 10:31:04 OK port 18182 [quick] height=16089 peers=2 p2p=aligned aligned=True failed=
2026-09-12 10:31:04 OK mesh aligned 18180:h16089/p2 18181:h16089/p2 18182:h16089/p2
2026-09-12 10:36:13 OK port 18180 [quick] height=16105 peers=2 p2p=inconsistent aligned=True failed=
2026-09-12 10:36:13 OK port 18181 [quick] height=16104 peers=2 p2p=aligned aligned=True failed=
2026-09-12 10:36:13 OK port 18182 [quick] height=16104 peers=2 p2p=aligned aligned=True failed=
2026-09-12 10:36:13 OK mesh aligned 18180:h16105/p2 18181:h16104/p2 18182:h16104/p2 transient_delta=1
2026-09-12 10:41:14 OK port 18180 [quick] height=16120 peers=2 p2p=aligned aligned=True failed=
2026-09-12 10:41:14 OK port 18181 [quick] height=16120 peers=2 p2p=aligned aligned=True failed=
2026-09-12 10:41:14 OK port 18182 [quick] height=16120 peers=2 p2p=aligned aligned=True failed=
2026-09-12 10:41:14 OK mesh aligned 18180:h16120/p2 18181:h16120/p2 18182:h16120/p2
2026-09-12 10:46:15 OK port 18180 [full] height=16135 peers=2 p2p=aligned aligned=True failed=
2026-09-12 10:46:15 OK port 18181 [full] height=16135 peers=2 p2p=aligned aligned=True failed=
2026-09-12 10:46:15 OK port 18182 [full] height=16135 peers=2 p2p=aligned aligned=True failed=
2026-09-12 10:46:15 OK mesh aligned 18180:h16135/p2 18181:h16135/p2 18182:h16135/p2
2026-09-12 10:51:19 OK port 18180 [quick] height=16150 peers=2 p2p=aligned aligned=True failed=
2026-09-12 10:51:19 OK port 18181 [quick] height=16150 peers=2 p2p=aligned aligned=True failed=
2026-09-12 10:51:19 OK port 18182 [quick] height=16150 peers=2 p2p=aligned aligned=True failed=
2026-09-12 10:51:19 OK mesh aligned 18180:h16150/p2 18181:h16150/p2 18182:h16150/p2
2026-09-12 10:56:20 OK port 18180 [quick] height=16166 peers=2 p2p=aligned aligned=True failed=
2026-09-12 10:56:20 OK port 18181 [quick] height=16166 peers=2 p2p=aligned aligned=True failed=
2026-09-12 10:56:20 OK port 18182 [quick] height=16166 peers=2 p2p=aligned aligned=True failed=
2026-09-12 10:56:20 OK mesh aligned 18180:h16166/p2 18181:h16166/p2 18182:h16166/p2
2026-09-12 11:01:21 OK port 18180 [quick] height=16181 peers=2 p2p=aligned aligned=True failed=
2026-09-12 11:01:21 OK port 18181 [quick] height=16181 peers=2 p2p=aligned aligned=True failed=
2026-09-12 11:01:21 OK port 18182 [quick] height=16181 peers=2 p2p=aligned aligned=True failed=
2026-09-12 11:01:21 OK mesh aligned 18180:h16181/p2 18181:h16181/p2 18182:h16181/p2
2026-09-12 11:06:29 OK port 18180 [quick] height=16196 peers=2 p2p=aligned aligned=True failed=
2026-09-12 11:06:29 OK port 18181 [quick] height=16196 peers=2 p2p=aligned aligned=True failed=
2026-09-12 11:06:29 OK port 18182 [quick] height=16196 peers=2 p2p=aligned aligned=True failed=
2026-09-12 11:06:29 OK mesh aligned 18180:h16196/p2 18181:h16196/p2 18182:h16196/p2
2026-09-12 11:11:30 OK port 18180 [quick] height=16212 peers=2 p2p=aligned aligned=True failed=
2026-09-12 11:11:30 OK port 18181 [quick] height=16212 peers=2 p2p=aligned aligned=True failed=
2026-09-12 11:11:30 OK port 18182 [quick] height=16212 peers=2 p2p=aligned aligned=True failed=
2026-09-12 11:11:30 OK mesh aligned 18180:h16212/p2 18181:h16212/p2 18182:h16212/p2
2026-09-12 11:16:36 OK port 18180 [full] height=16227 peers=2 p2p=aligned aligned=True failed=
2026-09-12 11:16:36 OK port 18181 [full] height=16227 peers=2 p2p=aligned aligned=True failed=
2026-09-12 11:16:36 OK port 18182 [full] height=16227 peers=2 p2p=aligned aligned=True failed=
2026-09-12 11:16:36 OK mesh aligned 18180:h16227/p2 18181:h16227/p2 18182:h16227/p2
2026-09-12 11:21:45 OK port 18180 [quick] height=16242 peers=2 p2p=aligned aligned=True failed=
2026-09-12 11:21:45 OK port 18181 [quick] height=16242 peers=2 p2p=aligned aligned=True failed=
2026-09-12 11:21:45 OK port 18182 [quick] height=16242 peers=2 p2p=aligned aligned=True failed=
2026-09-12 11:21:45 OK mesh aligned 18180:h16242/p2 18181:h16242/p2 18182:h16242/p2
2026-09-12 11:26:46 OK port 18180 [quick] height=16258 peers=2 p2p=aligned aligned=True failed=
2026-09-12 11:26:46 OK port 18181 [quick] height=16258 peers=2 p2p=aligned aligned=True failed=
2026-09-12 11:26:46 OK port 18182 [quick] height=16258 peers=2 p2p=aligned aligned=True failed=
2026-09-12 11:26:46 OK mesh aligned 18180:h16258/p2 18181:h16258/p2 18182:h16258/p2
2026-09-12 11:31:53 OK port 18180 [quick] height=16273 peers=2 p2p=aligned aligned=True failed=
2026-09-12 11:31:53 OK port 18181 [quick] height=16273 peers=2 p2p=aligned aligned=True failed=
2026-09-12 11:31:53 OK port 18182 [quick] height=16273 peers=2 p2p=aligned aligned=True failed=
2026-09-12 11:31:53 OK mesh aligned 18180:h16273/p2 18181:h16273/p2 18182:h16273/p2
2026-09-12 11:37:02 OK port 18180 [quick] height=16288 peers=2 p2p=aligned aligned=True failed=
2026-09-12 11:37:02 OK port 18181 [quick] height=16288 peers=2 p2p=aligned aligned=True failed=
2026-09-12 11:37:02 OK port 18182 [quick] height=16288 peers=2 p2p=aligned aligned=True failed=
2026-09-12 11:37:02 OK mesh aligned 18180:h16288/p2 18181:h16288/p2 18182:h16288/p2
2026-09-12 11:42:03 OK port 18180 [quick] height=16304 peers=2 p2p=aligned aligned=True failed=
2026-09-12 11:42:03 OK port 18181 [quick] height=16304 peers=2 p2p=aligned aligned=True failed=
2026-09-12 11:42:03 OK port 18182 [quick] height=16304 peers=2 p2p=aligned aligned=True failed=
2026-09-12 11:42:03 OK mesh aligned 18180:h16304/p2 18181:h16304/p2 18182:h16304/p2
2026-09-12 11:47:12 OK port 18180 [full] height=16319 peers=2 p2p=aligned aligned=True failed=
2026-09-12 11:47:12 OK port 18181 [full] height=16319 peers=2 p2p=aligned aligned=True failed=
2026-09-12 11:47:12 OK port 18182 [full] height=16319 peers=2 p2p=aligned aligned=True failed=
2026-09-12 11:47:12 OK mesh aligned 18180:h16319/p2 18181:h16319/p2 18182:h16319/p2
2026-09-12 11:52:23 OK port 18180 [quick] height=16334 peers=2 p2p=aligned aligned=True failed=
2026-09-12 11:52:23 OK port 18181 [quick] height=16334 peers=2 p2p=aligned aligned=True failed=
2026-09-12 11:52:23 OK port 18182 [quick] height=16334 peers=2 p2p=aligned aligned=True failed=
2026-09-12 11:52:23 OK mesh aligned 18180:h16334/p2 18181:h16334/p2 18182:h16334/p2
2026-09-12 11:57:24 OK port 18180 [quick] height=16350 peers=2 p2p=aligned aligned=True failed=
2026-09-12 11:57:24 OK port 18181 [quick] height=16350 peers=2 p2p=aligned aligned=True failed=
2026-09-12 11:57:24 OK port 18182 [quick] height=16350 peers=2 p2p=aligned aligned=True failed=
2026-09-12 11:57:24 OK mesh aligned 18180:h16350/p2 18181:h16350/p2 18182:h16350/p2
2026-09-12 12:02:26 OK port 18180 [quick] height=16365 peers=2 p2p=aligned aligned=True failed=
2026-09-12 12:02:26 OK port 18181 [quick] height=16365 peers=2 p2p=aligned aligned=True failed=
2026-09-12 12:02:26 OK port 18182 [quick] height=16365 peers=2 p2p=aligned aligned=True failed=
2026-09-12 12:02:26 OK mesh aligned 18180:h16365/p2 18181:h16365/p2 18182:h16365/p2
2026-09-12 12:07:27 OK port 18180 [quick] height=16380 peers=2 p2p=aligned aligned=True failed=
2026-09-12 12:07:27 OK port 18181 [quick] height=16380 peers=2 p2p=aligned aligned=True failed=
2026-09-12 12:07:27 OK port 18182 [quick] height=16380 peers=2 p2p=aligned aligned=True failed=
2026-09-12 12:07:27 OK mesh aligned 18180:h16380/p2 18181:h16380/p2 18182:h16380/p2
2026-09-12 12:12:32 OK port 18180 [quick] height=16394 peers=2 p2p=aligned aligned=True failed=
2026-09-12 12:12:32 OK port 18181 [quick] height=16394 peers=2 p2p=aligned aligned=True failed=
2026-09-12 12:12:32 OK port 18182 [quick] height=16394 peers=2 p2p=aligned aligned=True failed=
2026-09-12 12:12:32 OK mesh aligned 18180:h16394/p2 18181:h16394/p2 18182:h16394/p2
2026-09-12 12:17:34 OK port 18180 [full] height=16410 peers=2 p2p=aligned aligned=True failed=
2026-09-12 12:17:34 OK port 18181 [full] height=16410 peers=2 p2p=aligned aligned=True failed=
2026-09-12 12:17:34 OK port 18182 [full] height=16410 peers=2 p2p=aligned aligned=True failed=
2026-09-12 12:17:34 OK mesh aligned 18180:h16410/p2 18181:h16410/p2 18182:h16410/p2
2026-09-12 12:22:43 OK port 18180 [quick] height=16424 peers=2 p2p=aligned aligned=True failed=
2026-09-12 12:22:43 OK port 18181 [quick] height=16424 peers=2 p2p=aligned aligned=True failed=
2026-09-12 12:22:43 OK port 18182 [quick] height=16424 peers=2 p2p=aligned aligned=True failed=
2026-09-12 12:22:43 OK mesh aligned 18180:h16424/p2 18181:h16424/p2 18182:h16424/p2
2026-09-12 12:27:45 OK port 18180 [quick] height=16440 peers=2 p2p=aligned aligned=True failed=
2026-09-12 12:27:45 OK port 18181 [quick] height=16440 peers=2 p2p=aligned aligned=True failed=
2026-09-12 12:27:45 OK port 18182 [quick] height=16440 peers=2 p2p=aligned aligned=True failed=
2026-09-12 12:27:45 OK mesh aligned 18180:h16440/p2 18181:h16440/p2 18182:h16440/p2
2026-09-12 12:32:54 OK port 18180 [quick] height=16454 peers=2 p2p=aligned aligned=True failed=
2026-09-12 12:32:54 OK port 18181 [quick] height=16454 peers=2 p2p=aligned aligned=True failed=
2026-09-12 12:32:54 OK port 18182 [quick] height=16454 peers=2 p2p=aligned aligned=True failed=
2026-09-12 12:32:54 OK mesh aligned 18180:h16454/p2 18181:h16454/p2 18182:h16454/p2
2026-09-12 12:37:55 OK port 18180 [quick] height=16470 peers=2 p2p=aligned aligned=True failed=
2026-09-12 12:37:55 OK port 18181 [quick] height=16470 peers=2 p2p=aligned aligned=True failed=
2026-09-12 12:37:55 OK port 18182 [quick] height=16470 peers=2 p2p=aligned aligned=True failed=
2026-09-12 12:37:55 OK mesh aligned 18180:h16470/p2 18181:h16470/p2 18182:h16470/p2
2026-09-12 12:43:04 OK port 18180 [quick] height=16484 peers=2 p2p=aligned aligned=True failed=
2026-09-12 12:43:04 OK port 18181 [quick] height=16484 peers=2 p2p=aligned aligned=True failed=
2026-09-12 12:43:04 OK port 18182 [quick] height=16484 peers=2 p2p=aligned aligned=True failed=
2026-09-12 12:43:04 OK mesh aligned 18180:h16484/p2 18181:h16484/p2 18182:h16484/p2
2026-09-12 12:48:05 OK port 18180 [full] height=16499 peers=2 p2p=aligned aligned=True failed=
2026-09-12 12:48:05 OK port 18181 [full] height=16499 peers=2 p2p=aligned aligned=True failed=
2026-09-12 12:48:05 OK port 18182 [full] height=16499 peers=2 p2p=aligned aligned=True failed=
2026-09-12 12:48:05 OK mesh aligned 18180:h16499/p2 18181:h16499/p2 18182:h16499/p2
2026-09-12 12:53:06 OK port 18180 [quick] height=16514 peers=2 p2p=aligned aligned=True failed=
2026-09-12 12:53:06 OK port 18181 [quick] height=16514 peers=2 p2p=aligned aligned=True failed=
2026-09-12 12:53:06 OK port 18182 [quick] height=16514 peers=2 p2p=aligned aligned=True failed=
2026-09-12 12:53:06 OK mesh aligned 18180:h16514/p2 18181:h16514/p2 18182:h16514/p2
2026-09-12 12:58:12 OK port 18180 [quick] height=16529 peers=2 p2p=aligned aligned=True failed=
2026-09-12 12:58:12 OK port 18181 [quick] height=16529 peers=2 p2p=aligned aligned=True failed=
2026-09-12 12:58:12 OK port 18182 [quick] height=16529 peers=2 p2p=aligned aligned=True failed=
2026-09-12 12:58:12 OK mesh aligned 18180:h16529/p2 18181:h16529/p2 18182:h16529/p2
2026-09-12 13:03:13 OK port 18180 [quick] height=16544 peers=2 p2p=aligned aligned=True failed=
2026-09-12 13:03:13 OK port 18181 [quick] height=16544 peers=2 p2p=aligned aligned=True failed=
2026-09-12 13:03:13 OK port 18182 [quick] height=16544 peers=2 p2p=aligned aligned=True failed=
2026-09-12 13:03:13 OK mesh aligned 18180:h16544/p2 18181:h16544/p2 18182:h16544/p2
2026-09-12 13:08:22 OK port 18180 [quick] height=16558 peers=2 p2p=aligned aligned=True failed=
2026-09-12 13:08:22 OK port 18181 [quick] height=16558 peers=2 p2p=aligned aligned=True failed=
2026-09-12 13:08:22 OK port 18182 [quick] height=16558 peers=2 p2p=aligned aligned=True failed=
2026-09-12 13:08:22 OK mesh aligned 18180:h16558/p2 18181:h16558/p2 18182:h16558/p2
2026-09-12 13:13:25 OK port 18180 [quick] height=16574 peers=2 p2p=aligned aligned=True failed=
2026-09-12 13:13:25 OK port 18181 [quick] height=16573 peers=2 p2p=aligned aligned=True failed=
2026-09-12 13:13:25 OK port 18182 [quick] height=16573 peers=2 p2p=aligned aligned=True failed=
2026-09-12 13:13:25 OK mesh aligned 18180:h16574/p2 18181:h16573/p2 18182:h16573/p2 transient_delta=1
2026-09-12 13:18:36 OK port 18180 [full] height=16588 peers=2 p2p=aligned aligned=True failed=
2026-09-12 13:18:36 OK port 18181 [full] height=16588 peers=2 p2p=aligned aligned=True failed=
2026-09-12 13:18:36 OK port 18182 [full] height=16588 peers=2 p2p=aligned aligned=True failed=
2026-09-12 13:18:36 OK mesh aligned 18180:h16588/p2 18181:h16588/p2 18182:h16588/p2
2026-09-12 13:23:39 OK port 18180 [quick] height=16604 peers=2 p2p=inconsistent aligned=True failed=
2026-09-12 13:23:39 OK port 18181 [quick] height=16604 peers=2 p2p=aligned aligned=True failed=
2026-09-12 13:23:39 OK port 18182 [quick] height=16604 peers=2 p2p=aligned aligned=True failed=
2026-09-12 13:23:39 OK mesh aligned 18180:h16604/p2 18181:h16604/p2 18182:h16604/p2
2026-09-12 13:28:53 OK port 18180 [quick] height=16619 peers=2 p2p=inconsistent aligned=True failed=
2026-09-12 13:28:53 OK port 18181 [quick] height=16618 peers=2 p2p=aligned aligned=True failed=
2026-09-12 13:28:53 OK port 18182 [quick] height=16618 peers=2 p2p=aligned aligned=True failed=
2026-09-12 13:28:53 OK mesh aligned 18180:h16619/p2 18181:h16618/p2 18182:h16618/p2 transient_delta=1
2026-09-12 13:33:54 OK port 18180 [quick] height=16633 peers=2 p2p=aligned aligned=True failed=
2026-09-12 13:33:54 OK port 18181 [quick] height=16633 peers=2 p2p=aligned aligned=True failed=
2026-09-12 13:33:54 OK port 18182 [quick] height=16633 peers=2 p2p=aligned aligned=True failed=
2026-09-12 13:33:54 OK mesh aligned 18180:h16633/p2 18181:h16633/p2 18182:h16633/p2
2026-09-12 13:38:55 OK port 18180 [quick] height=16648 peers=2 p2p=aligned aligned=True failed=
2026-09-12 13:38:55 OK port 18181 [quick] height=16648 peers=2 p2p=aligned aligned=True failed=
2026-09-12 13:38:55 OK port 18182 [quick] height=16648 peers=2 p2p=aligned aligned=True failed=
2026-09-12 13:38:55 OK mesh aligned 18180:h16648/p2 18181:h16648/p2 18182:h16648/p2
2026-09-12 13:44:03 OK port 18180 [quick] height=16663 peers=2 p2p=inconsistent aligned=True failed=
2026-09-12 13:44:03 OK port 18181 [quick] height=16662 peers=2 p2p=aligned aligned=True failed=
2026-09-12 13:44:03 OK port 18182 [quick] height=16662 peers=2 p2p=aligned aligned=True failed=
2026-09-12 13:44:03 OK mesh aligned 18180:h16663/p2 18181:h16662/p2 18182:h16662/p2 transient_delta=1
2026-09-12 13:49:05 OK port 18180 [full] height=16677 peers=2 p2p=aligned aligned=True failed=
2026-09-12 13:49:05 OK port 18181 [full] height=16677 peers=2 p2p=aligned aligned=True failed=
2026-09-12 13:49:05 OK port 18182 [full] height=16677 peers=2 p2p=aligned aligned=True failed=
2026-09-12 13:49:05 OK mesh aligned 18180:h16677/p2 18181:h16677/p2 18182:h16677/p2
2026-09-12 13:54:06 OK port 18180 [quick] height=16692 peers=2 p2p=aligned aligned=True failed=
2026-09-12 13:54:06 OK port 18181 [quick] height=16692 peers=2 p2p=aligned aligned=True failed=
2026-09-12 13:54:06 OK port 18182 [quick] height=16692 peers=2 p2p=aligned aligned=True failed=
2026-09-12 13:54:06 OK mesh aligned 18180:h16692/p2 18181:h16692/p2 18182:h16692/p2
2026-09-12 13:59:13 OK port 18180 [quick] height=16706 peers=2 p2p=aligned aligned=True failed=
2026-09-12 13:59:13 OK port 18181 [quick] height=16706 peers=2 p2p=aligned aligned=True failed=
2026-09-12 13:59:13 OK port 18182 [quick] height=16706 peers=2 p2p=aligned aligned=True failed=
2026-09-12 13:59:13 OK mesh aligned 18180:h16706/p2 18181:h16706/p2 18182:h16706/p2
2026-09-12 14:04:15 OK port 18180 [quick] height=16721 peers=2 p2p=aligned aligned=True failed=
2026-09-12 14:04:15 OK port 18181 [quick] height=16721 peers=2 p2p=aligned aligned=True failed=
2026-09-12 14:04:15 OK port 18182 [quick] height=16721 peers=2 p2p=aligned aligned=True failed=
2026-09-12 14:04:15 OK mesh aligned 18180:h16721/p2 18181:h16721/p2 18182:h16721/p2
2026-09-12 14:09:16 OK port 18180 [quick] height=16736 peers=2 p2p=aligned aligned=True failed=
2026-09-12 14:09:16 OK port 18181 [quick] height=16736 peers=2 p2p=aligned aligned=True failed=
2026-09-12 14:09:16 OK port 18182 [quick] height=16736 peers=2 p2p=aligned aligned=True failed=
2026-09-12 14:09:16 OK mesh aligned 18180:h16736/p2 18181:h16736/p2 18182:h16736/p2
2026-09-12 14:14:27 OK port 18180 [quick] height=16750 peers=2 p2p=aligned aligned=True failed=
2026-09-12 14:14:27 OK port 18181 [quick] height=16750 peers=2 p2p=aligned aligned=True failed=
2026-09-12 14:14:27 OK port 18182 [quick] height=16750 peers=2 p2p=aligned aligned=True failed=
2026-09-12 14:14:27 OK mesh aligned 18180:h16750/p2 18181:h16750/p2 18182:h16750/p2
2026-09-12 14:19:31 OK port 18180 [full] height=16765 peers=2 p2p=aligned aligned=True failed=
2026-09-12 14:19:31 OK port 18181 [full] height=16765 peers=2 p2p=aligned aligned=True failed=
2026-09-12 14:19:31 OK port 18182 [full] height=16765 peers=2 p2p=aligned aligned=True failed=peer_probe_ok
2026-09-12 14:19:31 OK mesh aligned 18180:h16765/p2 18181:h16765/p2 18182:h16765/p2
2026-09-12 14:24:33 OK port 18180 [quick] height=16780 peers=2 p2p=aligned aligned=True failed=
2026-09-12 14:24:33 OK port 18181 [quick] height=16780 peers=2 p2p=aligned aligned=True failed=
2026-09-12 14:24:33 OK port 18182 [quick] height=16780 peers=2 p2p=aligned aligned=True failed=
2026-09-12 14:24:33 OK mesh aligned 18180:h16780/p2 18181:h16780/p2 18182:h16780/p2
2026-09-12 14:29:46 OK port 18180 [quick] height=16794 peers=2 p2p=aligned aligned=True failed=
2026-09-12 14:29:46 OK port 18181 [quick] height=16794 peers=2 p2p=aligned aligned=True failed=
2026-09-12 14:29:46 OK port 18182 [quick] height=16794 peers=2 p2p=aligned aligned=True failed=
2026-09-12 14:29:46 OK mesh aligned 18180:h16794/p2 18181:h16794/p2 18182:h16794/p2
2026-09-12 14:34:51 OK port 18180 [quick] height=16809 peers=2 p2p=aligned aligned=True failed=
2026-09-12 14:34:51 OK port 18181 [quick] height=16809 peers=2 p2p=aligned aligned=True failed=
2026-09-12 14:34:51 OK port 18182 [quick] height=16809 peers=2 p2p=aligned aligned=True failed=
2026-09-12 14:34:51 OK mesh aligned 18180:h16809/p2 18181:h16809/p2 18182:h16809/p2
2026-09-12 14:39:52 OK port 18180 [quick] height=16824 peers=2 p2p=aligned aligned=True failed=
2026-09-12 14:39:52 OK port 18181 [quick] height=16824 peers=2 p2p=aligned aligned=True failed=
2026-09-12 14:39:52 OK port 18182 [quick] height=16824 peers=2 p2p=aligned aligned=True failed=
2026-09-12 14:39:52 OK mesh aligned 18180:h16824/p2 18181:h16824/p2 18182:h16824/p2
2026-09-12 14:44:59 OK port 18180 [quick] height=16838 peers=2 p2p=aligned aligned=True failed=
2026-09-12 14:44:59 OK port 18181 [quick] height=16838 peers=2 p2p=aligned aligned=True failed=
2026-09-12 14:44:59 OK port 18182 [quick] height=16838 peers=2 p2p=aligned aligned=True failed=
2026-09-12 14:44:59 OK mesh aligned 18180:h16838/p2 18181:h16838/p2 18182:h16838/p2
2026-09-12 14:50:13 OK port 18180 [full] height=16853 peers=2 p2p=inconsistent aligned=True failed=
2026-09-12 14:50:13 OK port 18181 [full] height=16852 peers=2 p2p=aligned aligned=True failed=peer_probe_ok
2026-09-12 14:50:13 OK port 18182 [full] height=16852 peers=2 p2p=aligned aligned=True failed=
2026-09-12 14:50:13 OK mesh aligned 18180:h16853/p2 18181:h16852/p2 18182:h16852/p2 transient_delta=1
2026-09-12 14:55:14 OK port 18180 [quick] height=16868 peers=2 p2p=aligned aligned=True failed=
2026-09-12 14:55:14 OK port 18181 [quick] height=16868 peers=2 p2p=aligned aligned=True failed=
2026-09-12 14:55:14 OK port 18182 [quick] height=16868 peers=2 p2p=aligned aligned=True failed=
2026-09-12 14:55:14 OK mesh aligned 18180:h16868/p2 18181:h16868/p2 18182:h16868/p2
2026-09-12 15:00:15 OK port 18180 [quick] height=16882 peers=2 p2p=aligned aligned=True failed=
2026-09-12 15:00:15 OK port 18181 [quick] height=16882 peers=2 p2p=aligned aligned=True failed=
2026-09-12 15:00:15 OK port 18182 [quick] height=16882 peers=2 p2p=aligned aligned=True failed=
2026-09-12 15:00:15 OK mesh aligned 18180:h16882/p2 18181:h16882/p2 18182:h16882/p2
2026-09-12 15:05:29 OK port 18180 [quick] height=16896 peers=2 p2p=aligned aligned=True failed=
2026-09-12 15:05:29 OK port 18181 [quick] height=16896 peers=2 p2p=aligned aligned=True failed=
2026-09-12 15:05:29 OK port 18182 [quick] height=16896 peers=2 p2p=aligned aligned=True failed=
2026-09-12 15:05:29 OK mesh aligned 18180:h16896/p2 18181:h16896/p2 18182:h16896/p2
2026-09-12 15:10:37 OK port 18180 [quick] height=16911 peers=2 p2p=aligned aligned=True failed=
2026-09-12 15:10:37 OK port 18181 [quick] height=16911 peers=2 p2p=aligned aligned=True failed=
2026-09-12 15:10:37 OK port 18182 [quick] height=16911 peers=2 p2p=aligned aligned=True failed=
2026-09-12 15:10:37 OK mesh aligned 18180:h16911/p2 18181:h16911/p2 18182:h16911/p2
2026-09-12 15:15:38 OK port 18180 [quick] height=16926 peers=2 p2p=aligned aligned=True failed=
2026-09-12 15:15:38 OK port 18181 [quick] height=16926 peers=2 p2p=aligned aligned=True failed=
2026-09-12 15:15:38 OK port 18182 [quick] height=16926 peers=2 p2p=aligned aligned=True failed=
2026-09-12 15:15:38 OK mesh aligned 18180:h16926/p2 18181:h16926/p2 18182:h16926/p2
2026-09-12 15:20:40 OK port 18180 [full] height=16940 peers=2 p2p=aligned aligned=True failed=
2026-09-12 15:20:40 OK port 18181 [full] height=16940 peers=2 p2p=aligned aligned=True failed=
2026-09-12 15:20:40 OK port 18182 [full] height=16940 peers=2 p2p=aligned aligned=True failed=
2026-09-12 15:20:40 OK mesh aligned 18180:h16940/p2 18181:h16940/p2 18182:h16940/p2
2026-09-12 15:25:41 OK port 18180 [quick] height=16954 peers=2 p2p=aligned aligned=True failed=
2026-09-12 15:25:41 OK port 18181 [quick] height=16954 peers=2 p2p=aligned aligned=True failed=
2026-09-12 15:25:41 OK port 18182 [quick] height=16954 peers=2 p2p=aligned aligned=True failed=
2026-09-12 15:25:41 OK mesh aligned 18180:h16954/p2 18181:h16954/p2 18182:h16954/p2
2026-09-12 15:30:54 OK port 18180 [quick] height=16968 peers=2 p2p=aligned aligned=True failed=
2026-09-12 15:30:54 OK port 18181 [quick] height=16968 peers=2 p2p=aligned aligned=True failed=
2026-09-12 15:30:54 OK port 18182 [quick] height=16968 peers=2 p2p=aligned aligned=True failed=
2026-09-12 15:30:54 OK mesh aligned 18180:h16968/p2 18181:h16968/p2 18182:h16968/p2
2026-09-12 15:36:07 OK port 18180 [quick] height=16983 peers=2 p2p=aligned aligned=True failed=
2026-09-12 15:36:07 OK port 18181 [quick] height=16983 peers=2 p2p=aligned aligned=True failed=
2026-09-12 15:36:07 OK port 18182 [quick] height=16983 peers=2 p2p=aligned aligned=True failed=
2026-09-12 15:36:07 OK mesh aligned 18180:h16983/p2 18181:h16983/p2 18182:h16983/p2
2026-09-12 15:41:09 OK port 18180 [quick] height=16998 peers=2 p2p=aligned aligned=True failed=
2026-09-12 15:41:09 OK port 18181 [quick] height=16998 peers=2 p2p=aligned aligned=True failed=
2026-09-12 15:41:09 OK port 18182 [quick] height=16998 peers=2 p2p=aligned aligned=True failed=
2026-09-12 15:41:09 OK mesh aligned 18180:h16998/p2 18181:h16998/p2 18182:h16998/p2
2026-09-12 15:46:10 OK port 18180 [quick] height=17012 peers=2 p2p=aligned aligned=True failed=
2026-09-12 15:46:10 OK port 18181 [quick] height=17012 peers=2 p2p=aligned aligned=True failed=
2026-09-12 15:46:10 OK port 18182 [quick] height=17012 peers=2 p2p=aligned aligned=True failed=
2026-09-12 15:46:10 OK mesh aligned 18180:h17012/p2 18181:h17012/p2 18182:h17012/p2
2026-09-12 15:51:11 OK port 18180 [full] height=17026 peers=2 p2p=aligned aligned=True failed=
2026-09-12 15:51:11 OK port 18181 [full] height=17026 peers=2 p2p=aligned aligned=True failed=
2026-09-12 15:51:11 OK port 18182 [full] height=17026 peers=2 p2p=aligned aligned=True failed=
2026-09-12 15:51:11 OK mesh aligned 18180:h17026/p2 18181:h17026/p2 18182:h17026/p2
2026-09-12 15:56:12 OK port 18180 [quick] height=17040 peers=2 p2p=aligned aligned=True failed=
2026-09-12 15:56:12 OK port 18181 [quick] height=17040 peers=2 p2p=aligned aligned=True failed=
2026-09-12 15:56:12 OK port 18182 [quick] height=17040 peers=2 p2p=aligned aligned=True failed=
2026-09-12 15:56:12 OK mesh aligned 18180:h17040/p2 18181:h17040/p2 18182:h17040/p2
2026-09-12 16:01:13 OK port 18180 [quick] height=17054 peers=2 p2p=aligned aligned=True failed=
2026-09-12 16:01:13 OK port 18181 [quick] height=17054 peers=2 p2p=aligned aligned=True failed=
2026-09-12 16:01:13 OK port 18182 [quick] height=17054 peers=2 p2p=aligned aligned=True failed=
2026-09-12 16:01:13 OK mesh aligned 18180:h17054/p2 18181:h17054/p2 18182:h17054/p2
2026-09-12 16:06:14 OK port 18180 [quick] height=17068 peers=2 p2p=aligned aligned=True failed=
2026-09-12 16:06:14 OK port 18181 [quick] height=17068 peers=2 p2p=aligned aligned=True failed=
2026-09-12 16:06:14 OK port 18182 [quick] height=17068 peers=2 p2p=aligned aligned=True failed=
2026-09-12 16:06:14 OK mesh aligned 18180:h17068/p2 18181:h17068/p2 18182:h17068/p2
2026-09-12 16:11:15 OK port 18180 [quick] height=17082 peers=2 p2p=aligned aligned=True failed=
2026-09-12 16:11:15 OK port 18181 [quick] height=17082 peers=2 p2p=aligned aligned=True failed=
2026-09-12 16:11:15 OK port 18182 [quick] height=17082 peers=2 p2p=aligned aligned=True failed=
2026-09-12 16:11:15 OK mesh aligned 18180:h17082/p2 18181:h17082/p2 18182:h17082/p2
2026-09-12 16:16:16 OK port 18180 [quick] height=17096 peers=2 p2p=aligned aligned=True failed=
2026-09-12 16:16:16 OK port 18181 [quick] height=17096 peers=2 p2p=aligned aligned=True failed=
2026-09-12 16:16:16 OK port 18182 [quick] height=17096 peers=2 p2p=aligned aligned=True failed=
2026-09-12 16:16:16 OK mesh aligned 18180:h17096/p2 18181:h17096/p2 18182:h17096/p2
2026-09-12 16:21:18 OK port 18180 [full] height=17110 peers=2 p2p=aligned aligned=True failed=
2026-09-12 16:21:18 OK port 18181 [full] height=17110 peers=2 p2p=aligned aligned=True failed=
2026-09-12 16:21:18 OK port 18182 [full] height=17110 peers=2 p2p=aligned aligned=True failed=
2026-09-12 16:21:18 OK mesh aligned 18180:h17110/p2 18181:h17110/p2 18182:h17110/p2
2026-09-12 16:26:19 OK port 18180 [quick] height=17124 peers=2 p2p=aligned aligned=True failed=
2026-09-12 16:26:19 OK port 18181 [quick] height=17124 peers=2 p2p=aligned aligned=True failed=
2026-09-12 16:26:19 OK port 18182 [quick] height=17124 peers=2 p2p=aligned aligned=True failed=
2026-09-12 16:26:19 OK mesh aligned 18180:h17124/p2 18181:h17124/p2 18182:h17124/p2
2026-09-12 16:31:20 OK port 18180 [quick] height=17138 peers=2 p2p=aligned aligned=True failed=
2026-09-12 16:31:20 OK port 18181 [quick] height=17138 peers=2 p2p=aligned aligned=True failed=
2026-09-12 16:31:20 OK port 18182 [quick] height=17138 peers=2 p2p=aligned aligned=True failed=
2026-09-12 16:31:20 OK mesh aligned 18180:h17138/p2 18181:h17138/p2 18182:h17138/p2
2026-09-12 16:36:21 OK port 18180 [quick] height=17152 peers=2 p2p=aligned aligned=True failed=
2026-09-12 16:36:21 OK port 18181 [quick] height=17152 peers=2 p2p=aligned aligned=True failed=
2026-09-12 16:36:21 OK port 18182 [quick] height=17152 peers=2 p2p=aligned aligned=True failed=
2026-09-12 16:36:21 OK mesh aligned 18180:h17152/p2 18181:h17152/p2 18182:h17152/p2
2026-09-12 16:41:22 OK port 18180 [quick] height=17166 peers=2 p2p=aligned aligned=True failed=
2026-09-12 16:41:22 OK port 18181 [quick] height=17166 peers=2 p2p=aligned aligned=True failed=
2026-09-12 16:41:22 OK port 18182 [quick] height=17166 peers=2 p2p=aligned aligned=True failed=
2026-09-12 16:41:22 OK mesh aligned 18180:h17166/p2 18181:h17166/p2 18182:h17166/p2
2026-09-12 16:46:24 OK port 18180 [quick] height=17180 peers=2 p2p=inconsistent aligned=True failed=
2026-09-12 16:46:24 OK port 18181 [quick] height=17180 peers=2 p2p=aligned aligned=True failed=
2026-09-12 16:46:24 OK port 18182 [quick] height=17180 peers=2 p2p=aligned aligned=True failed=
2026-09-12 16:46:24 OK mesh aligned 18180:h17180/p2 18181:h17180/p2 18182:h17180/p2
2026-09-12 16:51:25 OK port 18180 [full] height=17193 peers=2 p2p=aligned aligned=True failed=
2026-09-12 16:51:25 OK port 18181 [full] height=17193 peers=2 p2p=aligned aligned=True failed=
2026-09-12 16:51:25 OK port 18182 [full] height=17193 peers=2 p2p=aligned aligned=True failed=
2026-09-12 16:51:25 OK mesh aligned 18180:h17193/p2 18181:h17193/p2 18182:h17193/p2
2026-09-12 16:56:32 OK port 18180 [quick] height=17207 peers=2 p2p=aligned aligned=True failed=
2026-09-12 16:56:32 OK port 18181 [quick] height=17207 peers=2 p2p=aligned aligned=True failed=
2026-09-12 16:56:32 OK port 18182 [quick] height=17207 peers=2 p2p=aligned aligned=True failed=
2026-09-12 16:56:32 OK mesh aligned 18180:h17207/p2 18181:h17207/p2 18182:h17207/p2
2026-09-12 17:01:37 OK port 18180 [quick] height=17221 peers=2 p2p=aligned aligned=True failed=
2026-09-12 17:01:37 OK port 18181 [quick] height=17221 peers=2 p2p=aligned aligned=True failed=
2026-09-12 17:01:37 OK port 18182 [quick] height=17221 peers=2 p2p=aligned aligned=True failed=
2026-09-12 17:01:37 OK mesh aligned 18180:h17221/p2 18181:h17221/p2 18182:h17221/p2
2026-09-12 17:06:41 OK port 18180 [quick] height=17235 peers=2 p2p=aligned aligned=True failed=
2026-09-12 17:06:41 OK port 18181 [quick] height=17235 peers=2 p2p=aligned aligned=True failed=
2026-09-12 17:06:41 OK port 18182 [quick] height=17235 peers=2 p2p=aligned aligned=True failed=
2026-09-12 17:06:41 OK mesh aligned 18180:h17235/p2 18181:h17235/p2 18182:h17235/p2
2026-09-12 17:11:49 OK port 18180 [quick] height=17249 peers=2 p2p=aligned aligned=True failed=
2026-09-12 17:11:49 OK port 18181 [quick] height=17249 peers=2 p2p=aligned aligned=True failed=
2026-09-12 17:11:49 OK port 18182 [quick] height=17249 peers=2 p2p=inconsistent aligned=True failed=
2026-09-12 17:11:49 OK mesh aligned 18180:h17249/p2 18181:h17249/p2 18182:h17249/p2
2026-09-12 17:16:56 OK port 18180 [quick] height=17263 peers=2 p2p=aligned aligned=True failed=
2026-09-12 17:16:56 OK port 18181 [quick] height=17263 peers=2 p2p=aligned aligned=True failed=
2026-09-12 17:16:56 OK port 18182 [quick] height=17263 peers=2 p2p=aligned aligned=True failed=
2026-09-12 17:16:56 OK mesh aligned 18180:h17263/p2 18181:h17263/p2 18182:h17263/p2
2026-09-12 17:22:02 OK port 18180 [full] height=17277 peers=2 p2p=aligned aligned=True failed=
2026-09-12 17:22:02 OK port 18181 [full] height=17277 peers=2 p2p=aligned aligned=True failed=
2026-09-12 17:22:02 OK port 18182 [full] height=17277 peers=2 p2p=aligned aligned=True failed=
2026-09-12 17:22:02 OK mesh aligned 18180:h17277/p2 18181:h17277/p2 18182:h17277/p2
2026-09-12 17:27:11 OK port 18180 [quick] height=17291 peers=2 p2p=aligned aligned=True failed=
2026-09-12 17:27:12 OK port 18181 [quick] height=17291 peers=2 p2p=aligned aligned=True failed=
2026-09-12 17:27:12 OK port 18182 [quick] height=17291 peers=2 p2p=aligned aligned=True failed=
2026-09-12 17:27:12 OK mesh aligned 18180:h17291/p2 18181:h17291/p2 18182:h17291/p2
2026-09-12 17:32:21 OK port 18180 [quick] height=17305 peers=2 p2p=aligned aligned=True failed=
2026-09-12 17:32:21 OK port 18181 [quick] height=17305 peers=2 p2p=aligned aligned=True failed=
2026-09-12 17:32:21 OK port 18182 [quick] height=17305 peers=2 p2p=aligned aligned=True failed=
2026-09-12 17:32:21 OK mesh aligned 18180:h17305/p2 18181:h17305/p2 18182:h17305/p2
2026-09-12 17:37:31 OK port 18180 [quick] height=17319 peers=2 p2p=aligned aligned=True failed=
2026-09-12 17:37:31 OK port 18181 [quick] height=17319 peers=2 p2p=aligned aligned=True failed=
2026-09-12 17:37:31 OK port 18182 [quick] height=17319 peers=2 p2p=aligned aligned=True failed=
2026-09-12 17:37:31 OK mesh aligned 18180:h17319/p2 18181:h17319/p2 18182:h17319/p2
2026-09-12 17:42:41 OK port 18180 [quick] height=17333 peers=2 p2p=aligned aligned=True failed=
2026-09-12 17:42:41 OK port 18181 [quick] height=17333 peers=2 p2p=aligned aligned=True failed=
2026-09-12 17:42:41 OK port 18182 [quick] height=17333 peers=2 p2p=aligned aligned=True failed=
2026-09-12 17:42:41 OK mesh aligned 18180:h17333/p2 18181:h17333/p2 18182:h17333/p2
2026-09-12 17:47:54 OK port 18180 [quick] height=17347 peers=2 p2p=aligned aligned=True failed=
2026-09-12 17:47:54 OK port 18181 [quick] height=17347 peers=2 p2p=aligned aligned=True failed=
2026-09-12 17:47:54 OK port 18182 [quick] height=17347 peers=2 p2p=aligned aligned=True failed=
2026-09-12 17:47:54 OK mesh aligned 18180:h17347/p2 18181:h17347/p2 18182:h17347/p2
2026-09-12 17:53:05 OK port 18180 [full] height=17361 peers=2 p2p=aligned aligned=True failed=
2026-09-12 17:53:05 OK port 18181 [full] height=17361 peers=2 p2p=aligned aligned=True failed=
2026-09-12 17:53:05 OK port 18182 [full] height=17361 peers=2 p2p=aligned aligned=True failed=
2026-09-12 17:53:05 OK mesh aligned 18180:h17361/p2 18181:h17361/p2 18182:h17361/p2
2026-09-12 17:58:17 OK port 18180 [quick] height=17375 peers=2 p2p=aligned aligned=True failed=
2026-09-12 17:58:17 OK port 18181 [quick] height=17375 peers=2 p2p=aligned aligned=True failed=
2026-09-12 17:58:17 OK port 18182 [quick] height=17376 peers=2 p2p=aligned aligned=True failed=
2026-09-12 17:58:17 OK mesh aligned 18180:h17375/p2 18181:h17375/p2 18182:h17376/p2 transient_delta=1
2026-09-12 18:03:30 OK port 18180 [quick] height=17389 peers=2 p2p=aligned aligned=True failed=
2026-09-12 18:03:30 OK port 18181 [quick] height=17389 peers=2 p2p=aligned aligned=True failed=
2026-09-12 18:03:30 OK port 18182 [quick] height=17389 peers=2 p2p=aligned aligned=True failed=
2026-09-12 18:03:30 OK mesh aligned 18180:h17389/p2 18181:h17389/p2 18182:h17389/p2
2026-09-12 18:08:45 OK port 18180 [quick] height=17403 peers=2 p2p=aligned aligned=True failed=
2026-09-12 18:08:45 OK port 18181 [quick] height=17403 peers=2 p2p=aligned aligned=True failed=
2026-09-12 18:08:45 OK port 18182 [quick] height=17403 peers=2 p2p=aligned aligned=True failed=
2026-09-12 18:08:45 OK mesh aligned 18180:h17403/p2 18181:h17403/p2 18182:h17403/p2
2026-09-12 18:14:00 OK port 18180 [quick] height=17417 peers=2 p2p=aligned aligned=True failed=
2026-09-12 18:14:00 OK port 18181 [quick] height=17417 peers=2 p2p=aligned aligned=True failed=
2026-09-12 18:14:00 OK port 18182 [quick] height=17417 peers=2 p2p=inconsistent aligned=True failed=
2026-09-12 18:14:00 OK mesh aligned 18180:h17417/p2 18181:h17417/p2 18182:h17417/p2
2026-09-12 18:19:14 OK port 18180 [quick] height=17431 peers=2 p2p=aligned aligned=True failed=
2026-09-12 18:19:14 OK port 18181 [quick] height=17431 peers=2 p2p=aligned aligned=True failed=
2026-09-12 18:19:14 OK port 18182 [quick] height=17431 peers=2 p2p=aligned aligned=True failed=
2026-09-12 18:19:14 OK mesh aligned 18180:h17431/p2 18181:h17431/p2 18182:h17431/p2
2026-09-12 18:24:28 OK port 18180 [full] height=17445 peers=2 p2p=aligned aligned=True failed=
2026-09-12 18:24:28 OK port 18181 [full] height=17445 peers=2 p2p=aligned aligned=True failed=
2026-09-12 18:24:28 OK port 18182 [full] height=17445 peers=2 p2p=inconsistent aligned=True failed=
2026-09-12 18:24:28 OK mesh aligned 18180:h17445/p2 18181:h17445/p2 18182:h17445/p2
2026-09-12 18:29:40 OK port 18180 [quick] height=17459 peers=2 p2p=aligned aligned=True failed=
2026-09-12 18:29:40 OK port 18181 [quick] height=17459 peers=2 p2p=aligned aligned=True failed=
2026-09-12 18:29:41 OK port 18182 [quick] height=17459 peers=2 p2p=aligned aligned=True failed=
2026-09-12 18:29:41 OK mesh aligned 18180:h17459/p2 18181:h17459/p2 18182:h17459/p2
2026-09-12 18:34:55 OK port 18180 [quick] height=17473 peers=2 p2p=aligned aligned=True failed=
2026-09-12 18:34:55 OK port 18181 [quick] height=17473 peers=2 p2p=aligned aligned=True failed=
2026-09-12 18:34:55 OK port 18182 [quick] height=17473 peers=2 p2p=aligned aligned=True failed=
2026-09-12 18:34:55 OK mesh aligned 18180:h17473/p2 18181:h17473/p2 18182:h17473/p2
2026-09-12 18:40:11 OK port 18180 [quick] height=17487 peers=2 p2p=aligned aligned=True failed=
2026-09-12 18:40:11 OK port 18181 [quick] height=17487 peers=2 p2p=aligned aligned=True failed=
2026-09-12 18:40:11 OK port 18182 [quick] height=17487 peers=2 p2p=aligned aligned=True failed=
2026-09-12 18:40:11 OK mesh aligned 18180:h17487/p2 18181:h17487/p2 18182:h17487/p2
2026-09-12 18:45:28 OK port 18180 [quick] height=17501 peers=2 p2p=aligned aligned=True failed=
2026-09-12 18:45:28 OK port 18181 [quick] height=17501 peers=2 p2p=aligned aligned=True failed=
2026-09-12 18:45:28 OK port 18182 [quick] height=17501 peers=2 p2p=aligned aligned=True failed=
2026-09-12 18:45:28 OK mesh aligned 18180:h17501/p2 18181:h17501/p2 18182:h17501/p2
2026-09-12 18:50:42 OK port 18180 [quick] height=17515 peers=2 p2p=aligned aligned=True failed=
2026-09-12 18:50:42 OK port 18181 [quick] height=17515 peers=2 p2p=aligned aligned=True failed=
2026-09-12 18:50:42 OK port 18182 [quick] height=17515 peers=2 p2p=aligned aligned=True failed=
2026-09-12 18:50:42 OK mesh aligned 18180:h17515/p2 18181:h17515/p2 18182:h17515/p2
2026-09-12 18:55:57 OK port 18180 [full] height=17529 peers=2 p2p=aligned aligned=True failed=
2026-09-12 18:55:57 OK port 18181 [full] height=17529 peers=2 p2p=aligned aligned=True failed=
2026-09-12 18:55:57 OK port 18182 [full] height=17529 peers=2 p2p=aligned aligned=True failed=peer_probe_ok
2026-09-12 18:55:57 OK mesh aligned 18180:h17529/p2 18181:h17529/p2 18182:h17529/p2
2026-09-12 19:01:13 OK port 18180 [quick] height=17543 peers=2 p2p=aligned aligned=True failed=
2026-09-12 19:01:13 OK port 18181 [quick] height=17543 peers=2 p2p=aligned aligned=True failed=
2026-09-12 19:01:13 OK port 18182 [quick] height=17543 peers=2 p2p=aligned aligned=True failed=
2026-09-12 19:01:13 OK mesh aligned 18180:h17543/p2 18181:h17543/p2 18182:h17543/p2
2026-09-12 19:06:18 OK port 18180 [quick] height=17556 peers=2 p2p=aligned aligned=True failed=
2026-09-12 19:06:18 OK port 18181 [quick] height=17556 peers=2 p2p=inconsistent aligned=True failed=
2026-09-12 19:06:18 OK port 18182 [quick] height=17556 peers=2 p2p=aligned aligned=True failed=
2026-09-12 19:06:18 OK mesh aligned 18180:h17556/p2 18181:h17556/p2 18182:h17556/p2
2026-09-12 19:11:34 OK port 18180 [quick] height=17570 peers=2 p2p=aligned aligned=True failed=
2026-09-12 19:11:34 OK port 18181 [quick] height=17570 peers=2 p2p=aligned aligned=True failed=
2026-09-12 19:11:34 OK port 18182 [quick] height=17570 peers=2 p2p=aligned aligned=True failed=
2026-09-12 19:11:34 OK mesh aligned 18180:h17570/p2 18181:h17570/p2 18182:h17570/p2
2026-09-12 19:16:50 OK port 18180 [quick] height=17584 peers=2 p2p=aligned aligned=True failed=
2026-09-12 19:16:50 OK port 18181 [quick] height=17584 peers=2 p2p=aligned aligned=True failed=
2026-09-12 19:16:50 OK port 18182 [quick] height=17584 peers=2 p2p=aligned aligned=True failed=
2026-09-12 19:16:50 OK mesh aligned 18180:h17584/p2 18181:h17584/p2 18182:h17584/p2
2026-09-12 19:22:07 OK port 18180 [quick] height=17598 peers=2 p2p=aligned aligned=True failed=
2026-09-12 19:22:07 OK port 18181 [quick] height=17598 peers=2 p2p=aligned aligned=True failed=
2026-09-12 19:22:07 OK port 18182 [quick] height=17598 peers=2 p2p=aligned aligned=True failed=
2026-09-12 19:22:07 OK mesh aligned 18180:h17598/p2 18181:h17598/p2 18182:h17598/p2
2026-09-12 19:27:25 OK port 18180 [full] height=17611 peers=2 p2p=aligned aligned=True failed=
2026-09-12 19:27:25 OK port 18181 [full] height=17611 peers=2 p2p=aligned aligned=True failed=
2026-09-12 19:27:25 OK port 18182 [full] height=17611 peers=2 p2p=aligned aligned=True failed=
2026-09-12 19:27:25 OK mesh aligned 18180:h17611/p2 18181:h17611/p2 18182:h17611/p2
2026-09-12 19:32:41 OK port 18180 [quick] height=17625 peers=2 p2p=aligned aligned=True failed=
2026-09-12 19:32:41 OK port 18181 [quick] height=17625 peers=2 p2p=aligned aligned=True failed=
2026-09-12 19:32:42 OK port 18182 [quick] height=17625 peers=2 p2p=aligned aligned=True failed=
2026-09-12 19:32:42 OK mesh aligned 18180:h17625/p2 18181:h17625/p2 18182:h17625/p2
2026-09-12 19:37:50 OK port 18180 [quick] height=17639 peers=2 p2p=aligned aligned=True failed=
2026-09-12 19:37:50 OK port 18181 [quick] height=17639 peers=2 p2p=aligned aligned=True failed=
2026-09-12 19:37:50 OK port 18182 [quick] height=17639 peers=2 p2p=aligned aligned=True failed=
2026-09-12 19:37:50 OK mesh aligned 18180:h17639/p2 18181:h17639/p2 18182:h17639/p2
2026-09-12 19:43:01 OK port 18180 [quick] height=17652 peers=2 p2p=aligned aligned=True failed=
2026-09-12 19:43:01 OK port 18181 [quick] height=17652 peers=2 p2p=aligned aligned=True failed=
2026-09-12 19:43:01 OK port 18182 [quick] height=17652 peers=2 p2p=aligned aligned=True failed=
2026-09-12 19:43:01 OK mesh aligned 18180:h17652/p2 18181:h17652/p2 18182:h17652/p2
2026-09-12 19:48:05 OK port 18180 [quick] height=17665 peers=2 p2p=aligned aligned=True failed=
2026-09-12 19:48:05 OK port 18181 [quick] height=17666 peers=2 p2p=inconsistent aligned=True failed=
2026-09-12 19:48:05 OK port 18182 [quick] height=17665 peers=2 p2p=aligned aligned=True failed=
2026-09-12 19:48:05 OK mesh aligned 18180:h17665/p2 18181:h17666/p2 18182:h17665/p2 transient_delta=1
2026-09-12 19:53:20 OK port 18180 [quick] height=17679 peers=2 p2p=aligned aligned=True failed=
2026-09-12 19:53:20 OK port 18181 [quick] height=17679 peers=2 p2p=aligned aligned=True failed=
2026-09-12 19:53:20 OK port 18182 [quick] height=17679 peers=2 p2p=aligned aligned=True failed=
2026-09-12 19:53:20 OK mesh aligned 18180:h17679/p2 18181:h17679/p2 18182:h17679/p2
2026-09-12 19:58:21 OK port 18180 [full] height=17693 peers=2 p2p=aligned aligned=True failed=
2026-09-12 19:58:21 OK port 18181 [full] height=17693 peers=2 p2p=aligned aligned=True failed=
2026-09-12 19:58:21 OK port 18182 [full] height=17693 peers=2 p2p=aligned aligned=True failed=
2026-09-12 19:58:21 OK mesh aligned 18180:h17693/p2 18181:h17693/p2 18182:h17693/p2
2026-09-12 20:03:23 OK port 18180 [quick] height=17705 peers=2 p2p=aligned aligned=True failed=
2026-09-12 20:03:23 OK port 18181 [quick] height=17705 peers=2 p2p=aligned aligned=True failed=
2026-09-12 20:03:23 OK port 18182 [quick] height=17705 peers=2 p2p=aligned aligned=True failed=
2026-09-12 20:03:23 OK mesh aligned 18180:h17705/p2 18181:h17705/p2 18182:h17705/p2
2026-09-12 20:08:32 OK port 18180 [quick] height=17718 peers=2 p2p=aligned aligned=True failed=
2026-09-12 20:08:32 OK port 18181 [quick] height=17718 peers=2 p2p=aligned aligned=True failed=
2026-09-12 20:08:32 OK port 18182 [quick] height=17718 peers=2 p2p=aligned aligned=True failed=
2026-09-12 20:08:32 OK mesh aligned 18180:h17718/p2 18181:h17718/p2 18182:h17718/p2
2026-09-12 20:13:44 OK port 18180 [quick] height=17731 peers=2 p2p=aligned aligned=True failed=
2026-09-12 20:13:44 OK port 18181 [quick] height=17731 peers=2 p2p=aligned aligned=True failed=
2026-09-12 20:13:44 OK port 18182 [quick] height=17731 peers=2 p2p=aligned aligned=True failed=
2026-09-12 20:13:44 OK mesh aligned 18180:h17731/p2 18181:h17731/p2 18182:h17731/p2
2026-09-12 20:18:54 OK port 18180 [quick] height=17744 peers=2 p2p=aligned aligned=True failed=
2026-09-12 20:18:54 OK port 18181 [quick] height=17745 peers=2 p2p=inconsistent aligned=True failed=
2026-09-12 20:18:54 OK port 18182 [quick] height=17744 peers=2 p2p=aligned aligned=True failed=
2026-09-12 20:18:54 OK mesh aligned 18180:h17744/p2 18181:h17745/p2 18182:h17744/p2 transient_delta=1
2026-09-12 20:24:13 OK port 18180 [quick] height=17758 peers=2 p2p=aligned aligned=True failed=
2026-09-12 20:24:13 OK port 18181 [quick] height=17758 peers=2 p2p=aligned aligned=True failed=
2026-09-12 20:24:13 OK port 18182 [quick] height=17758 peers=2 p2p=aligned aligned=True failed=
2026-09-12 20:24:13 OK mesh aligned 18180:h17758/p2 18181:h17758/p2 18182:h17758/p2
2026-09-12 20:29:14 OK port 18180 [full] height=17771 peers=2 p2p=aligned aligned=True failed=
2026-09-12 20:29:14 OK port 18181 [full] height=17771 peers=2 p2p=aligned aligned=True failed=
2026-09-12 20:29:14 OK port 18182 [full] height=17771 peers=2 p2p=aligned aligned=True failed=
2026-09-12 20:29:14 OK mesh aligned 18180:h17771/p2 18181:h17771/p2 18182:h17771/p2
2026-09-12 20:34:18 OK port 18180 [quick] height=17783 peers=2 p2p=aligned aligned=True failed=
2026-09-12 20:34:18 OK port 18181 [quick] height=17783 peers=2 p2p=aligned aligned=True failed=
2026-09-12 20:34:18 OK port 18182 [quick] height=17783 peers=2 p2p=aligned aligned=True failed=
2026-09-12 20:34:18 OK mesh aligned 18180:h17783/p2 18181:h17783/p2 18182:h17783/p2
2026-09-12 20:39:38 OK port 18180 [quick] height=17797 peers=2 p2p=aligned aligned=True failed=
2026-09-12 20:39:38 OK port 18181 [quick] height=17797 peers=2 p2p=aligned aligned=True failed=
2026-09-12 20:39:38 OK port 18182 [quick] height=17797 peers=2 p2p=aligned aligned=True failed=
2026-09-12 20:39:38 OK mesh aligned 18180:h17797/p2 18181:h17797/p2 18182:h17797/p2
2026-09-12 20:44:41 OK port 18180 [quick] height=17809 peers=2 p2p=aligned aligned=True failed=
2026-09-12 20:44:41 OK port 18181 [quick] height=17809 peers=2 p2p=aligned aligned=True failed=
2026-09-12 20:44:41 OK port 18182 [quick] height=17809 peers=2 p2p=aligned aligned=True failed=
2026-09-12 20:44:41 OK mesh aligned 18180:h17809/p2 18181:h17809/p2 18182:h17809/p2
2026-09-12 20:49:49 OK port 18180 [quick] height=17822 peers=2 p2p=aligned aligned=True failed=
2026-09-12 20:49:49 OK port 18181 [quick] height=17822 peers=2 p2p=inconsistent aligned=True failed=
2026-09-12 20:49:49 OK port 18182 [quick] height=17822 peers=2 p2p=aligned aligned=True failed=
2026-09-12 20:49:49 OK mesh aligned 18180:h17822/p2 18181:h17822/p2 18182:h17822/p2
2026-09-12 20:54:50 OK port 18180 [quick] height=17836 peers=2 p2p=aligned aligned=True failed=
2026-09-12 20:54:50 OK port 18181 [quick] height=17836 peers=2 p2p=aligned aligned=True failed=
2026-09-12 20:54:50 OK port 18182 [quick] height=17836 peers=2 p2p=aligned aligned=True failed=
2026-09-12 20:54:50 OK mesh aligned 18180:h17836/p2 18181:h17836/p2 18182:h17836/p2
2026-09-12 20:59:55 OK port 18180 [full] height=17848 peers=2 p2p=aligned aligned=True failed=
2026-09-12 20:59:55 OK port 18181 [full] height=17848 peers=2 p2p=aligned aligned=True failed=
2026-09-12 20:59:55 OK port 18182 [full] height=17848 peers=2 p2p=aligned aligned=True failed=
2026-09-12 20:59:55 OK mesh aligned 18180:h17848/p2 18181:h17848/p2 18182:h17848/p2
2026-09-12 21:04:59 OK port 18180 [quick] height=17861 peers=2 p2p=aligned aligned=True failed=
2026-09-12 21:04:59 OK port 18181 [quick] height=17860 peers=2 p2p=inconsistent aligned=True failed=
2026-09-12 21:04:59 OK port 18182 [quick] height=17860 peers=2 p2p=inconsistent aligned=True failed=
2026-09-12 21:04:59 OK mesh aligned 18180:h17861/p2 18181:h17860/p2 18182:h17860/p2 transient_delta=1
2026-09-12 21:10:05 OK port 18180 [quick] height=17873 peers=2 p2p=aligned aligned=True failed=
2026-09-12 21:10:05 OK port 18181 [quick] height=17873 peers=2 p2p=inconsistent aligned=True failed=
2026-09-12 21:10:05 OK port 18182 [quick] height=17873 peers=2 p2p=aligned aligned=True failed=
2026-09-12 21:10:05 OK mesh aligned 18180:h17873/p2 18181:h17873/p2 18182:h17873/p2
2026-09-12 21:15:07 OK port 18180 [quick] height=17887 peers=2 p2p=aligned aligned=True failed=
2026-09-12 21:15:07 OK port 18181 [quick] height=17887 peers=2 p2p=aligned aligned=True failed=
2026-09-12 21:15:07 OK port 18182 [quick] height=17887 peers=2 p2p=aligned aligned=True failed=
2026-09-12 21:15:07 OK mesh aligned 18180:h17887/p2 18181:h17887/p2 18182:h17887/p2
2026-09-12 21:20:17 OK port 18180 [quick] height=17899 peers=2 p2p=aligned aligned=True failed=
2026-09-12 21:20:17 OK port 18181 [quick] height=17899 peers=2 p2p=aligned aligned=True failed=
2026-09-12 21:20:17 OK port 18182 [quick] height=17899 peers=2 p2p=aligned aligned=True failed=
2026-09-12 21:20:17 OK mesh aligned 18180:h17899/p2 18181:h17899/p2 18182:h17899/p2
2026-09-12 21:25:19 OK port 18180 [quick] height=17913 peers=2 p2p=aligned aligned=True failed=
2026-09-12 21:25:19 OK port 18181 [quick] height=17913 peers=2 p2p=aligned aligned=True failed=
2026-09-12 21:25:19 OK port 18182 [quick] height=17913 peers=2 p2p=aligned aligned=True failed=
2026-09-12 21:25:19 OK mesh aligned 18180:h17913/p2 18181:h17913/p2 18182:h17913/p2
2026-09-12 21:30:28 OK port 18180 [full] height=17925 peers=2 p2p=aligned aligned=True failed=
2026-09-12 21:30:28 OK port 18181 [full] height=17925 peers=2 p2p=aligned aligned=True failed=
2026-09-12 21:30:28 OK port 18182 [full] height=17925 peers=2 p2p=aligned aligned=True failed=
2026-09-12 21:30:28 OK mesh aligned 18180:h17925/p2 18181:h17925/p2 18182:h17925/p2
2026-09-12 21:35:32 OK port 18180 [quick] height=17938 peers=2 p2p=inconsistent aligned=True failed=
2026-09-12 21:35:32 OK port 18181 [quick] height=17938 peers=2 p2p=inconsistent aligned=True failed=
2026-09-12 21:35:32 OK port 18182 [quick] height=17938 peers=2 p2p=aligned aligned=True failed=
2026-09-12 21:35:32 OK mesh aligned 18180:h17938/p2 18181:h17938/p2 18182:h17938/p2
2026-09-12 21:40:43 OK port 18180 [quick] height=17951 peers=2 p2p=aligned aligned=True failed=
2026-09-12 21:40:43 OK port 18181 [quick] height=17951 peers=2 p2p=aligned aligned=True failed=
2026-09-12 21:40:43 OK port 18182 [quick] height=17951 peers=2 p2p=aligned aligned=True failed=
2026-09-12 21:40:43 OK mesh aligned 18180:h17951/p2 18181:h17951/p2 18182:h17951/p2
2026-09-12 21:45:47 OK port 18180 [quick] height=17964 peers=2 p2p=aligned aligned=True failed=
2026-09-12 21:45:47 OK port 18181 [quick] height=17964 peers=2 p2p=aligned aligned=True failed=
2026-09-12 21:45:47 OK port 18182 [quick] height=17965 peers=2 p2p=inconsistent aligned=True failed=
2026-09-12 21:45:47 OK mesh aligned 18180:h17964/p2 18181:h17964/p2 18182:h17965/p2 transient_delta=1
2026-09-12 21:50:57 OK port 18180 [quick] height=17977 peers=2 p2p=aligned aligned=True failed=
2026-09-12 21:50:57 OK port 18181 [quick] height=17977 peers=2 p2p=aligned aligned=True failed=
2026-09-12 21:50:57 OK port 18182 [quick] height=17977 peers=2 p2p=aligned aligned=True failed=
2026-09-12 21:50:57 OK mesh aligned 18180:h17977/p2 18181:h17977/p2 18182:h17977/p2
2026-09-12 21:56:00 OK port 18180 [quick] height=17990 peers=2 p2p=aligned aligned=True failed=
2026-09-12 21:56:00 OK port 18181 [quick] height=17990 peers=2 p2p=aligned aligned=True failed=
2026-09-12 21:56:00 OK port 18182 [quick] height=17990 peers=2 p2p=aligned aligned=True failed=
2026-09-12 21:56:00 OK mesh aligned 18180:h17990/p2 18181:h17990/p2 18182:h17990/p2
2026-09-12 22:01:12 OK port 18180 [full] height=18002 peers=2 p2p=aligned aligned=True failed=peer_probe_ok
2026-09-12 22:01:12 OK port 18181 [full] height=18002 peers=2 p2p=aligned aligned=True failed=
2026-09-12 22:01:12 OK port 18182 [full] height=18002 peers=2 p2p=aligned aligned=True failed=
2026-09-12 22:01:12 OK mesh aligned 18180:h18002/p2 18181:h18002/p2 18182:h18002/p2
2026-09-12 22:06:16 OK port 18180 [quick] height=18015 peers=2 p2p=aligned aligned=True failed=
2026-09-12 22:06:16 OK port 18181 [quick] height=18015 peers=2 p2p=aligned aligned=True failed=
2026-09-12 22:06:16 OK port 18182 [quick] height=18015 peers=2 p2p=aligned aligned=True failed=
2026-09-12 22:06:16 OK mesh aligned 18180:h18015/p2 18181:h18015/p2 18182:h18015/p2
2026-09-12 22:11:28 OK port 18180 [quick] height=18028 peers=2 p2p=aligned aligned=True failed=
2026-09-12 22:11:28 OK port 18181 [quick] height=18028 peers=2 p2p=inconsistent aligned=True failed=
2026-09-12 22:11:28 OK port 18182 [quick] height=18028 peers=2 p2p=aligned aligned=True failed=
2026-09-12 22:11:28 OK mesh aligned 18180:h18028/p2 18181:h18028/p2 18182:h18028/p2
2026-09-12 22:16:31 OK port 18180 [quick] height=18041 peers=2 p2p=aligned aligned=True failed=
2026-09-12 22:16:31 OK port 18181 [quick] height=18041 peers=2 p2p=aligned aligned=True failed=
2026-09-12 22:16:31 OK port 18182 [quick] height=18041 peers=2 p2p=aligned aligned=True failed=
2026-09-12 22:16:31 OK mesh aligned 18180:h18041/p2 18181:h18041/p2 18182:h18041/p2
2026-09-12 22:21:43 OK port 18180 [quick] height=18054 peers=2 p2p=aligned aligned=True failed=
2026-09-12 22:21:43 OK port 18181 [quick] height=18054 peers=2 p2p=aligned aligned=True failed=
2026-09-12 22:21:43 OK port 18182 [quick] height=18054 peers=2 p2p=aligned aligned=True failed=
2026-09-12 22:21:43 OK mesh aligned 18180:h18054/p2 18181:h18054/p2 18182:h18054/p2
2026-09-12 22:26:49 OK port 18180 [quick] height=18067 peers=2 p2p=aligned aligned=True failed=
2026-09-12 22:26:49 OK port 18181 [quick] height=18067 peers=2 p2p=aligned aligned=True failed=
2026-09-12 22:26:49 OK port 18182 [quick] height=18067 peers=2 p2p=aligned aligned=True failed=
2026-09-12 22:26:49 OK mesh aligned 18180:h18067/p2 18181:h18067/p2 18182:h18067/p2
2026-09-12 22:32:04 OK port 18180 [full] height=18080 peers=2 p2p=aligned aligned=True failed=
2026-09-12 22:32:04 OK port 18181 [full] height=18081 peers=2 p2p=aligned aligned=True failed=
2026-09-12 22:32:04 OK port 18182 [full] height=18080 peers=2 p2p=aligned aligned=True failed=
2026-09-12 22:32:04 OK mesh aligned 18180:h18080/p2 18181:h18081/p2 18182:h18080/p2 transient_delta=1
2026-09-12 22:37:11 OK port 18180 [quick] height=18093 peers=2 p2p=aligned aligned=True failed=
2026-09-12 22:37:11 OK port 18181 [quick] height=18093 peers=2 p2p=aligned aligned=True failed=
2026-09-12 22:37:11 OK port 18182 [quick] height=18093 peers=2 p2p=aligned aligned=True failed=
2026-09-12 22:37:11 OK mesh aligned 18180:h18093/p2 18181:h18093/p2 18182:h18093/p2
2026-09-12 22:42:29 OK port 18180 [quick] height=18106 peers=2 p2p=aligned aligned=True failed=
2026-09-12 22:42:29 OK port 18181 [quick] height=18106 peers=2 p2p=aligned aligned=True failed=
2026-09-12 22:42:29 OK port 18182 [quick] height=18106 peers=2 p2p=aligned aligned=True failed=
2026-09-12 22:42:29 OK mesh aligned 18180:h18106/p2 18181:h18106/p2 18182:h18106/p2
2026-09-12 22:47:41 OK port 18180 [quick] height=18119 peers=2 p2p=aligned aligned=True failed=
2026-09-12 22:47:41 OK port 18181 [quick] height=18119 peers=2 p2p=aligned aligned=True failed=
2026-09-12 22:47:41 OK port 18182 [quick] height=18119 peers=2 p2p=aligned aligned=True failed=
2026-09-12 22:47:41 OK mesh aligned 18180:h18119/p2 18181:h18119/p2 18182:h18119/p2
2026-09-12 22:53:03 OK port 18180 [quick] height=18132 peers=2 p2p=aligned aligned=True failed=
2026-09-12 22:53:03 OK port 18181 [quick] height=18132 peers=2 p2p=aligned aligned=True failed=
2026-09-12 22:53:03 OK port 18182 [quick] height=18132 peers=2 p2p=inconsistent aligned=True failed=peer_probe_ok,p2p_state_consistent
2026-09-12 22:53:03 OK mesh aligned 18180:h18132/p2 18181:h18132/p2 18182:h18132/p2
2026-09-12 22:58:16 OK port 18180 [quick] height=18145 peers=2 p2p=aligned aligned=True failed=
2026-09-12 22:58:16 OK port 18181 [quick] height=18145 peers=2 p2p=aligned aligned=True failed=
2026-09-12 22:58:16 OK port 18182 [quick] height=18145 peers=2 p2p=aligned aligned=True failed=
2026-09-12 22:58:16 OK mesh aligned 18180:h18145/p2 18181:h18145/p2 18182:h18145/p2
2026-09-12 23:03:34 OK port 18180 [full] height=18158 peers=2 p2p=aligned aligned=True failed=
2026-09-12 23:03:34 OK port 18181 [full] height=18158 peers=2 p2p=inconsistent aligned=True failed=
2026-09-12 23:03:34 OK port 18182 [full] height=18158 peers=2 p2p=aligned aligned=True failed=
2026-09-12 23:03:34 OK mesh aligned 18180:h18158/p2 18181:h18158/p2 18182:h18158/p2
2026-09-12 23:08:46 OK port 18180 [quick] height=18171 peers=2 p2p=aligned aligned=True failed=
2026-09-12 23:08:46 OK port 18181 [quick] height=18171 peers=2 p2p=aligned aligned=True failed=
2026-09-12 23:08:46 OK port 18182 [quick] height=18172 peers=2 p2p=inconsistent aligned=True failed=
2026-09-12 23:08:46 OK mesh aligned 18180:h18171/p2 18181:h18171/p2 18182:h18172/p2 transient_delta=1
2026-09-12 23:14:04 OK port 18180 [quick] height=18184 peers=2 p2p=aligned aligned=True failed=
2026-09-12 23:14:04 OK port 18181 [quick] height=18184 peers=2 p2p=aligned aligned=True failed=
2026-09-12 23:14:04 OK port 18182 [quick] height=18184 peers=2 p2p=aligned aligned=True failed=
2026-09-12 23:14:04 OK mesh aligned 18180:h18184/p2 18181:h18184/p2 18182:h18184/p2
2026-09-12 23:19:16 OK port 18180 [quick] height=18197 peers=2 p2p=aligned aligned=True failed=
2026-09-12 23:19:16 OK port 18181 [quick] height=18197 peers=2 p2p=aligned aligned=True failed=
2026-09-12 23:19:16 OK port 18182 [quick] height=18198 peers=2 p2p=aligned aligned=True failed=
2026-09-12 23:19:16 OK mesh aligned 18180:h18197/p2 18181:h18197/p2 18182:h18198/p2 transient_delta=1
2026-09-12 23:24:35 OK port 18180 [quick] height=18210 peers=2 p2p=aligned aligned=True failed=
2026-09-12 23:24:35 OK port 18181 [quick] height=18210 peers=2 p2p=aligned aligned=True failed=
2026-09-12 23:24:35 OK port 18182 [quick] height=18210 peers=2 p2p=aligned aligned=True failed=
2026-09-12 23:24:35 OK mesh aligned 18180:h18210/p2 18181:h18210/p2 18182:h18210/p2
2026-09-12 23:29:46 OK port 18180 [quick] height=18223 peers=2 p2p=inconsistent aligned=True failed=
2026-09-12 23:29:46 OK port 18181 [quick] height=18223 peers=2 p2p=inconsistent aligned=True failed=
2026-09-12 23:29:46 OK port 18182 [quick] height=18223 peers=2 p2p=aligned aligned=True failed=
2026-09-12 23:29:46 OK mesh aligned 18180:h18223/p2 18181:h18223/p2 18182:h18223/p2
2026-09-12 23:35:07 OK port 18180 [full] height=18236 peers=2 p2p=aligned aligned=True failed=
2026-09-12 23:35:07 OK port 18181 [full] height=18236 peers=2 p2p=aligned aligned=True failed=peer_probe_ok
2026-09-12 23:35:07 OK port 18182 [full] height=18236 peers=2 p2p=aligned aligned=True failed=
2026-09-12 23:35:07 OK mesh aligned 18180:h18236/p2 18181:h18236/p2 18182:h18236/p2
2026-09-12 23:40:22 OK port 18180 [quick] height=18248 peers=2 p2p=aligned aligned=True failed=
2026-09-12 23:40:22 OK port 18181 [quick] height=18248 peers=2 p2p=aligned aligned=True failed=
2026-09-12 23:40:22 OK port 18182 [quick] height=18248 peers=2 p2p=aligned aligned=True failed=
2026-09-12 23:40:22 OK mesh aligned 18180:h18248/p2 18181:h18248/p2 18182:h18248/p2
2026-09-12 23:45:41 OK port 18180 [quick] height=18261 peers=2 p2p=aligned aligned=True failed=
2026-09-12 23:45:41 OK port 18181 [quick] height=18262 peers=2 p2p=inconsistent aligned=True failed=
2026-09-12 23:45:41 OK port 18182 [quick] height=18261 peers=2 p2p=aligned aligned=True failed=
2026-09-12 23:45:41 OK mesh aligned 18180:h18261/p2 18181:h18262/p2 18182:h18261/p2 transient_delta=1
2026-09-12 23:50:53 OK port 18180 [quick] height=18274 peers=2 p2p=inconsistent aligned=True failed=
2026-09-12 23:50:53 OK port 18181 [quick] height=18274 peers=2 p2p=inconsistent aligned=True failed=
2026-09-12 23:50:53 OK port 18182 [quick] height=18273 peers=2 p2p=inconsistent aligned=True failed=
2026-09-12 23:50:53 OK mesh aligned 18180:h18274/p2 18181:h18274/p2 18182:h18273/p2 transient_delta=1
2026-09-12 23:56:11 OK port 18180 [quick] height=18287 peers=2 p2p=aligned aligned=True failed=
2026-09-12 23:56:11 OK port 18181 [quick] height=18287 peers=2 p2p=aligned aligned=True failed=
2026-09-12 23:56:11 OK port 18182 [quick] height=18287 peers=2 p2p=aligned aligned=True failed=
2026-09-12 23:56:11 OK mesh aligned 18180:h18287/p2 18181:h18287/p2 18182:h18287/p2
2026-09-13 00:01:31 OK port 18180 [quick] height=18300 peers=2 p2p=aligned aligned=True failed=
2026-09-13 00:01:31 OK port 18181 [quick] height=18300 peers=2 p2p=aligned aligned=True failed=
2026-09-13 00:01:31 OK port 18182 [quick] height=18300 peers=2 p2p=aligned aligned=True failed=
2026-09-13 00:01:31 OK mesh aligned 18180:h18300/p2 18181:h18300/p2 18182:h18300/p2
2026-09-13 00:06:51 OK port 18180 [full] height=18313 peers=2 p2p=aligned aligned=True failed=
2026-09-13 00:06:51 OK port 18181 [full] height=18313 peers=2 p2p=aligned aligned=True failed=peer_probe_ok
2026-09-13 00:06:51 OK port 18182 [full] height=18313 peers=2 p2p=aligned aligned=True failed=
2026-09-13 00:06:51 OK mesh aligned 18180:h18313/p2 18181:h18313/p2 18182:h18313/p2
2026-09-13 00:12:10 OK port 18180 [quick] height=18325 peers=2 p2p=aligned aligned=True failed=
2026-09-13 00:12:10 OK port 18181 [quick] height=18325 peers=2 p2p=aligned aligned=True failed=
2026-09-13 00:12:10 OK port 18182 [quick] height=18325 peers=2 p2p=aligned aligned=True failed=
2026-09-13 00:12:10 OK mesh aligned 18180:h18325/p2 18181:h18325/p2 18182:h18325/p2
2026-09-13 00:17:31 OK port 18180 [quick] height=18338 peers=2 p2p=aligned aligned=True failed=
2026-09-13 00:17:31 OK port 18181 [quick] height=18338 peers=2 p2p=aligned aligned=True failed=
2026-09-13 00:17:31 OK port 18182 [quick] height=18338 peers=2 p2p=aligned aligned=True failed=
2026-09-13 00:17:31 OK mesh aligned 18180:h18338/p2 18181:h18338/p2 18182:h18338/p2
2026-09-13 00:22:50 OK port 18180 [quick] height=18351 peers=2 p2p=aligned aligned=True failed=
2026-09-13 00:22:50 OK port 18181 [quick] height=18351 peers=2 p2p=aligned aligned=True failed=
2026-09-13 00:22:50 OK port 18182 [quick] height=18351 peers=2 p2p=aligned aligned=True failed=
2026-09-13 00:22:50 OK mesh aligned 18180:h18351/p2 18181:h18351/p2 18182:h18351/p2
2026-09-13 00:28:11 OK port 18180 [quick] height=18364 peers=2 p2p=aligned aligned=True failed=
2026-09-13 00:28:11 OK port 18181 [quick] height=18364 peers=2 p2p=aligned aligned=True failed=
2026-09-13 00:28:11 OK port 18182 [quick] height=18364 peers=2 p2p=aligned aligned=True failed=
2026-09-13 00:28:11 OK mesh aligned 18180:h18364/p2 18181:h18364/p2 18182:h18364/p2
2026-09-13 00:33:33 OK port 18180 [quick] height=18377 peers=2 p2p=aligned aligned=True failed=
2026-09-13 00:33:33 OK port 18181 [quick] height=18377 peers=2 p2p=aligned aligned=True failed=
2026-09-13 00:33:33 OK port 18182 [quick] height=18377 peers=2 p2p=aligned aligned=True failed=
2026-09-13 00:33:33 OK mesh aligned 18180:h18377/p2 18181:h18377/p2 18182:h18377/p2
2026-09-13 00:38:57 OK port 18180 [full] height=18390 peers=2 p2p=aligned aligned=True failed=
2026-09-13 00:38:57 OK port 18181 [full] height=18390 peers=2 p2p=aligned aligned=True failed=peer_probe_ok
2026-09-13 00:38:57 OK port 18182 [full] height=18390 peers=2 p2p=aligned aligned=True failed=
2026-09-13 00:38:57 OK mesh aligned 18180:h18390/p2 18181:h18390/p2 18182:h18390/p2
2026-09-13 00:44:07 OK port 18180 [quick] height=18403 peers=2 p2p=aligned aligned=True failed=
2026-09-13 00:44:07 OK port 18181 [quick] height=18403 peers=2 p2p=aligned aligned=True failed=
2026-09-13 00:44:07 OK port 18182 [quick] height=18403 peers=2 p2p=aligned aligned=True failed=
2026-09-13 00:44:07 OK mesh aligned 18180:h18403/p2 18181:h18403/p2 18182:h18403/p2
2026-09-13 00:49:14 OK port 18180 [quick] height=18415 peers=2 p2p=aligned aligned=True failed=
2026-09-13 00:49:14 OK port 18181 [quick] height=18415 peers=2 p2p=aligned aligned=True failed=
2026-09-13 00:49:14 OK port 18182 [quick] height=18415 peers=2 p2p=aligned aligned=True failed=
2026-09-13 00:49:14 OK mesh aligned 18180:h18415/p2 18181:h18415/p2 18182:h18415/p2
2026-09-13 00:54:35 OK port 18180 [quick] height=18428 peers=2 p2p=aligned aligned=True failed=
2026-09-13 00:54:36 OK port 18181 [quick] height=18428 peers=2 p2p=aligned aligned=True failed=
2026-09-13 00:54:36 OK port 18182 [quick] height=18428 peers=2 p2p=aligned aligned=True failed=
2026-09-13 00:54:36 OK mesh aligned 18180:h18428/p2 18181:h18428/p2 18182:h18428/p2
2026-09-13 00:59:56 OK port 18180 [quick] height=18441 peers=2 p2p=aligned aligned=True failed=
2026-09-13 00:59:56 OK port 18181 [quick] height=18441 peers=2 p2p=aligned aligned=True failed=
2026-09-13 00:59:56 OK port 18182 [quick] height=18441 peers=2 p2p=aligned aligned=True failed=
2026-09-13 00:59:56 OK mesh aligned 18180:h18441/p2 18181:h18441/p2 18182:h18441/p2
2026-09-13 01:05:18 OK port 18180 [quick] height=18454 peers=2 p2p=aligned aligned=True failed=
2026-09-13 01:05:18 OK port 18181 [quick] height=18454 peers=2 p2p=aligned aligned=True failed=
2026-09-13 01:05:18 OK port 18182 [quick] height=18454 peers=2 p2p=aligned aligned=True failed=
2026-09-13 01:05:18 OK mesh aligned 18180:h18454/p2 18181:h18454/p2 18182:h18454/p2
2026-09-13 01:10:28 OK port 18180 [full] height=18465 peers=2 p2p=aligned aligned=True failed=
2026-09-13 01:10:28 OK port 18181 [full] height=18465 peers=2 p2p=aligned aligned=True failed=
2026-09-13 01:10:28 OK port 18182 [full] height=18465 peers=2 p2p=inconsistent aligned=True failed=
2026-09-13 01:10:28 OK mesh aligned 18180:h18465/p2 18181:h18465/p2 18182:h18465/p2
2026-09-13 01:15:42 OK port 18180 [quick] height=18477 peers=2 p2p=inconsistent aligned=True failed=
2026-09-13 01:15:42 OK port 18181 [quick] height=18477 peers=2 p2p=inconsistent aligned=True failed=
2026-09-13 01:15:42 OK port 18182 [quick] height=18477 peers=2 p2p=aligned aligned=True failed=
2026-09-13 01:15:42 OK mesh aligned 18180:h18477/p2 18181:h18477/p2 18182:h18477/p2
2026-09-13 01:20:43 OK port 18180 [quick] height=18490 peers=2 p2p=aligned aligned=True failed=
2026-09-13 01:20:43 OK port 18181 [quick] height=18490 peers=2 p2p=aligned aligned=True failed=
2026-09-13 01:20:43 OK port 18182 [quick] height=18490 peers=2 p2p=aligned aligned=True failed=
2026-09-13 01:20:43 OK mesh aligned 18180:h18490/p2 18181:h18490/p2 18182:h18490/p2
2026-09-13 01:26:03 OK port 18180 [quick] height=18502 peers=2 p2p=aligned aligned=True failed=
2026-09-13 01:26:03 OK port 18181 [quick] height=18502 peers=2 p2p=aligned aligned=True failed=
2026-09-13 01:26:03 OK port 18182 [quick] height=18502 peers=2 p2p=inconsistent aligned=True failed=peer_probe_ok,p2p_state_consistent
2026-09-13 01:26:03 OK mesh aligned 18180:h18502/p2 18181:h18502/p2 18182:h18502/p2
2026-09-13 01:31:15 OK port 18180 [quick] height=18514 peers=2 p2p=aligned aligned=True failed=
2026-09-13 01:31:15 OK port 18181 [quick] height=18514 peers=2 p2p=aligned aligned=True failed=
2026-09-13 01:31:15 OK port 18182 [quick] height=18514 peers=2 p2p=inconsistent aligned=True failed=peer_probe_ok,p2p_state_consistent
2026-09-13 01:31:15 OK mesh aligned 18180:h18514/p2 18181:h18514/p2 18182:h18514/p2
2026-09-13 01:36:36 OK port 18180 [quick] height=18527 peers=2 p2p=aligned aligned=True failed=
2026-09-13 01:36:36 OK port 18181 [quick] height=18527 peers=2 p2p=aligned aligned=True failed=
2026-09-13 01:36:36 OK port 18182 [quick] height=18527 peers=2 p2p=aligned aligned=True failed=
2026-09-13 01:36:36 OK mesh aligned 18180:h18527/p2 18181:h18527/p2 18182:h18527/p2
2026-09-13 01:41:38 OK port 18180 [full] height=18540 peers=2 p2p=inconsistent aligned=True failed=
2026-09-13 01:41:38 OK port 18181 [full] height=18540 peers=2 p2p=inconsistent aligned=True failed=
2026-09-13 01:41:38 OK port 18182 [full] height=18540 peers=2 p2p=aligned aligned=True failed=
2026-09-13 01:41:38 OK mesh aligned 18180:h18540/p2 18181:h18540/p2 18182:h18540/p2
2026-09-13 01:46:40 OK port 18180 [quick] height=18552 peers=2 p2p=inconsistent aligned=True failed=
2026-09-13 01:46:40 OK port 18181 [quick] height=18552 peers=2 p2p=inconsistent aligned=True failed=
2026-09-13 01:46:40 OK port 18182 [quick] height=18552 peers=2 p2p=aligned aligned=True failed=
2026-09-13 01:46:40 OK mesh aligned 18180:h18552/p2 18181:h18552/p2 18182:h18552/p2
2026-09-13 01:51:41 OK port 18180 [quick] height=18563 peers=2 p2p=aligned aligned=True failed=
2026-09-13 01:51:41 OK port 18181 [quick] height=18563 peers=2 p2p=inconsistent aligned=True failed=
2026-09-13 01:51:41 OK port 18182 [quick] height=18563 peers=2 p2p=inconsistent aligned=True failed=
2026-09-13 01:51:41 OK mesh aligned 18180:h18563/p2 18181:h18563/p2 18182:h18563/p2
2026-09-13 01:56:46 OK port 18180 [quick] height=18575 peers=2 p2p=inconsistent aligned=True failed=
2026-09-13 01:56:46 OK port 18181 [quick] height=18575 peers=2 p2p=inconsistent aligned=True failed=
2026-09-13 01:56:46 OK port 18182 [quick] height=18574 peers=2 p2p=inconsistent aligned=True failed=
2026-09-13 01:56:46 OK mesh aligned 18180:h18575/p2 18181:h18575/p2 18182:h18574/p2 transient_delta=1
2026-09-13 02:01:51 OK port 18180 [quick] height=18587 peers=2 p2p=inconsistent aligned=True failed=
2026-09-13 02:01:51 OK port 18181 [quick] height=18587 peers=2 p2p=inconsistent aligned=True failed=
2026-09-13 02:01:51 OK port 18182 [quick] height=18587 peers=2 p2p=aligned aligned=True failed=
2026-09-13 02:01:51 OK mesh aligned 18180:h18587/p2 18181:h18587/p2 18182:h18587/p2
2026-09-13 02:06:59 OK port 18180 [quick] height=18599 peers=2 p2p=aligned aligned=True failed=
2026-09-13 02:06:59 OK port 18181 [quick] height=18599 peers=2 p2p=aligned aligned=True failed=
2026-09-13 02:06:59 OK port 18182 [quick] height=18600 peers=2 p2p=inconsistent aligned=True failed=
2026-09-13 02:06:59 OK mesh aligned 18180:h18599/p2 18181:h18599/p2 18182:h18600/p2 transient_delta=1
2026-09-13 02:12:03 OK port 18180 [full] height=18611 peers=2 p2p=aligned aligned=True failed=
2026-09-13 02:12:03 OK port 18181 [full] height=18611 peers=2 p2p=aligned aligned=True failed=
2026-09-13 02:12:03 OK port 18182 [full] height=18611 peers=2 p2p=aligned aligned=True failed=
2026-09-13 02:12:03 OK mesh aligned 18180:h18611/p2 18181:h18611/p2 18182:h18611/p2
2026-09-13 02:17:08 OK port 18180 [quick] height=18623 peers=2 p2p=inconsistent aligned=True failed=
2026-09-13 02:17:08 OK port 18181 [quick] height=18623 peers=2 p2p=inconsistent aligned=True failed=
2026-09-13 02:17:08 OK port 18182 [quick] height=18623 peers=2 p2p=aligned aligned=True failed=
2026-09-13 02:17:08 OK mesh aligned 18180:h18623/p2 18181:h18623/p2 18182:h18623/p2
2026-09-13 02:22:12 OK port 18180 [quick] height=18635 peers=2 p2p=aligned aligned=True failed=
2026-09-13 02:22:12 OK port 18181 [quick] height=18635 peers=2 p2p=aligned aligned=True failed=
2026-09-13 02:22:12 OK port 18182 [quick] height=18635 peers=2 p2p=inconsistent aligned=True failed=
2026-09-13 02:22:12 OK mesh aligned 18180:h18635/p2 18181:h18635/p2 18182:h18635/p2
2026-09-13 02:27:16 OK port 18180 [quick] height=18647 peers=2 p2p=inconsistent aligned=True failed=
2026-09-13 02:27:16 OK port 18181 [quick] height=18647 peers=2 p2p=inconsistent aligned=True failed=
2026-09-13 02:27:16 OK port 18182 [quick] height=18647 peers=2 p2p=aligned aligned=True failed=
2026-09-13 02:27:16 OK mesh aligned 18180:h18647/p2 18181:h18647/p2 18182:h18647/p2
2026-09-13 02:32:23 OK port 18180 [quick] height=18658 peers=2 p2p=inconsistent aligned=True failed=
2026-09-13 02:32:23 OK port 18181 [quick] height=18658 peers=2 p2p=inconsistent aligned=True failed=
2026-09-13 02:32:23 OK port 18182 [quick] height=18658 peers=2 p2p=inconsistent aligned=True failed=
2026-09-13 02:32:23 OK mesh aligned 18180:h18658/p2 18181:h18658/p2 18182:h18658/p2
2026-09-13 02:37:29 OK port 18180 [quick] height=18670 peers=2 p2p=aligned aligned=True failed=
2026-09-13 02:37:29 OK port 18181 [quick] height=18670 peers=2 p2p=aligned aligned=True failed=
2026-09-13 02:37:29 OK port 18182 [quick] height=18670 peers=2 p2p=aligned aligned=True failed=
2026-09-13 02:37:29 OK mesh aligned 18180:h18670/p2 18181:h18670/p2 18182:h18670/p2
2026-09-13 02:42:33 OK port 18180 [full] height=18681 peers=2 p2p=inconsistent aligned=True failed=
2026-09-13 02:42:33 OK port 18181 [full] height=18681 peers=2 p2p=inconsistent aligned=True failed=
2026-09-13 02:42:33 OK port 18182 [full] height=18681 peers=2 p2p=aligned aligned=True failed=
2026-09-13 02:42:33 OK mesh aligned 18180:h18681/p2 18181:h18681/p2 18182:h18681/p2
2026-09-13 02:47:37 OK port 18180 [quick] height=18692 peers=2 p2p=inconsistent aligned=True failed=
2026-09-13 02:47:37 OK port 18181 [quick] height=18692 peers=2 p2p=inconsistent aligned=True failed=
2026-09-13 02:47:37 OK port 18182 [quick] height=18692 peers=2 p2p=aligned aligned=True failed=
2026-09-13 02:47:37 OK mesh aligned 18180:h18692/p2 18181:h18692/p2 18182:h18692/p2
2026-09-13 02:52:42 OK port 18180 [quick] height=18703 peers=2 p2p=inconsistent aligned=True failed=
2026-09-13 02:52:42 OK port 18181 [quick] height=18703 peers=2 p2p=inconsistent aligned=True failed=
2026-09-13 02:52:42 OK port 18182 [quick] height=18703 peers=2 p2p=aligned aligned=True failed=
2026-09-13 02:52:42 OK mesh aligned 18180:h18703/p2 18181:h18703/p2 18182:h18703/p2
2026-09-13 02:57:51 OK port 18180 [quick] height=18714 peers=2 p2p=inconsistent aligned=True failed=
2026-09-13 02:57:51 OK port 18181 [quick] height=18714 peers=2 p2p=inconsistent aligned=True failed=
2026-09-13 02:57:51 OK port 18182 [quick] height=18714 peers=2 p2p=inconsistent aligned=True failed=
2026-09-13 02:57:51 OK mesh aligned 18180:h18714/p2 18181:h18714/p2 18182:h18714/p2
2026-09-13 03:02:58 OK port 18180 [quick] height=18725 peers=2 p2p=inconsistent aligned=True failed=
2026-09-13 03:02:58 OK port 18181 [quick] height=18725 peers=2 p2p=inconsistent aligned=True failed=
2026-09-13 03:02:58 OK port 18182 [quick] height=18725 peers=2 p2p=inconsistent aligned=True failed=
2026-09-13 03:02:58 OK mesh aligned 18180:h18725/p2 18181:h18725/p2 18182:h18725/p2
2026-09-13 03:08:06 OK port 18180 [quick] height=18736 peers=2 p2p=inconsistent aligned=True failed=
2026-09-13 03:08:06 OK port 18181 [quick] height=18736 peers=2 p2p=inconsistent aligned=True failed=
2026-09-13 03:08:06 OK port 18182 [quick] height=18736 peers=2 p2p=inconsistent aligned=True failed=
2026-09-13 03:08:06 OK mesh aligned 18180:h18736/p2 18181:h18736/p2 18182:h18736/p2
2026-09-13 03:13:16 OK port 18180 [full] height=18748 peers=2 p2p=inconsistent aligned=True failed=
2026-09-13 03:13:16 OK port 18181 [full] height=18748 peers=2 p2p=inconsistent aligned=True failed=
2026-09-13 03:13:16 OK port 18182 [full] height=18748 peers=2 p2p=aligned aligned=True failed=
2026-09-13 03:13:16 OK mesh aligned 18180:h18748/p2 18181:h18748/p2 18182:h18748/p2
2026-09-13 03:18:28 OK port 18180 [quick] height=18760 peers=2 p2p=inconsistent aligned=True failed=
2026-09-13 03:18:28 OK port 18181 [quick] height=18760 peers=2 p2p=inconsistent aligned=True failed=
2026-09-13 03:18:28 OK port 18182 [quick] height=18760 peers=2 p2p=aligned aligned=True failed=
2026-09-13 03:18:28 OK mesh aligned 18180:h18760/p2 18181:h18760/p2 18182:h18760/p2
2026-09-13 03:23:40 OK port 18180 [quick] height=18772 peers=2 p2p=inconsistent aligned=True failed=
2026-09-13 03:23:40 OK port 18181 [quick] height=18772 peers=2 p2p=inconsistent aligned=True failed=
2026-09-13 03:23:40 OK port 18182 [quick] height=18772 peers=2 p2p=aligned aligned=True failed=
2026-09-13 03:23:40 OK mesh aligned 18180:h18772/p2 18181:h18772/p2 18182:h18772/p2
2026-09-13 03:28:51 OK port 18180 [quick] height=18784 peers=2 p2p=inconsistent aligned=True failed=
2026-09-13 03:28:51 OK port 18181 [quick] height=18784 peers=2 p2p=inconsistent aligned=True failed=
2026-09-13 03:28:51 OK port 18182 [quick] height=18784 peers=2 p2p=aligned aligned=True failed=
2026-09-13 03:28:51 OK mesh aligned 18180:h18784/p2 18181:h18784/p2 18182:h18784/p2
2026-09-13 03:34:03 OK port 18180 [quick] height=18796 peers=2 p2p=inconsistent aligned=True failed=
2026-09-13 03:34:03 OK port 18181 [quick] height=18796 peers=2 p2p=inconsistent aligned=True failed=
2026-09-13 03:34:03 OK port 18182 [quick] height=18796 peers=2 p2p=aligned aligned=True failed=
2026-09-13 03:34:03 OK mesh aligned 18180:h18796/p2 18181:h18796/p2 18182:h18796/p2
2026-09-13 03:39:16 OK port 18180 [quick] height=18808 peers=2 p2p=inconsistent aligned=True failed=
2026-09-13 03:39:16 OK port 18181 [quick] height=18808 peers=2 p2p=inconsistent aligned=True failed=
2026-09-13 03:39:16 OK port 18182 [quick] height=18808 peers=2 p2p=aligned aligned=True failed=
2026-09-13 03:39:16 OK mesh aligned 18180:h18808/p2 18181:h18808/p2 18182:h18808/p2
2026-09-13 03:44:27 OK port 18180 [full] height=18820 peers=2 p2p=inconsistent aligned=True failed=
2026-09-13 03:44:27 OK port 18181 [full] height=18820 peers=2 p2p=inconsistent aligned=True failed=
2026-09-13 03:44:27 OK port 18182 [full] height=18820 peers=2 p2p=aligned aligned=True failed=
2026-09-13 03:44:27 OK mesh aligned 18180:h18820/p2 18181:h18820/p2 18182:h18820/p2
2026-09-13 03:49:41 OK port 18180 [quick] height=18832 peers=2 p2p=inconsistent aligned=True failed=
2026-09-13 03:49:41 OK port 18181 [quick] height=18832 peers=2 p2p=inconsistent aligned=True failed=
2026-09-13 03:49:41 OK port 18182 [quick] height=18832 peers=2 p2p=aligned aligned=True failed=
2026-09-13 03:49:41 OK mesh aligned 18180:h18832/p2 18181:h18832/p2 18182:h18832/p2
2026-09-13 03:54:54 OK port 18180 [quick] height=18844 peers=2 p2p=inconsistent aligned=True failed=
2026-09-13 03:54:54 OK port 18181 [quick] height=18844 peers=2 p2p=inconsistent aligned=True failed=
2026-09-13 03:54:54 OK port 18182 [quick] height=18844 peers=2 p2p=aligned aligned=True failed=
2026-09-13 03:54:54 OK mesh aligned 18180:h18844/p2 18181:h18844/p2 18182:h18844/p2
2026-09-13 04:00:09 OK port 18180 [quick] height=18856 peers=2 p2p=inconsistent aligned=True failed=
2026-09-13 04:00:09 OK port 18181 [quick] height=18856 peers=2 p2p=inconsistent aligned=True failed=
2026-09-13 04:00:09 OK port 18182 [quick] height=18855 peers=2 p2p=inconsistent aligned=True failed=
2026-09-13 04:00:09 OK mesh aligned 18180:h18856/p2 18181:h18856/p2 18182:h18855/p2 transient_delta=1
2026-09-13 04:05:23 OK port 18180 [quick] height=18868 peers=2 p2p=aligned aligned=True failed=
2026-09-13 04:05:23 OK port 18181 [quick] height=18868 peers=2 p2p=aligned aligned=True failed=
2026-09-13 04:05:23 OK port 18182 [quick] height=18868 peers=2 p2p=inconsistent aligned=True failed=
2026-09-13 04:05:23 OK mesh aligned 18180:h18868/p2 18181:h18868/p2 18182:h18868/p2
2026-09-13 04:10:34 OK port 18180 [quick] height=18880 peers=2 p2p=inconsistent aligned=True failed=
2026-09-13 04:10:34 OK port 18181 [quick] height=18880 peers=2 p2p=inconsistent aligned=True failed=
2026-09-13 04:10:34 OK port 18182 [quick] height=18880 peers=2 p2p=aligned aligned=True failed=
2026-09-13 04:10:34 OK mesh aligned 18180:h18880/p2 18181:h18880/p2 18182:h18880/p2
2026-09-13 04:15:47 OK port 18180 [full] height=18892 peers=2 p2p=inconsistent aligned=True failed=
2026-09-13 04:15:47 OK port 18181 [full] height=18892 peers=2 p2p=inconsistent aligned=True failed=
2026-09-13 04:15:47 OK port 18182 [full] height=18892 peers=2 p2p=aligned aligned=True failed=
2026-09-13 04:15:47 OK mesh aligned 18180:h18892/p2 18181:h18892/p2 18182:h18892/p2
2026-09-13 04:21:01 OK port 18180 [quick] height=18904 peers=2 p2p=inconsistent aligned=True failed=
2026-09-13 04:21:01 OK port 18181 [quick] height=18904 peers=2 p2p=inconsistent aligned=True failed=
2026-09-13 04:21:01 OK port 18182 [quick] height=18904 peers=2 p2p=aligned aligned=True failed=
2026-09-13 04:21:01 OK mesh aligned 18180:h18904/p2 18181:h18904/p2 18182:h18904/p2
2026-09-13 04:26:14 OK port 18180 [quick] height=18916 peers=2 p2p=inconsistent aligned=True failed=
2026-09-13 04:26:14 OK port 18181 [quick] height=18916 peers=2 p2p=inconsistent aligned=True failed=
2026-09-13 04:26:14 OK port 18182 [quick] height=18916 peers=2 p2p=aligned aligned=True failed=
2026-09-13 04:26:14 OK mesh aligned 18180:h18916/p2 18181:h18916/p2 18182:h18916/p2
2026-09-13 04:31:28 OK port 18180 [quick] height=18923 peers=2 p2p=aligned aligned=True failed=
2026-09-13 04:31:28 OK port 18181 [quick] height=18923 peers=2 p2p=aligned aligned=True failed=
2026-09-13 04:31:28 OK port 18182 [quick] height=18923 peers=2 p2p=aligned aligned=True failed=
2026-09-13 04:31:28 OK mesh aligned 18180:h18923/p2 18181:h18923/p2 18182:h18923/p2
2026-09-13 04:36:43 OK port 18180 [quick] height=18935 peers=2 p2p=inconsistent aligned=True failed=
2026-09-13 04:36:43 OK port 18181 [quick] height=18935 peers=2 p2p=inconsistent aligned=True failed=
2026-09-13 04:36:43 OK port 18182 [quick] height=18935 peers=2 p2p=inconsistent aligned=True failed=
2026-09-13 04:36:43 OK mesh aligned 18180:h18935/p2 18181:h18935/p2 18182:h18935/p2
2026-09-13 04:42:01 OK port 18180 [quick] height=18946 peers=2 p2p=aligned aligned=True failed=
2026-09-13 04:42:01 OK port 18181 [quick] height=18946 peers=2 p2p=inconsistent aligned=True failed=
2026-09-13 04:42:01 OK port 18182 [quick] height=18947 peers=2 p2p=inconsistent aligned=True failed=
2026-09-13 04:42:01 OK mesh aligned 18180:h18946/p2 18181:h18946/p2 18182:h18947/p2 transient_delta=1
2026-09-13 04:47:17 OK port 18180 [full] height=18959 peers=2 p2p=inconsistent aligned=True failed=
2026-09-13 04:47:17 OK port 18181 [full] height=18958 peers=2 p2p=inconsistent aligned=True failed=
2026-09-13 04:47:17 OK port 18182 [full] height=18958 peers=2 p2p=inconsistent aligned=True failed=
2026-09-13 04:47:17 OK mesh aligned 18180:h18959/p2 18181:h18958/p2 18182:h18958/p2 transient_delta=1
2026-09-13 04:52:35 OK port 18180 [quick] height=18970 peers=2 p2p=aligned aligned=True failed=
2026-09-13 04:52:35 OK port 18181 [quick] height=18970 peers=2 p2p=aligned aligned=True failed=
2026-09-13 04:52:35 OK port 18182 [quick] height=18971 peers=2 p2p=aligned aligned=True failed=
2026-09-13 04:52:35 OK mesh aligned 18180:h18970/p2 18181:h18970/p2 18182:h18971/p2 transient_delta=1
2026-09-13 04:57:52 OK port 18180 [quick] height=18982 peers=2 p2p=aligned aligned=True failed=
2026-09-13 04:57:52 OK port 18181 [quick] height=18982 peers=2 p2p=aligned aligned=True failed=
2026-09-13 04:57:52 OK port 18182 [quick] height=18982 peers=2 p2p=aligned aligned=True failed=
2026-09-13 04:57:52 OK mesh aligned 18180:h18982/p2 18181:h18982/p2 18182:h18982/p2
2026-09-13 05:03:12 OK port 18180 [quick] height=18994 peers=2 p2p=inconsistent aligned=True failed=
2026-09-13 05:03:12 OK port 18181 [quick] height=18994 peers=2 p2p=inconsistent aligned=True failed=
2026-09-13 05:03:12 OK port 18182 [quick] height=18994 peers=2 p2p=aligned aligned=True failed=
2026-09-13 05:03:12 OK mesh aligned 18180:h18994/p2 18181:h18994/p2 18182:h18994/p2
2026-09-13 05:08:28 OK port 18180 [quick] height=19006 peers=2 p2p=inconsistent aligned=True failed=
2026-09-13 05:08:28 OK port 18181 [quick] height=19006 peers=2 p2p=inconsistent aligned=True failed=
2026-09-13 05:08:28 OK port 18182 [quick] height=19006 peers=2 p2p=aligned aligned=True failed=
2026-09-13 05:08:28 OK mesh aligned 18180:h19006/p2 18181:h19006/p2 18182:h19006/p2
2026-09-13 05:13:44 OK port 18180 [quick] height=19018 peers=2 p2p=inconsistent aligned=True failed=
2026-09-13 05:13:44 OK port 18181 [quick] height=19018 peers=2 p2p=inconsistent aligned=True failed=
2026-09-13 05:13:44 OK port 18182 [quick] height=19018 peers=2 p2p=inconsistent aligned=True failed=
2026-09-13 05:13:44 OK mesh aligned 18180:h19018/p2 18181:h19018/p2 18182:h19018/p2
2026-09-13 05:19:05 OK port 18180 [full] height=19030 peers=2 p2p=inconsistent aligned=True failed=
2026-09-13 05:19:05 OK port 18181 [full] height=19030 peers=2 p2p=inconsistent aligned=True failed=
2026-09-13 05:19:05 OK port 18182 [full] height=19030 peers=2 p2p=aligned aligned=True failed=
2026-09-13 05:19:05 OK mesh aligned 18180:h19030/p2 18181:h19030/p2 18182:h19030/p2
2026-09-13 05:24:23 OK port 18180 [quick] height=19042 peers=2 p2p=inconsistent aligned=True failed=
2026-09-13 05:24:23 OK port 18181 [quick] height=19042 peers=2 p2p=inconsistent aligned=True failed=
2026-09-13 05:24:23 OK port 18182 [quick] height=19041 peers=2 p2p=aligned aligned=True failed=
2026-09-13 05:24:23 OK mesh aligned 18180:h19042/p2 18181:h19042/p2 18182:h19041/p2 transient_delta=1
2026-09-13 05:29:45 OK port 18180 [quick] height=19053 peers=2 p2p=aligned aligned=True failed=
2026-09-13 05:29:45 OK port 18181 [quick] height=19054 peers=2 p2p=inconsistent aligned=True failed=
2026-09-13 05:29:45 OK port 18182 [quick] height=19053 peers=2 p2p=aligned aligned=True failed=
2026-09-13 05:29:45 OK mesh aligned 18180:h19053/p2 18181:h19054/p2 18182:h19053/p2 transient_delta=1
2026-09-13 05:35:09 OK port 18180 [quick] height=19065 peers=2 p2p=aligned aligned=True failed=
2026-09-13 05:35:09 OK port 18181 [quick] height=19065 peers=2 p2p=aligned aligned=True failed=
2026-09-13 05:35:09 OK port 18182 [quick] height=19065 peers=2 p2p=aligned aligned=True failed=
2026-09-13 05:35:09 OK mesh aligned 18180:h19065/p2 18181:h19065/p2 18182:h19065/p2
2026-09-13 05:40:32 OK port 18180 [quick] height=19077 peers=2 p2p=aligned aligned=True failed=
2026-09-13 05:40:32 OK port 18181 [quick] height=19077 peers=2 p2p=aligned aligned=True failed=
2026-09-13 05:40:32 OK port 18182 [quick] height=19078 peers=2 p2p=aligned aligned=True failed=
2026-09-13 05:40:32 OK mesh aligned 18180:h19077/p2 18181:h19077/p2 18182:h19078/p2 transient_delta=1
2026-09-13 05:45:58 OK port 18180 [quick] height=19089 peers=2 p2p=aligned aligned=True failed=
2026-09-13 05:45:58 OK port 18181 [quick] height=19090 peers=2 p2p=inconsistent aligned=True failed=
2026-09-13 05:45:58 OK port 18182 [quick] height=19090 peers=2 p2p=aligned aligned=True failed=
2026-09-13 05:45:58 OK mesh aligned 18180:h19089/p2 18181:h19090/p2 18182:h19090/p2 transient_delta=1
2026-09-13 05:51:22 OK port 18180 [full] height=19101 peers=2 p2p=aligned aligned=True failed=
2026-09-13 05:51:22 OK port 18181 [full] height=19101 peers=2 p2p=aligned aligned=True failed=
2026-09-13 05:51:22 OK port 18182 [full] height=19102 peers=2 p2p=inconsistent aligned=True failed=
2026-09-13 05:51:22 OK mesh aligned 18180:h19101/p2 18181:h19101/p2 18182:h19102/p2 transient_delta=1
2026-09-13 05:56:46 OK port 18180 [quick] height=19113 peers=2 p2p=aligned aligned=True failed=
2026-09-13 05:56:46 OK port 18181 [quick] height=19113 peers=2 p2p=aligned aligned=True failed=
2026-09-13 05:56:46 OK port 18182 [quick] height=19114 peers=2 p2p=inconsistent aligned=True failed=
2026-09-13 05:56:46 OK mesh aligned 18180:h19113/p2 18181:h19113/p2 18182:h19114/p2 transient_delta=1
2026-09-13 06:02:10 OK port 18180 [quick] height=19125 peers=2 p2p=aligned aligned=True failed=
2026-09-13 06:02:10 OK port 18181 [quick] height=19125 peers=2 p2p=aligned aligned=True failed=
2026-09-13 06:02:10 OK port 18182 [quick] height=19127 peers=2 p2p=inconsistent aligned=True failed=
2026-09-13 06:02:10 OK mesh aligned 18180:h19125/p2 18181:h19125/p2 18182:h19127/p2 transient_delta=2
2026-09-13 06:07:36 OK port 18180 [quick] height=19137 peers=2 p2p=aligned aligned=True failed=
2026-09-13 06:07:36 OK port 18181 [quick] height=19137 peers=1 p2p=under_mesh_lagging aligned=True failed=
2026-09-13 06:07:36 WARN OK port 18182 [quick] height=19138 peers=1 p2p=under_mesh aligned=True failed=
2026-09-13 06:07:36 OK mesh aligned 18180:h19137/p2 18181:h19137/p1 18182:h19138/p1 transient_delta=1
2026-09-13 06:12:58 OK port 18180 [quick] height=19149 peers=2 p2p=aligned aligned=True failed=
2026-09-13 06:12:58 WARN OK port 18181 [quick] height=19149 peers=1 p2p=under_mesh aligned=True failed=
2026-09-13 06:12:58 WARN OK port 18182 [quick] height=19149 peers=1 p2p=under_mesh aligned=True failed=
2026-09-13 06:12:58 OK mesh aligned 18180:h19149/p2 18181:h19149/p1 18182:h19149/p1
2026-09-13 06:18:33 OK port 18180 [quick] height=19160 peers=2 p2p=aligned aligned=True failed=
2026-09-13 06:18:33 OK port 18181 [quick] height=19162 peers=2 p2p=inconsistent aligned=True failed=ready_flap
2026-09-13 06:18:33 WARN OK port 18182 [quick] height=19160 peers=1 p2p=under_mesh aligned=True failed=
2026-09-13 06:18:33 OK mesh aligned 18180:h19160/p2 18181:h19162/p2 18182:h19160/p1 transient_delta=2
2026-09-13 06:24:08 OK port 18180 [full] height=19171 peers=2 p2p=aligned aligned=True failed=peer_probe_ok
2026-09-13 06:24:08 OK port 18181 [full] height=19173 peers=2 p2p=inconsistent aligned=True failed=ready_flap
2026-09-13 06:24:08 WARN OK port 18182 [full] height=19172 peers=1 p2p=under_mesh aligned=True failed=
2026-09-13 06:24:08 OK mesh aligned 18180:h19171/p2 18181:h19173/p2 18182:h19172/p1 transient_delta=2
2026-09-13 06:29:28 OK port 18180 [quick] height=19182 peers=2 p2p=inconsistent aligned=True failed=
2026-09-13 06:29:28 OK port 18181 [quick] height=19182 peers=2 p2p=inconsistent aligned=True failed=
2026-09-13 06:29:28 WARN OK port 18182 [quick] height=19182 peers=1 p2p=under_mesh aligned=True failed=
2026-09-13 06:29:28 OK mesh aligned 18180:h19182/p2 18181:h19182/p2 18182:h19182/p1
2026-09-13 06:35:10 OK port 18180 [quick] height=19192 peers=2 p2p=aligned aligned=True failed=
2026-09-13 06:35:10 OK port 18181 [quick] height=19193 peers=2 p2p=inconsistent aligned=True failed=ready_flap
2026-09-13 06:35:10 WARN OK port 18182 [quick] height=19192 peers=1 p2p=under_mesh aligned=True failed=
2026-09-13 06:35:10 OK mesh aligned 18180:h19192/p2 18181:h19193/p2 18182:h19192/p1 transient_delta=1
2026-09-13 06:38:39 OK port 18180 [quick] height=19197 peers=2 p2p=aligned aligned=True failed=
2026-09-13 06:38:39 OK port 18181 [quick] height=19197 peers=2 p2p=inconsistent aligned=True failed=
2026-09-13 06:38:39 WARN OK port 18182 [quick] height=19197 peers=1 p2p=under_mesh aligned=True failed=
2026-09-13 06:38:39 OK mesh aligned 18180:h19197/p2 18181:h19197/p2 18182:h19197/p1
2026-09-13 06:38:39 health_watch done (duration 2880m cycles=567 hard_fails=0 ready_only=0)
