
2026-09-21 18:33:36 health_watch start ports=18180,18181,18182 interval=300s full_every=6 log=logs/soak_48h_experimental.log parallel=1
2026-09-21 18:33:38 OK port 18180 [quick] height=46099 peers=2 p2p=aligned aligned=True failed=
2026-09-21 18:33:38 OK port 18181 [quick] height=46099 peers=2 p2p=aligned aligned=True failed=
2026-09-21 18:33:38 OK port 18182 [quick] height=46099 peers=2 p2p=aligned aligned=True failed=
2026-09-21 18:33:38 OK mesh aligned 18180:h46099/p2 18181:h46099/p2 18182:h46099/p2
2026-09-21 18:38:39 OK port 18180 [quick] height=46118 peers=2 p2p=aligned aligned=True failed=
2026-09-21 18:38:39 OK port 18181 [quick] height=46118 peers=2 p2p=aligned aligned=True failed=
2026-09-21 18:38:39 OK port 18182 [quick] height=46118 peers=2 p2p=aligned aligned=True failed=
2026-09-21 18:38:39 OK mesh aligned 18180:h46118/p2 18181:h46118/p2 18182:h46118/p2
2026-09-21 18:43:40 OK port 18180 [quick] height=46137 peers=2 p2p=aligned aligned=True failed=
2026-09-21 18:43:40 OK port 18181 [quick] height=46137 peers=2 p2p=aligned aligned=True failed=
2026-09-21 18:43:40 OK port 18182 [quick] height=46137 peers=2 p2p=aligned aligned=True failed=
2026-09-21 18:43:40 OK mesh aligned 18180:h46137/p2 18181:h46137/p2 18182:h46137/p2
2026-09-21 18:48:41 OK port 18180 [quick] height=46156 peers=2 p2p=aligned aligned=True failed=
2026-09-21 18:48:41 OK port 18181 [quick] height=46156 peers=2 p2p=aligned aligned=True failed=
2026-09-21 18:48:41 OK port 18182 [quick] height=46156 peers=2 p2p=aligned aligned=True failed=
2026-09-21 18:48:41 OK mesh aligned 18180:h46156/p2 18181:h46156/p2 18182:h46156/p2
2026-09-21 18:53:42 OK port 18180 [quick] height=46175 peers=2 p2p=aligned aligned=True failed=
2026-09-21 18:53:42 OK port 18181 [quick] height=46175 peers=2 p2p=aligned aligned=True failed=
2026-09-21 18:53:42 OK port 18182 [quick] height=46175 peers=2 p2p=aligned aligned=True failed=
2026-09-21 18:53:43 OK mesh aligned 18180:h46175/p2 18181:h46175/p2 18182:h46175/p2
2026-09-21 18:58:44 OK port 18180 [full] height=46194 peers=2 p2p=aligned aligned=True failed=
2026-09-21 18:58:44 OK port 18181 [full] height=46194 peers=2 p2p=aligned aligned=True failed=
2026-09-21 18:58:44 OK port 18182 [full] height=46194 peers=2 p2p=aligned aligned=True failed=
2026-09-21 18:58:44 OK mesh aligned 18180:h46194/p2 18181:h46194/p2 18182:h46194/p2
2026-09-21 19:03:45 OK port 18180 [quick] height=46213 peers=2 p2p=aligned aligned=True failed=
2026-09-21 19:03:45 OK port 18181 [quick] height=46213 peers=2 p2p=aligned aligned=True failed=
2026-09-21 19:03:45 OK port 18182 [quick] height=46213 peers=2 p2p=aligned aligned=True failed=
2026-09-21 19:03:45 OK mesh aligned 18180:h46213/p2 18181:h46213/p2 18182:h46213/p2
2026-09-21 19:08:46 OK port 18180 [quick] height=46232 peers=2 p2p=aligned aligned=True failed=
2026-09-21 19:08:46 OK port 18181 [quick] height=46232 peers=2 p2p=aligned aligned=True failed=
2026-09-21 19:08:46 OK port 18182 [quick] height=46232 peers=2 p2p=aligned aligned=True failed=
2026-09-21 19:08:46 OK mesh aligned 18180:h46232/p2 18181:h46232/p2 18182:h46232/p2
2026-09-21 19:13:47 OK port 18180 [quick] height=46251 peers=2 p2p=aligned aligned=True failed=
2026-09-21 19:13:47 OK port 18181 [quick] height=46251 peers=2 p2p=aligned aligned=True failed=
2026-09-21 19:13:47 OK port 18182 [quick] height=46251 peers=2 p2p=aligned aligned=True failed=
2026-09-21 19:13:47 OK mesh aligned 18180:h46251/p2 18181:h46251/p2 18182:h46251/p2
2026-09-21 19:18:49 OK port 18180 [quick] height=46270 peers=2 p2p=aligned aligned=True failed=
2026-09-21 19:18:49 OK port 18181 [quick] height=46270 peers=2 p2p=aligned aligned=True failed=
2026-09-21 19:18:49 OK port 18182 [quick] height=46270 peers=2 p2p=aligned aligned=True failed=
2026-09-21 19:18:49 OK mesh aligned 18180:h46270/p2 18181:h46270/p2 18182:h46270/p2
2026-09-21 19:23:50 OK port 18180 [quick] height=46289 peers=2 p2p=aligned aligned=True failed=
2026-09-21 19:23:50 OK port 18181 [quick] height=46289 peers=2 p2p=aligned aligned=True failed=
2026-09-21 19:23:50 OK port 18182 [quick] height=46289 peers=2 p2p=aligned aligned=True failed=
2026-09-21 19:23:50 OK mesh aligned 18180:h46289/p2 18181:h46289/p2 18182:h46289/p2
2026-09-21 19:28:51 OK port 18180 [full] height=46308 peers=2 p2p=aligned aligned=True failed=
2026-09-21 19:28:51 OK port 18181 [full] height=46308 peers=2 p2p=aligned aligned=True failed=
2026-09-21 19:28:51 OK port 18182 [full] height=46308 peers=2 p2p=aligned aligned=True failed=
2026-09-21 19:28:51 OK mesh aligned 18180:h46308/p2 18181:h46308/p2 18182:h46308/p2
2026-09-21 19:33:52 OK port 18180 [quick] height=46327 peers=2 p2p=aligned aligned=True failed=
2026-09-21 19:33:52 OK port 18181 [quick] height=46327 peers=2 p2p=aligned aligned=True failed=
2026-09-21 19:33:52 OK port 18182 [quick] height=46327 peers=2 p2p=aligned aligned=True failed=
2026-09-21 19:33:52 OK mesh aligned 18180:h46327/p2 18181:h46327/p2 18182:h46327/p2
2026-09-21 19:38:53 OK port 18180 [quick] height=46346 peers=2 p2p=aligned aligned=True failed=
2026-09-21 19:38:53 OK port 18181 [quick] height=46346 peers=2 p2p=aligned aligned=True failed=
2026-09-21 19:38:53 OK port 18182 [quick] height=46346 peers=2 p2p=aligned aligned=True failed=
2026-09-21 19:38:53 OK mesh aligned 18180:h46346/p2 18181:h46346/p2 18182:h46346/p2
2026-09-21 19:43:55 OK port 18180 [quick] height=46365 peers=2 p2p=aligned aligned=True failed=
2026-09-21 19:43:55 OK port 18181 [quick] height=46365 peers=2 p2p=aligned aligned=True failed=
2026-09-21 19:43:55 OK port 18182 [quick] height=46365 peers=2 p2p=aligned aligned=True failed=
2026-09-21 19:43:55 OK mesh aligned 18180:h46365/p2 18181:h46365/p2 18182:h46365/p2
2026-09-21 19:48:56 OK port 18180 [quick] height=46384 peers=2 p2p=aligned aligned=True failed=
2026-09-21 19:48:56 OK port 18181 [quick] height=46384 peers=2 p2p=aligned aligned=True failed=
2026-09-21 19:48:56 OK port 18182 [quick] height=46384 peers=2 p2p=aligned aligned=True failed=
2026-09-21 19:48:56 OK mesh aligned 18180:h46384/p2 18181:h46384/p2 18182:h46384/p2
2026-09-21 19:53:57 OK port 18180 [quick] height=46403 peers=2 p2p=aligned aligned=True failed=
2026-09-21 19:53:57 OK port 18181 [quick] height=46403 peers=2 p2p=aligned aligned=True failed=
2026-09-21 19:53:57 OK port 18182 [quick] height=46403 peers=2 p2p=aligned aligned=True failed=
2026-09-21 19:53:57 OK mesh aligned 18180:h46403/p2 18181:h46403/p2 18182:h46403/p2
2026-09-21 19:58:58 OK port 18180 [full] height=46422 peers=2 p2p=aligned aligned=True failed=
2026-09-21 19:58:58 OK port 18181 [full] height=46422 peers=2 p2p=aligned aligned=True failed=
2026-09-21 19:58:58 OK port 18182 [full] height=46422 peers=2 p2p=aligned aligned=True failed=
2026-09-21 19:58:58 OK mesh aligned 18180:h46422/p2 18181:h46422/p2 18182:h46422/p2
2026-09-21 20:04:00 OK port 18180 [quick] height=46441 peers=2 p2p=aligned aligned=True failed=
2026-09-21 20:04:00 OK port 18181 [quick] height=46441 peers=2 p2p=aligned aligned=True failed=
2026-09-21 20:04:00 OK port 18182 [quick] height=46441 peers=2 p2p=aligned aligned=True failed=
2026-09-21 20:04:00 OK mesh aligned 18180:h46441/p2 18181:h46441/p2 18182:h46441/p2
2026-09-21 20:09:03 OK port 18180 [quick] height=46460 peers=2 p2p=aligned aligned=True failed=
2026-09-21 20:09:03 OK port 18181 [quick] height=46460 peers=2 p2p=aligned aligned=True failed=
2026-09-21 20:09:03 OK port 18182 [quick] height=46460 peers=2 p2p=aligned aligned=True failed=
2026-09-21 20:09:03 OK mesh aligned 18180:h46460/p2 18181:h46460/p2 18182:h46460/p2
2026-09-21 20:14:04 OK port 18180 [quick] height=46479 peers=2 p2p=aligned aligned=True failed=
2026-09-21 20:14:04 OK port 18181 [quick] height=46479 peers=2 p2p=aligned aligned=True failed=
2026-09-21 20:14:04 OK port 18182 [quick] height=46479 peers=2 p2p=aligned aligned=True failed=
2026-09-21 20:14:04 OK mesh aligned 18180:h46479/p2 18181:h46479/p2 18182:h46479/p2
2026-09-21 20:19:05 OK port 18180 [quick] height=46498 peers=2 p2p=aligned aligned=True failed=
2026-09-21 20:19:05 OK port 18181 [quick] height=46498 peers=2 p2p=aligned aligned=True failed=
2026-09-21 20:19:05 OK port 18182 [quick] height=46498 peers=2 p2p=aligned aligned=True failed=
2026-09-21 20:19:05 OK mesh aligned 18180:h46498/p2 18181:h46498/p2 18182:h46498/p2
2026-09-21 20:24:07 OK port 18180 [quick] height=46517 peers=2 p2p=tip_skew aligned=True failed=
2026-09-21 20:24:07 OK port 18181 [quick] height=46517 peers=2 p2p=aligned aligned=True failed=
2026-09-21 20:24:07 OK port 18182 [quick] height=46517 peers=2 p2p=aligned aligned=True failed=
2026-09-21 20:24:07 OK mesh aligned 18180:h46517/p2 18181:h46517/p2 18182:h46517/p2
2026-09-21 20:29:08 OK port 18180 [full] height=46535 peers=2 p2p=aligned aligned=True failed=
2026-09-21 20:29:08 OK port 18181 [full] height=46535 peers=2 p2p=aligned aligned=True failed=
2026-09-21 20:29:08 OK port 18182 [full] height=46535 peers=2 p2p=aligned aligned=True failed=
2026-09-21 20:29:08 OK mesh aligned 18180:h46535/p2 18181:h46535/p2 18182:h46535/p2
2026-09-21 20:34:09 OK port 18180 [quick] height=46554 peers=2 p2p=aligned aligned=True failed=
2026-09-21 20:34:09 OK port 18181 [quick] height=46554 peers=2 p2p=aligned aligned=True failed=
2026-09-21 20:34:09 OK port 18182 [quick] height=46554 peers=2 p2p=aligned aligned=True failed=
2026-09-21 20:34:09 OK mesh aligned 18180:h46554/p2 18181:h46554/p2 18182:h46554/p2
2026-09-21 20:39:11 OK port 18180 [quick] height=46573 peers=2 p2p=aligned aligned=True failed=
2026-09-21 20:39:11 OK port 18181 [quick] height=46573 peers=2 p2p=aligned aligned=True failed=
2026-09-21 20:39:11 OK port 18182 [quick] height=46573 peers=2 p2p=aligned aligned=True failed=
2026-09-21 20:39:11 OK mesh aligned 18180:h46573/p2 18181:h46573/p2 18182:h46573/p2
2026-09-21 20:44:12 OK port 18180 [quick] height=46592 peers=2 p2p=aligned aligned=True failed=
2026-09-21 20:44:12 OK port 18181 [quick] height=46592 peers=2 p2p=aligned aligned=True failed=
2026-09-21 20:44:12 OK port 18182 [quick] height=46592 peers=2 p2p=aligned aligned=True failed=
2026-09-21 20:44:12 OK mesh aligned 18180:h46592/p2 18181:h46592/p2 18182:h46592/p2
2026-09-21 20:49:13 OK port 18180 [quick] height=46611 peers=2 p2p=aligned aligned=True failed=
2026-09-21 20:49:13 OK port 18181 [quick] height=46611 peers=2 p2p=aligned aligned=True failed=
2026-09-21 20:49:13 OK port 18182 [quick] height=46611 peers=2 p2p=aligned aligned=True failed=
2026-09-21 20:49:13 OK mesh aligned 18180:h46611/p2 18181:h46611/p2 18182:h46611/p2
2026-09-21 20:54:14 OK port 18180 [quick] height=46630 peers=2 p2p=aligned aligned=True failed=
2026-09-21 20:54:14 OK port 18181 [quick] height=46630 peers=2 p2p=aligned aligned=True failed=
2026-09-21 20:54:14 OK port 18182 [quick] height=46630 peers=2 p2p=aligned aligned=True failed=
2026-09-21 20:54:14 OK mesh aligned 18180:h46630/p2 18181:h46630/p2 18182:h46630/p2
2026-09-21 20:59:15 OK port 18180 [full] height=46649 peers=2 p2p=aligned aligned=True failed=
2026-09-21 20:59:15 OK port 18181 [full] height=46649 peers=2 p2p=aligned aligned=True failed=
2026-09-21 20:59:15 OK port 18182 [full] height=46649 peers=2 p2p=aligned aligned=True failed=
2026-09-21 20:59:15 OK mesh aligned 18180:h46649/p2 18181:h46649/p2 18182:h46649/p2
2026-09-21 21:04:17 OK port 18180 [quick] height=46668 peers=2 p2p=aligned aligned=True failed=
2026-09-21 21:04:17 OK port 18181 [quick] height=46668 peers=2 p2p=aligned aligned=True failed=
2026-09-21 21:04:17 OK port 18182 [quick] height=46668 peers=2 p2p=aligned aligned=True failed=
2026-09-21 21:04:17 OK mesh aligned 18180:h46668/p2 18181:h46668/p2 18182:h46668/p2
2026-09-21 21:09:18 OK port 18180 [quick] height=46687 peers=2 p2p=aligned aligned=True failed=
2026-09-21 21:09:18 OK port 18181 [quick] height=46687 peers=2 p2p=aligned aligned=True failed=
2026-09-21 21:09:18 OK port 18182 [quick] height=46687 peers=2 p2p=aligned aligned=True failed=
2026-09-21 21:09:18 OK mesh aligned 18180:h46687/p2 18181:h46687/p2 18182:h46687/p2
2026-09-21 21:14:19 OK port 18180 [quick] height=46706 peers=2 p2p=aligned aligned=True failed=
2026-09-21 21:14:19 OK port 18181 [quick] height=46706 peers=2 p2p=aligned aligned=True failed=
2026-09-21 21:14:19 OK port 18182 [quick] height=46706 peers=2 p2p=aligned aligned=True failed=
2026-09-21 21:14:19 OK mesh aligned 18180:h46706/p2 18181:h46706/p2 18182:h46706/p2
2026-09-21 21:19:20 OK port 18180 [quick] height=46725 peers=2 p2p=aligned aligned=True failed=
2026-09-21 21:19:20 OK port 18181 [quick] height=46725 peers=2 p2p=aligned aligned=True failed=
2026-09-21 21:19:20 OK port 18182 [quick] height=46725 peers=2 p2p=aligned aligned=True failed=
2026-09-21 21:19:20 OK mesh aligned 18180:h46725/p2 18181:h46725/p2 18182:h46725/p2
2026-09-21 21:24:21 OK port 18180 [quick] height=46744 peers=2 p2p=aligned aligned=True failed=
2026-09-21 21:24:21 OK port 18181 [quick] height=46744 peers=2 p2p=aligned aligned=True failed=
2026-09-21 21:24:21 OK port 18182 [quick] height=46744 peers=2 p2p=aligned aligned=True failed=
2026-09-21 21:24:21 OK mesh aligned 18180:h46744/p2 18181:h46744/p2 18182:h46744/p2
2026-09-21 21:29:22 OK port 18180 [full] height=46763 peers=2 p2p=aligned aligned=True failed=
2026-09-21 21:29:22 OK port 18181 [full] height=46763 peers=2 p2p=aligned aligned=True failed=
2026-09-21 21:29:22 OK port 18182 [full] height=46763 peers=2 p2p=aligned aligned=True failed=
2026-09-21 21:29:22 OK mesh aligned 18180:h46763/p2 18181:h46763/p2 18182:h46763/p2
2026-09-21 21:34:24 OK port 18180 [quick] height=46781 peers=2 p2p=aligned aligned=True failed=
2026-09-21 21:34:24 OK port 18181 [quick] height=46781 peers=2 p2p=aligned aligned=True failed=
2026-09-21 21:34:24 OK port 18182 [quick] height=46781 peers=2 p2p=aligned aligned=True failed=
2026-09-21 21:34:24 OK mesh aligned 18180:h46781/p2 18181:h46781/p2 18182:h46781/p2
2026-09-21 21:39:25 OK port 18180 [quick] height=46800 peers=2 p2p=aligned aligned=True failed=
2026-09-21 21:39:25 OK port 18181 [quick] height=46800 peers=2 p2p=aligned aligned=True failed=
2026-09-21 21:39:25 OK port 18182 [quick] height=46800 peers=2 p2p=aligned aligned=True failed=
2026-09-21 21:39:25 OK mesh aligned 18180:h46800/p2 18181:h46800/p2 18182:h46800/p2
2026-09-21 21:44:26 OK port 18180 [quick] height=46819 peers=2 p2p=aligned aligned=True failed=
2026-09-21 21:44:26 OK port 18181 [quick] height=46819 peers=2 p2p=aligned aligned=True failed=
2026-09-21 21:44:26 OK port 18182 [quick] height=46819 peers=2 p2p=aligned aligned=True failed=
2026-09-21 21:44:26 OK mesh aligned 18180:h46819/p2 18181:h46819/p2 18182:h46819/p2
2026-09-21 21:49:27 OK port 18180 [quick] height=46838 peers=2 p2p=aligned aligned=True failed=
2026-09-21 21:49:27 OK port 18181 [quick] height=46838 peers=2 p2p=aligned aligned=True failed=
2026-09-21 21:49:27 OK port 18182 [quick] height=46838 peers=2 p2p=aligned aligned=True failed=
2026-09-21 21:49:27 OK mesh aligned 18180:h46838/p2 18181:h46838/p2 18182:h46838/p2
2026-09-21 21:54:28 OK port 18180 [quick] height=46857 peers=2 p2p=aligned aligned=True failed=
2026-09-21 21:54:28 OK port 18181 [quick] height=46857 peers=2 p2p=aligned aligned=True failed=
2026-09-21 21:54:28 OK port 18182 [quick] height=46857 peers=2 p2p=aligned aligned=True failed=
2026-09-21 21:54:28 OK mesh aligned 18180:h46857/p2 18181:h46857/p2 18182:h46857/p2
2026-09-21 21:59:29 OK port 18180 [full] height=46876 peers=2 p2p=aligned aligned=True failed=
2026-09-21 21:59:29 OK port 18181 [full] height=46876 peers=2 p2p=aligned aligned=True failed=
2026-09-21 21:59:29 OK port 18182 [full] height=46876 peers=2 p2p=aligned aligned=True failed=
2026-09-21 21:59:29 OK mesh aligned 18180:h46876/p2 18181:h46876/p2 18182:h46876/p2
2026-09-21 22:04:30 OK port 18180 [quick] height=46895 peers=2 p2p=aligned aligned=True failed=
2026-09-21 22:04:30 OK port 18181 [quick] height=46895 peers=2 p2p=aligned aligned=True failed=
2026-09-21 22:04:30 OK port 18182 [quick] height=46895 peers=2 p2p=aligned aligned=True failed=
2026-09-21 22:04:30 OK mesh aligned 18180:h46895/p2 18181:h46895/p2 18182:h46895/p2
2026-09-21 22:09:32 OK port 18180 [quick] height=46914 peers=2 p2p=aligned aligned=True failed=
2026-09-21 22:09:32 OK port 18181 [quick] height=46914 peers=2 p2p=aligned aligned=True failed=
2026-09-21 22:09:32 OK port 18182 [quick] height=46914 peers=2 p2p=aligned aligned=True failed=
2026-09-21 22:09:32 OK mesh aligned 18180:h46914/p2 18181:h46914/p2 18182:h46914/p2
2026-09-21 22:14:33 OK port 18180 [quick] height=46933 peers=2 p2p=aligned aligned=True failed=
2026-09-21 22:14:33 OK port 18181 [quick] height=46933 peers=2 p2p=aligned aligned=True failed=
2026-09-21 22:14:33 OK port 18182 [quick] height=46933 peers=2 p2p=aligned aligned=True failed=
2026-09-21 22:14:33 OK mesh aligned 18180:h46933/p2 18181:h46933/p2 18182:h46933/p2
2026-09-21 22:19:34 OK port 18180 [quick] height=46952 peers=2 p2p=aligned aligned=True failed=
2026-09-21 22:19:34 OK port 18181 [quick] height=46952 peers=2 p2p=aligned aligned=True failed=
2026-09-21 22:19:34 OK port 18182 [quick] height=46952 peers=2 p2p=aligned aligned=True failed=
2026-09-21 22:19:34 OK mesh aligned 18180:h46952/p2 18181:h46952/p2 18182:h46952/p2
2026-09-21 22:24:35 OK port 18180 [quick] height=46971 peers=2 p2p=aligned aligned=True failed=
2026-09-21 22:24:35 OK port 18181 [quick] height=46971 peers=2 p2p=aligned aligned=True failed=
2026-09-21 22:24:35 OK port 18182 [quick] height=46971 peers=2 p2p=aligned aligned=True failed=
2026-09-21 22:24:35 OK mesh aligned 18180:h46971/p2 18181:h46971/p2 18182:h46971/p2
2026-09-21 22:29:36 OK port 18180 [full] height=46990 peers=2 p2p=aligned aligned=True failed=
2026-09-21 22:29:36 OK port 18181 [full] height=46990 peers=2 p2p=aligned aligned=True failed=
2026-09-21 22:29:36 OK port 18182 [full] height=46990 peers=2 p2p=aligned aligned=True failed=
2026-09-21 22:29:36 OK mesh aligned 18180:h46990/p2 18181:h46990/p2 18182:h46990/p2
2026-09-21 22:34:37 OK port 18180 [quick] height=47009 peers=2 p2p=aligned aligned=True failed=
2026-09-21 22:34:37 OK port 18181 [quick] height=47009 peers=2 p2p=aligned aligned=True failed=
2026-09-21 22:34:37 OK port 18182 [quick] height=47009 peers=2 p2p=aligned aligned=True failed=
2026-09-21 22:34:37 OK mesh aligned 18180:h47009/p2 18181:h47009/p2 18182:h47009/p2
2026-09-21 22:39:38 OK port 18180 [quick] height=47028 peers=2 p2p=aligned aligned=True failed=
2026-09-21 22:39:39 OK port 18181 [quick] height=47028 peers=2 p2p=aligned aligned=True failed=
2026-09-21 22:39:39 OK port 18182 [quick] height=47028 peers=2 p2p=aligned aligned=True failed=
2026-09-21 22:39:39 OK mesh aligned 18180:h47028/p2 18181:h47028/p2 18182:h47028/p2
2026-09-21 22:44:40 OK port 18180 [quick] height=47047 peers=2 p2p=aligned aligned=True failed=
2026-09-21 22:44:40 OK port 18181 [quick] height=47047 peers=2 p2p=aligned aligned=True failed=
2026-09-21 22:44:40 OK port 18182 [quick] height=47047 peers=2 p2p=aligned aligned=True failed=
2026-09-21 22:44:40 OK mesh aligned 18180:h47047/p2 18181:h47047/p2 18182:h47047/p2
2026-09-21 22:49:41 OK port 18180 [quick] height=47066 peers=2 p2p=aligned aligned=True failed=
2026-09-21 22:49:41 OK port 18181 [quick] height=47066 peers=2 p2p=aligned aligned=True failed=
2026-09-21 22:49:41 OK port 18182 [quick] height=47066 peers=2 p2p=aligned aligned=True failed=
2026-09-21 22:49:41 OK mesh aligned 18180:h47066/p2 18181:h47066/p2 18182:h47066/p2
2026-09-21 22:54:42 OK port 18180 [quick] height=47084 peers=2 p2p=aligned aligned=True failed=
2026-09-21 22:54:42 OK port 18181 [quick] height=47084 peers=2 p2p=aligned aligned=True failed=
2026-09-21 22:54:42 OK port 18182 [quick] height=47084 peers=2 p2p=aligned aligned=True failed=
2026-09-21 22:54:42 OK mesh aligned 18180:h47084/p2 18181:h47084/p2 18182:h47084/p2
2026-09-21 22:59:43 OK port 18180 [full] height=47103 peers=2 p2p=aligned aligned=True failed=
2026-09-21 22:59:43 OK port 18181 [full] height=47103 peers=2 p2p=aligned aligned=True failed=
2026-09-21 22:59:43 OK port 18182 [full] height=47103 peers=2 p2p=aligned aligned=True failed=
2026-09-21 22:59:43 OK mesh aligned 18180:h47103/p2 18181:h47103/p2 18182:h47103/p2
2026-09-21 23:04:44 OK port 18180 [quick] height=47122 peers=2 p2p=aligned aligned=True failed=
2026-09-21 23:04:44 OK port 18181 [quick] height=47122 peers=2 p2p=aligned aligned=True failed=
2026-09-21 23:04:44 OK port 18182 [quick] height=47122 peers=2 p2p=aligned aligned=True failed=
2026-09-21 23:04:44 OK mesh aligned 18180:h47122/p2 18181:h47122/p2 18182:h47122/p2
2026-09-21 23:09:45 OK port 18180 [quick] height=47141 peers=2 p2p=aligned aligned=True failed=
2026-09-21 23:09:45 OK port 18181 [quick] height=47141 peers=2 p2p=aligned aligned=True failed=
2026-09-21 23:09:45 OK port 18182 [quick] height=47141 peers=2 p2p=aligned aligned=True failed=
2026-09-21 23:09:45 OK mesh aligned 18180:h47141/p2 18181:h47141/p2 18182:h47141/p2
2026-09-21 23:14:47 OK port 18180 [quick] height=47160 peers=2 p2p=aligned aligned=True failed=
2026-09-21 23:14:47 OK port 18181 [quick] height=47160 peers=2 p2p=aligned aligned=True failed=
2026-09-21 23:14:47 OK port 18182 [quick] height=47160 peers=2 p2p=aligned aligned=True failed=
2026-09-21 23:14:47 OK mesh aligned 18180:h47160/p2 18181:h47160/p2 18182:h47160/p2
2026-09-21 23:19:48 OK port 18180 [quick] height=47179 peers=2 p2p=aligned aligned=True failed=
2026-09-21 23:19:48 OK port 18181 [quick] height=47179 peers=2 p2p=aligned aligned=True failed=
2026-09-21 23:19:48 OK port 18182 [quick] height=47179 peers=2 p2p=aligned aligned=True failed=
2026-09-21 23:19:48 OK mesh aligned 18180:h47179/p2 18181:h47179/p2 18182:h47179/p2
2026-09-21 23:24:51 OK port 18180 [quick] height=47198 peers=2 p2p=aligned aligned=True failed=
2026-09-21 23:24:51 OK port 18181 [quick] height=47198 peers=2 p2p=aligned aligned=True failed=
2026-09-21 23:24:52 OK port 18182 [quick] height=47198 peers=2 p2p=aligned aligned=True failed=
2026-09-21 23:24:52 OK mesh aligned 18180:h47198/p2 18181:h47198/p2 18182:h47198/p2
2026-09-21 23:29:54 OK port 18180 [full] height=47218 peers=2 p2p=aligned aligned=True failed=
2026-09-21 23:29:54 OK port 18181 [full] height=47217 peers=2 p2p=tip_skew aligned=True failed=
2026-09-21 23:29:54 OK port 18182 [full] height=47217 peers=2 p2p=tip_skew aligned=True failed=
2026-09-21 23:29:54 OK mesh aligned 18180:h47218/p2 18181:h47217/p2 18182:h47217/p2 transient_delta=1
2026-09-21 23:34:55 OK port 18180 [quick] height=47237 peers=2 p2p=aligned aligned=True failed=
2026-09-21 23:34:55 OK port 18181 [quick] height=47237 peers=2 p2p=aligned aligned=True failed=
2026-09-21 23:34:55 OK port 18182 [quick] height=47237 peers=2 p2p=aligned aligned=True failed=
2026-09-21 23:34:55 OK mesh aligned 18180:h47237/p2 18181:h47237/p2 18182:h47237/p2
2026-09-21 23:39:56 OK port 18180 [quick] height=47256 peers=2 p2p=aligned aligned=True failed=
2026-09-21 23:39:56 OK port 18181 [quick] height=47256 peers=2 p2p=aligned aligned=True failed=
2026-09-21 23:39:57 OK port 18182 [quick] height=47256 peers=2 p2p=aligned aligned=True failed=
2026-09-21 23:39:57 OK mesh aligned 18180:h47256/p2 18181:h47256/p2 18182:h47256/p2
2026-09-21 23:45:00 OK port 18180 [quick] height=47275 peers=2 p2p=tip_skew aligned=True failed=
2026-09-21 23:45:00 OK port 18181 [quick] height=47274 peers=2 p2p=aligned aligned=True failed=
2026-09-21 23:45:00 OK port 18182 [quick] height=47274 peers=2 p2p=tip_skew aligned=True failed=
2026-09-21 23:45:00 OK mesh aligned 18180:h47275/p2 18181:h47274/p2 18182:h47274/p2 transient_delta=1
2026-09-21 23:50:01 OK port 18180 [quick] height=47294 peers=2 p2p=aligned aligned=True failed=
2026-09-21 23:50:01 OK port 18181 [quick] height=47294 peers=2 p2p=aligned aligned=True failed=
2026-09-21 23:50:01 OK port 18182 [quick] height=47294 peers=2 p2p=aligned aligned=True failed=
2026-09-21 23:50:01 OK mesh aligned 18180:h47294/p2 18181:h47294/p2 18182:h47294/p2
2026-09-21 23:55:03 OK port 18180 [quick] height=47313 peers=2 p2p=tip_skew aligned=True failed=
2026-09-21 23:55:03 OK port 18181 [quick] height=47313 peers=2 p2p=aligned aligned=True failed=
2026-09-21 23:55:03 OK port 18182 [quick] height=47313 peers=2 p2p=aligned aligned=True failed=
2026-09-21 23:55:03 OK mesh aligned 18180:h47313/p2 18181:h47313/p2 18182:h47313/p2
2026-09-22 00:00:05 OK port 18180 [full] height=47332 peers=2 p2p=aligned aligned=True failed=
2026-09-22 00:00:05 OK port 18181 [full] height=47332 peers=2 p2p=aligned aligned=True failed=
2026-09-22 00:00:05 OK port 18182 [full] height=47332 peers=2 p2p=aligned aligned=True failed=
2026-09-22 00:00:05 OK mesh aligned 18180:h47332/p2 18181:h47332/p2 18182:h47332/p2
2026-09-22 00:05:06 OK port 18180 [quick] height=47351 peers=2 p2p=aligned aligned=True failed=
2026-09-22 00:05:06 OK port 18181 [quick] height=47351 peers=2 p2p=aligned aligned=True failed=
2026-09-22 00:05:06 OK port 18182 [quick] height=47351 peers=2 p2p=aligned aligned=True failed=
2026-09-22 00:05:06 OK mesh aligned 18180:h47351/p2 18181:h47351/p2 18182:h47351/p2
2026-09-22 00:10:08 OK port 18180 [quick] height=47370 peers=2 p2p=aligned aligned=True failed=
2026-09-22 00:10:08 OK port 18181 [quick] height=47370 peers=2 p2p=aligned aligned=True failed=
2026-09-22 00:10:08 OK port 18182 [quick] height=47370 peers=2 p2p=aligned aligned=True failed=
2026-09-22 00:10:08 OK mesh aligned 18180:h47370/p2 18181:h47370/p2 18182:h47370/p2
2026-09-22 00:15:09 OK port 18180 [quick] height=47389 peers=2 p2p=aligned aligned=True failed=
2026-09-22 00:15:09 OK port 18181 [quick] height=47389 peers=2 p2p=aligned aligned=True failed=
2026-09-22 00:15:09 OK port 18182 [quick] height=47389 peers=2 p2p=aligned aligned=True failed=
2026-09-22 00:15:09 OK mesh aligned 18180:h47389/p2 18181:h47389/p2 18182:h47389/p2
2026-09-22 00:20:10 OK port 18180 [quick] height=47408 peers=2 p2p=aligned aligned=True failed=
2026-09-22 00:20:10 OK port 18181 [quick] height=47408 peers=2 p2p=aligned aligned=True failed=
2026-09-22 00:20:10 OK port 18182 [quick] height=47408 peers=2 p2p=aligned aligned=True failed=
2026-09-22 00:20:10 OK mesh aligned 18180:h47408/p2 18181:h47408/p2 18182:h47408/p2
2026-09-22 00:25:11 OK port 18180 [quick] height=47427 peers=2 p2p=aligned aligned=True failed=
2026-09-22 00:25:11 OK port 18181 [quick] height=47427 peers=2 p2p=aligned aligned=True failed=
2026-09-22 00:25:11 OK port 18182 [quick] height=47427 peers=2 p2p=aligned aligned=True failed=
2026-09-22 00:25:11 OK mesh aligned 18180:h47427/p2 18181:h47427/p2 18182:h47427/p2
2026-09-22 00:30:13 OK port 18180 [full] height=47446 peers=2 p2p=tip_skew aligned=True failed=
2026-09-22 00:30:13 OK port 18181 [full] height=47446 peers=2 p2p=aligned aligned=True failed=
2026-09-22 00:30:13 OK port 18182 [full] height=47446 peers=2 p2p=aligned aligned=True failed=
2026-09-22 00:30:13 OK mesh aligned 18180:h47446/p2 18181:h47446/p2 18182:h47446/p2
2026-09-22 00:35:15 OK port 18180 [quick] height=47465 peers=2 p2p=aligned aligned=True failed=
2026-09-22 00:35:15 OK port 18181 [quick] height=47465 peers=2 p2p=aligned aligned=True failed=
2026-09-22 00:35:15 OK port 18182 [quick] height=47465 peers=2 p2p=aligned aligned=True failed=
2026-09-22 00:35:15 OK mesh aligned 18180:h47465/p2 18181:h47465/p2 18182:h47465/p2
2026-09-22 00:40:16 OK port 18180 [quick] height=47484 peers=2 p2p=aligned aligned=True failed=
2026-09-22 00:40:16 OK port 18181 [quick] height=47484 peers=2 p2p=aligned aligned=True failed=
2026-09-22 00:40:16 OK port 18182 [quick] height=47484 peers=2 p2p=aligned aligned=True failed=
2026-09-22 00:40:16 OK mesh aligned 18180:h47484/p2 18181:h47484/p2 18182:h47484/p2
2026-09-22 00:45:17 OK port 18180 [quick] height=47503 peers=2 p2p=aligned aligned=True failed=
2026-09-22 00:45:17 OK port 18181 [quick] height=47503 peers=2 p2p=aligned aligned=True failed=
2026-09-22 00:45:17 OK port 18182 [quick] height=47503 peers=2 p2p=aligned aligned=True failed=
2026-09-22 00:45:17 OK mesh aligned 18180:h47503/p2 18181:h47503/p2 18182:h47503/p2
2026-09-22 00:50:18 OK port 18180 [quick] height=47522 peers=2 p2p=aligned aligned=True failed=
2026-09-22 00:50:18 OK port 18181 [quick] height=47522 peers=2 p2p=aligned aligned=True failed=
2026-09-22 00:50:18 OK port 18182 [quick] height=47522 peers=2 p2p=aligned aligned=True failed=
2026-09-22 00:50:18 OK mesh aligned 18180:h47522/p2 18181:h47522/p2 18182:h47522/p2
2026-09-22 00:55:20 OK port 18180 [quick] height=47541 peers=2 p2p=aligned aligned=True failed=
2026-09-22 00:55:20 OK port 18181 [quick] height=47541 peers=2 p2p=aligned aligned=True failed=
2026-09-22 00:55:20 OK port 18182 [quick] height=47541 peers=2 p2p=aligned aligned=True failed=
2026-09-22 00:55:20 OK mesh aligned 18180:h47541/p2 18181:h47541/p2 18182:h47541/p2
2026-09-22 01:00:21 OK port 18180 [full] height=47560 peers=2 p2p=aligned aligned=True failed=
2026-09-22 01:00:21 OK port 18181 [full] height=47560 peers=2 p2p=aligned aligned=True failed=
2026-09-22 01:00:21 OK port 18182 [full] height=47560 peers=2 p2p=aligned aligned=True failed=
2026-09-22 01:00:21 OK mesh aligned 18180:h47560/p2 18181:h47560/p2 18182:h47560/p2
2026-09-22 01:05:22 OK port 18180 [quick] height=47579 peers=2 p2p=aligned aligned=True failed=
2026-09-22 01:05:22 OK port 18181 [quick] height=47579 peers=2 p2p=aligned aligned=True failed=
2026-09-22 01:05:22 OK port 18182 [quick] height=47579 peers=2 p2p=aligned aligned=True failed=
2026-09-22 01:05:22 OK mesh aligned 18180:h47579/p2 18181:h47579/p2 18182:h47579/p2
2026-09-22 01:10:23 OK port 18180 [quick] height=47598 peers=2 p2p=aligned aligned=True failed=
2026-09-22 01:10:23 OK port 18181 [quick] height=47598 peers=2 p2p=aligned aligned=True failed=
2026-09-22 01:10:23 OK port 18182 [quick] height=47598 peers=2 p2p=aligned aligned=True failed=
2026-09-22 01:10:23 OK mesh aligned 18180:h47598/p2 18181:h47598/p2 18182:h47598/p2
2026-09-22 01:15:24 OK port 18180 [quick] height=47617 peers=2 p2p=aligned aligned=True failed=
2026-09-22 01:15:24 OK port 18181 [quick] height=47617 peers=2 p2p=aligned aligned=True failed=
2026-09-22 01:15:24 OK port 18182 [quick] height=47617 peers=2 p2p=aligned aligned=True failed=
2026-09-22 01:15:24 OK mesh aligned 18180:h47617/p2 18181:h47617/p2 18182:h47617/p2
2026-09-22 01:20:27 OK port 18180 [quick] height=47636 peers=2 p2p=tip_skew aligned=True failed=
2026-09-22 01:20:27 OK port 18181 [quick] height=47635 peers=2 p2p=aligned aligned=True failed=
2026-09-22 01:20:27 OK port 18182 [quick] height=47636 peers=2 p2p=tip_skew aligned=True failed=
2026-09-22 01:20:27 OK mesh aligned 18180:h47636/p2 18181:h47635/p2 18182:h47636/p2 transient_delta=1
2026-09-22 01:25:28 OK port 18180 [quick] height=47655 peers=2 p2p=aligned aligned=True failed=
2026-09-22 01:25:28 OK port 18181 [quick] height=47655 peers=2 p2p=aligned aligned=True failed=
2026-09-22 01:25:28 OK port 18182 [quick] height=47655 peers=2 p2p=aligned aligned=True failed=
2026-09-22 01:25:28 OK mesh aligned 18180:h47655/p2 18181:h47655/p2 18182:h47655/p2
2026-09-22 01:30:29 OK port 18180 [full] height=47674 peers=2 p2p=aligned aligned=True failed=
2026-09-22 01:30:29 OK port 18181 [full] height=47674 peers=2 p2p=aligned aligned=True failed=
2026-09-22 01:30:29 OK port 18182 [full] height=47674 peers=2 p2p=aligned aligned=True failed=
2026-09-22 01:30:29 OK mesh aligned 18180:h47674/p2 18181:h47674/p2 18182:h47674/p2
2026-09-22 01:35:30 OK port 18180 [quick] height=47693 peers=2 p2p=aligned aligned=True failed=
2026-09-22 01:35:30 OK port 18181 [quick] height=47693 peers=2 p2p=aligned aligned=True failed=
2026-09-22 01:35:30 OK port 18182 [quick] height=47693 peers=2 p2p=aligned aligned=True failed=
2026-09-22 01:35:30 OK mesh aligned 18180:h47693/p2 18181:h47693/p2 18182:h47693/p2
2026-09-22 01:40:32 OK port 18180 [quick] height=47712 peers=2 p2p=tip_skew aligned=True failed=
2026-09-22 01:40:32 OK port 18181 [quick] height=47712 peers=2 p2p=aligned aligned=True failed=
2026-09-22 01:40:32 OK port 18182 [quick] height=47712 peers=2 p2p=aligned aligned=True failed=
2026-09-22 01:40:32 OK mesh aligned 18180:h47712/p2 18181:h47712/p2 18182:h47712/p2
2026-09-22 01:45:34 OK port 18180 [quick] height=47731 peers=2 p2p=aligned aligned=True failed=
2026-09-22 01:45:34 OK port 18181 [quick] height=47731 peers=2 p2p=aligned aligned=True failed=
2026-09-22 01:45:34 OK port 18182 [quick] height=47731 peers=2 p2p=aligned aligned=True failed=
2026-09-22 01:45:34 OK mesh aligned 18180:h47731/p2 18181:h47731/p2 18182:h47731/p2
2026-09-22 01:50:35 OK port 18180 [quick] height=47750 peers=2 p2p=aligned aligned=True failed=
2026-09-22 01:50:35 OK port 18181 [quick] height=47750 peers=2 p2p=aligned aligned=True failed=
2026-09-22 01:50:35 OK port 18182 [quick] height=47750 peers=2 p2p=aligned aligned=True failed=
2026-09-22 01:50:35 OK mesh aligned 18180:h47750/p2 18181:h47750/p2 18182:h47750/p2
2026-09-22 01:55:36 OK port 18180 [quick] height=47769 peers=2 p2p=aligned aligned=True failed=
2026-09-22 01:55:36 OK port 18181 [quick] height=47769 peers=2 p2p=aligned aligned=True failed=
2026-09-22 01:55:36 OK port 18182 [quick] height=47769 peers=2 p2p=aligned aligned=True failed=
2026-09-22 01:55:36 OK mesh aligned 18180:h47769/p2 18181:h47769/p2 18182:h47769/p2
2026-09-22 02:00:38 OK port 18180 [full] height=47788 peers=2 p2p=aligned aligned=True failed=
2026-09-22 02:00:38 OK port 18181 [full] height=47788 peers=2 p2p=aligned aligned=True failed=
2026-09-22 02:00:38 OK port 18182 [full] height=47788 peers=2 p2p=aligned aligned=True failed=
2026-09-22 02:00:38 OK mesh aligned 18180:h47788/p2 18181:h47788/p2 18182:h47788/p2
2026-09-22 02:05:39 OK port 18180 [quick] height=47807 peers=2 p2p=aligned aligned=True failed=
2026-09-22 02:05:39 OK port 18181 [quick] height=47807 peers=2 p2p=aligned aligned=True failed=
2026-09-22 02:05:39 OK port 18182 [quick] height=47807 peers=2 p2p=aligned aligned=True failed=
2026-09-22 02:05:39 OK mesh aligned 18180:h47807/p2 18181:h47807/p2 18182:h47807/p2
2026-09-22 02:10:41 OK port 18180 [quick] height=47826 peers=2 p2p=aligned aligned=True failed=
2026-09-22 02:10:41 OK port 18181 [quick] height=47826 peers=2 p2p=aligned aligned=True failed=
2026-09-22 02:10:41 OK port 18182 [quick] height=47826 peers=2 p2p=aligned aligned=True failed=
2026-09-22 02:10:41 OK mesh aligned 18180:h47826/p2 18181:h47826/p2 18182:h47826/p2
2026-09-22 02:15:42 OK port 18180 [quick] height=47845 peers=2 p2p=aligned aligned=True failed=
2026-09-22 02:15:42 OK port 18181 [quick] height=47845 peers=2 p2p=aligned aligned=True failed=
2026-09-22 02:15:42 OK port 18182 [quick] height=47845 peers=2 p2p=aligned aligned=True failed=
2026-09-22 02:15:42 OK mesh aligned 18180:h47845/p2 18181:h47845/p2 18182:h47845/p2
2026-09-22 02:20:44 OK port 18180 [quick] height=47864 peers=2 p2p=aligned aligned=True failed=
2026-09-22 02:20:44 OK port 18181 [quick] height=47864 peers=2 p2p=aligned aligned=True failed=
2026-09-22 02:20:44 OK port 18182 [quick] height=47864 peers=2 p2p=aligned aligned=True failed=
2026-09-22 02:20:44 OK mesh aligned 18180:h47864/p2 18181:h47864/p2 18182:h47864/p2
2026-09-22 02:25:45 OK port 18180 [quick] height=47883 peers=2 p2p=aligned aligned=True failed=
2026-09-22 02:25:45 OK port 18181 [quick] height=47883 peers=2 p2p=aligned aligned=True failed=
2026-09-22 02:25:45 OK port 18182 [quick] height=47883 peers=2 p2p=aligned aligned=True failed=
2026-09-22 02:25:45 OK mesh aligned 18180:h47883/p2 18181:h47883/p2 18182:h47883/p2
2026-09-22 02:30:47 OK port 18180 [full] height=47902 peers=2 p2p=aligned aligned=True failed=
2026-09-22 02:30:47 OK port 18181 [full] height=47902 peers=2 p2p=aligned aligned=True failed=
2026-09-22 02:30:47 OK port 18182 [full] height=47902 peers=2 p2p=aligned aligned=True failed=
2026-09-22 02:30:47 OK mesh aligned 18180:h47902/p2 18181:h47902/p2 18182:h47902/p2
2026-09-22 02:35:48 OK port 18180 [quick] height=47921 peers=2 p2p=aligned aligned=True failed=
2026-09-22 02:35:48 OK port 18181 [quick] height=47921 peers=2 p2p=aligned aligned=True failed=
2026-09-22 02:35:48 OK port 18182 [quick] height=47921 peers=2 p2p=aligned aligned=True failed=
2026-09-22 02:35:48 OK mesh aligned 18180:h47921/p2 18181:h47921/p2 18182:h47921/p2
2026-09-22 02:40:50 OK port 18180 [quick] height=47940 peers=2 p2p=aligned aligned=True failed=
2026-09-22 02:40:50 OK port 18181 [quick] height=47940 peers=2 p2p=aligned aligned=True failed=
2026-09-22 02:40:50 OK port 18182 [quick] height=47940 peers=2 p2p=aligned aligned=True failed=
2026-09-22 02:40:50 OK mesh aligned 18180:h47940/p2 18181:h47940/p2 18182:h47940/p2
2026-09-22 02:45:52 OK port 18180 [quick] height=47959 peers=2 p2p=aligned aligned=True failed=
2026-09-22 02:45:52 OK port 18181 [quick] height=47959 peers=2 p2p=aligned aligned=True failed=
2026-09-22 02:45:52 OK port 18182 [quick] height=47959 peers=2 p2p=aligned aligned=True failed=
2026-09-22 02:45:52 OK mesh aligned 18180:h47959/p2 18181:h47959/p2 18182:h47959/p2
2026-09-22 02:50:54 OK port 18180 [quick] height=47978 peers=2 p2p=aligned aligned=True failed=
2026-09-22 02:50:54 OK port 18181 [quick] height=47978 peers=2 p2p=aligned aligned=True failed=
2026-09-22 02:50:54 OK port 18182 [quick] height=47978 peers=2 p2p=aligned aligned=True failed=
2026-09-22 02:50:54 OK mesh aligned 18180:h47978/p2 18181:h47978/p2 18182:h47978/p2
2026-09-22 02:55:56 OK port 18180 [quick] height=47997 peers=2 p2p=aligned aligned=True failed=
2026-09-22 02:55:56 OK port 18181 [quick] height=47997 peers=2 p2p=aligned aligned=True failed=
2026-09-22 02:55:56 OK port 18182 [quick] height=47997 peers=2 p2p=aligned aligned=True failed=
2026-09-22 02:55:56 OK mesh aligned 18180:h47997/p2 18181:h47997/p2 18182:h47997/p2
2026-09-22 03:00:58 OK port 18180 [full] height=48015 peers=2 p2p=aligned aligned=True failed=
2026-09-22 03:00:58 OK port 18181 [full] height=48015 peers=2 p2p=aligned aligned=True failed=
2026-09-22 03:00:58 OK port 18182 [full] height=48015 peers=2 p2p=aligned aligned=True failed=
2026-09-22 03:00:58 OK mesh aligned 18180:h48015/p2 18181:h48015/p2 18182:h48015/p2
2026-09-22 03:05:59 OK port 18180 [quick] height=48034 peers=2 p2p=aligned aligned=True failed=
2026-09-22 03:05:59 OK port 18181 [quick] height=48034 peers=2 p2p=aligned aligned=True failed=
2026-09-22 03:05:59 OK port 18182 [quick] height=48034 peers=2 p2p=aligned aligned=True failed=
2026-09-22 03:05:59 OK mesh aligned 18180:h48034/p2 18181:h48034/p2 18182:h48034/p2
2026-09-22 03:11:00 OK port 18180 [quick] height=48053 peers=2 p2p=aligned aligned=True failed=
2026-09-22 03:11:00 OK port 18181 [quick] height=48053 peers=2 p2p=aligned aligned=True failed=
2026-09-22 03:11:00 OK port 18182 [quick] height=48053 peers=2 p2p=aligned aligned=True failed=
2026-09-22 03:11:00 OK mesh aligned 18180:h48053/p2 18181:h48053/p2 18182:h48053/p2
2026-09-22 03:16:02 OK port 18180 [quick] height=48072 peers=2 p2p=aligned aligned=True failed=
2026-09-22 03:16:02 OK port 18181 [quick] height=48072 peers=2 p2p=aligned aligned=True failed=
2026-09-22 03:16:02 OK port 18182 [quick] height=48072 peers=2 p2p=aligned aligned=True failed=
2026-09-22 03:16:02 OK mesh aligned 18180:h48072/p2 18181:h48072/p2 18182:h48072/p2
2026-09-22 03:21:03 OK port 18180 [quick] height=48091 peers=2 p2p=aligned aligned=True failed=
2026-09-22 03:21:03 OK port 18181 [quick] height=48091 peers=2 p2p=aligned aligned=True failed=
2026-09-22 03:21:03 OK port 18182 [quick] height=48091 peers=2 p2p=aligned aligned=True failed=
2026-09-22 03:21:03 OK mesh aligned 18180:h48091/p2 18181:h48091/p2 18182:h48091/p2
2026-09-22 03:26:04 OK port 18180 [quick] height=48110 peers=2 p2p=aligned aligned=True failed=
2026-09-22 03:26:04 OK port 18181 [quick] height=48110 peers=2 p2p=aligned aligned=True failed=
2026-09-22 03:26:04 OK port 18182 [quick] height=48110 peers=2 p2p=aligned aligned=True failed=
2026-09-22 03:26:04 OK mesh aligned 18180:h48110/p2 18181:h48110/p2 18182:h48110/p2
2026-09-22 03:31:05 OK port 18180 [full] height=48129 peers=2 p2p=aligned aligned=True failed=
2026-09-22 03:31:06 OK port 18181 [full] height=48129 peers=2 p2p=aligned aligned=True failed=
2026-09-22 03:31:06 OK port 18182 [full] height=48129 peers=2 p2p=aligned aligned=True failed=
2026-09-22 03:31:06 OK mesh aligned 18180:h48129/p2 18181:h48129/p2 18182:h48129/p2
2026-09-22 03:36:07 OK port 18180 [quick] height=48148 peers=2 p2p=aligned aligned=True failed=
2026-09-22 03:36:07 OK port 18181 [quick] height=48148 peers=2 p2p=aligned aligned=True failed=
2026-09-22 03:36:07 OK port 18182 [quick] height=48148 peers=2 p2p=aligned aligned=True failed=
2026-09-22 03:36:07 OK mesh aligned 18180:h48148/p2 18181:h48148/p2 18182:h48148/p2
2026-09-22 03:41:08 OK port 18180 [quick] height=48167 peers=2 p2p=aligned aligned=True failed=
2026-09-22 03:41:08 OK port 18181 [quick] height=48167 peers=2 p2p=aligned aligned=True failed=
2026-09-22 03:41:08 OK port 18182 [quick] height=48167 peers=2 p2p=aligned aligned=True failed=
2026-09-22 03:41:08 OK mesh aligned 18180:h48167/p2 18181:h48167/p2 18182:h48167/p2
2026-09-22 03:46:09 OK port 18180 [quick] height=48186 peers=2 p2p=aligned aligned=True failed=
2026-09-22 03:46:09 OK port 18181 [quick] height=48186 peers=2 p2p=aligned aligned=True failed=
2026-09-22 03:46:09 OK port 18182 [quick] height=48186 peers=2 p2p=aligned aligned=True failed=
2026-09-22 03:46:09 OK mesh aligned 18180:h48186/p2 18181:h48186/p2 18182:h48186/p2
2026-09-22 03:51:10 OK port 18180 [quick] height=48205 peers=2 p2p=aligned aligned=True failed=
2026-09-22 03:51:10 OK port 18181 [quick] height=48205 peers=2 p2p=aligned aligned=True failed=
2026-09-22 03:51:10 OK port 18182 [quick] height=48205 peers=2 p2p=aligned aligned=True failed=
2026-09-22 03:51:10 OK mesh aligned 18180:h48205/p2 18181:h48205/p2 18182:h48205/p2
2026-09-22 03:56:11 OK port 18180 [quick] height=48224 peers=2 p2p=aligned aligned=True failed=
2026-09-22 03:56:11 OK port 18181 [quick] height=48224 peers=2 p2p=aligned aligned=True failed=
2026-09-22 03:56:11 OK port 18182 [quick] height=48224 peers=2 p2p=aligned aligned=True failed=
2026-09-22 03:56:11 OK mesh aligned 18180:h48224/p2 18181:h48224/p2 18182:h48224/p2
2026-09-22 04:01:13 OK port 18180 [full] height=48243 peers=2 p2p=aligned aligned=True failed=
2026-09-22 04:01:13 OK port 18181 [full] height=48243 peers=2 p2p=aligned aligned=True failed=
2026-09-22 04:01:13 OK port 18182 [full] height=48243 peers=2 p2p=aligned aligned=True failed=
2026-09-22 04:01:13 OK mesh aligned 18180:h48243/p2 18181:h48243/p2 18182:h48243/p2
2026-09-22 04:06:14 OK port 18180 [quick] height=48262 peers=2 p2p=aligned aligned=True failed=
2026-09-22 04:06:14 OK port 18181 [quick] height=48262 peers=2 p2p=aligned aligned=True failed=
2026-09-22 04:06:14 OK port 18182 [quick] height=48262 peers=2 p2p=aligned aligned=True failed=
2026-09-22 04:06:14 OK mesh aligned 18180:h48262/p2 18181:h48262/p2 18182:h48262/p2
2026-09-22 04:11:16 OK port 18180 [quick] height=48281 peers=2 p2p=aligned aligned=True failed=
2026-09-22 04:11:16 OK port 18181 [quick] height=48281 peers=2 p2p=aligned aligned=True failed=
2026-09-22 04:11:16 OK port 18182 [quick] height=48281 peers=2 p2p=aligned aligned=True failed=
2026-09-22 04:11:16 OK mesh aligned 18180:h48281/p2 18181:h48281/p2 18182:h48281/p2
2026-09-22 04:16:17 OK port 18180 [quick] height=48300 peers=2 p2p=aligned aligned=True failed=
2026-09-22 04:16:17 OK port 18181 [quick] height=48300 peers=2 p2p=aligned aligned=True failed=
2026-09-22 04:16:17 OK port 18182 [quick] height=48300 peers=2 p2p=aligned aligned=True failed=
2026-09-22 04:16:17 OK mesh aligned 18180:h48300/p2 18181:h48300/p2 18182:h48300/p2
2026-09-22 04:21:19 OK port 18180 [quick] height=48319 peers=2 p2p=aligned aligned=True failed=
2026-09-22 04:21:19 OK port 18181 [quick] height=48319 peers=2 p2p=aligned aligned=True failed=
2026-09-22 04:21:19 OK port 18182 [quick] height=48319 peers=2 p2p=aligned aligned=True failed=
2026-09-22 04:21:19 OK mesh aligned 18180:h48319/p2 18181:h48319/p2 18182:h48319/p2
2026-09-22 04:26:20 OK port 18180 [quick] height=48338 peers=2 p2p=aligned aligned=True failed=
2026-09-22 04:26:20 OK port 18181 [quick] height=48338 peers=2 p2p=aligned aligned=True failed=
2026-09-22 04:26:20 OK port 18182 [quick] height=48338 peers=2 p2p=aligned aligned=True failed=
2026-09-22 04:26:20 OK mesh aligned 18180:h48338/p2 18181:h48338/p2 18182:h48338/p2
2026-09-22 04:31:21 OK port 18180 [full] height=48357 peers=2 p2p=aligned aligned=True failed=
2026-09-22 04:31:21 OK port 18181 [full] height=48357 peers=2 p2p=aligned aligned=True failed=
2026-09-22 04:31:21 OK port 18182 [full] height=48357 peers=2 p2p=aligned aligned=True failed=
2026-09-22 04:31:21 OK mesh aligned 18180:h48357/p2 18181:h48357/p2 18182:h48357/p2
2026-09-22 04:36:24 OK port 18180 [quick] height=48376 peers=2 p2p=tip_skew aligned=True failed=
2026-09-22 04:36:24 OK port 18181 [quick] height=48376 peers=2 p2p=aligned aligned=True failed=
2026-09-22 04:36:24 OK port 18182 [quick] height=48376 peers=2 p2p=aligned aligned=True failed=
2026-09-22 04:36:24 OK mesh aligned 18180:h48376/p2 18181:h48376/p2 18182:h48376/p2
2026-09-22 04:41:27 OK port 18180 [quick] height=48394 peers=2 p2p=aligned aligned=True failed=
2026-09-22 04:41:27 OK port 18181 [quick] height=48394 peers=2 p2p=aligned aligned=True failed=
2026-09-22 04:41:27 OK port 18182 [quick] height=48394 peers=2 p2p=aligned aligned=True failed=
2026-09-22 04:41:27 OK mesh aligned 18180:h48394/p2 18181:h48394/p2 18182:h48394/p2
2026-09-22 04:46:29 OK port 18180 [quick] height=48414 peers=2 p2p=aligned aligned=True failed=
2026-09-22 04:46:29 OK port 18181 [quick] height=48414 peers=2 p2p=aligned aligned=True failed=
2026-09-22 04:46:29 OK port 18182 [quick] height=48414 peers=2 p2p=aligned aligned=True failed=
2026-09-22 04:46:29 OK mesh aligned 18180:h48414/p2 18181:h48414/p2 18182:h48414/p2
2026-09-22 04:51:31 OK port 18180 [quick] height=48433 peers=2 p2p=aligned aligned=True failed=
2026-09-22 04:51:31 OK port 18181 [quick] height=48433 peers=2 p2p=aligned aligned=True failed=
2026-09-22 04:51:31 OK port 18182 [quick] height=48433 peers=2 p2p=aligned aligned=True failed=
2026-09-22 04:51:31 OK mesh aligned 18180:h48433/p2 18181:h48433/p2 18182:h48433/p2
2026-09-22 04:56:33 OK port 18180 [quick] height=48452 peers=2 p2p=aligned aligned=True failed=
2026-09-22 04:56:33 OK port 18181 [quick] height=48452 peers=2 p2p=aligned aligned=True failed=
2026-09-22 04:56:33 OK port 18182 [quick] height=48452 peers=2 p2p=aligned aligned=True failed=
2026-09-22 04:56:33 OK mesh aligned 18180:h48452/p2 18181:h48452/p2 18182:h48452/p2
2026-09-22 05:01:34 OK port 18180 [full] height=48471 peers=2 p2p=aligned aligned=True failed=
2026-09-22 05:01:34 OK port 18181 [full] height=48471 peers=2 p2p=aligned aligned=True failed=
2026-09-22 05:01:34 OK port 18182 [full] height=48471 peers=2 p2p=aligned aligned=True failed=
2026-09-22 05:01:34 OK mesh aligned 18180:h48471/p2 18181:h48471/p2 18182:h48471/p2
2026-09-22 05:06:38 OK port 18180 [quick] height=48490 peers=2 p2p=aligned aligned=True failed=
2026-09-22 05:06:38 OK port 18181 [quick] height=48489 peers=2 p2p=aligned aligned=True failed=
2026-09-22 05:06:38 OK port 18182 [quick] height=48490 peers=2 p2p=aligned aligned=True failed=
2026-09-22 05:06:38 OK mesh aligned 18180:h48490/p2 18181:h48489/p2 18182:h48490/p2 transient_delta=1
2026-09-22 05:11:39 OK port 18180 [quick] height=48509 peers=2 p2p=aligned aligned=True failed=
2026-09-22 05:11:39 OK port 18181 [quick] height=48509 peers=2 p2p=aligned aligned=True failed=
2026-09-22 05:11:39 OK port 18182 [quick] height=48509 peers=2 p2p=aligned aligned=True failed=
2026-09-22 05:11:39 OK mesh aligned 18180:h48509/p2 18181:h48509/p2 18182:h48509/p2
2026-09-22 05:16:40 OK port 18180 [quick] height=48528 peers=2 p2p=aligned aligned=True failed=
2026-09-22 05:16:40 OK port 18181 [quick] height=48528 peers=2 p2p=aligned aligned=True failed=
2026-09-22 05:16:40 OK port 18182 [quick] height=48528 peers=2 p2p=aligned aligned=True failed=
2026-09-22 05:16:40 OK mesh aligned 18180:h48528/p2 18181:h48528/p2 18182:h48528/p2
2026-09-22 05:21:41 OK port 18180 [quick] height=48546 peers=2 p2p=aligned aligned=True failed=
2026-09-22 05:21:41 OK port 18181 [quick] height=48546 peers=2 p2p=aligned aligned=True failed=
2026-09-22 05:21:41 OK port 18182 [quick] height=48546 peers=2 p2p=aligned aligned=True failed=
2026-09-22 05:21:41 OK mesh aligned 18180:h48546/p2 18181:h48546/p2 18182:h48546/p2
2026-09-22 05:26:42 OK port 18180 [quick] height=48565 peers=2 p2p=aligned aligned=True failed=
2026-09-22 05:26:42 OK port 18181 [quick] height=48565 peers=2 p2p=aligned aligned=True failed=
2026-09-22 05:26:42 OK port 18182 [quick] height=48565 peers=2 p2p=aligned aligned=True failed=
2026-09-22 05:26:42 OK mesh aligned 18180:h48565/p2 18181:h48565/p2 18182:h48565/p2
2026-09-22 05:31:44 OK port 18180 [full] height=48584 peers=2 p2p=aligned aligned=True failed=
2026-09-22 05:31:44 OK port 18181 [full] height=48584 peers=2 p2p=aligned aligned=True failed=
2026-09-22 05:31:44 OK port 18182 [full] height=48584 peers=2 p2p=aligned aligned=True failed=
2026-09-22 05:31:44 OK mesh aligned 18180:h48584/p2 18181:h48584/p2 18182:h48584/p2
2026-09-22 05:36:45 OK port 18180 [quick] height=48603 peers=2 p2p=aligned aligned=True failed=
2026-09-22 05:36:45 OK port 18181 [quick] height=48603 peers=2 p2p=aligned aligned=True failed=
2026-09-22 05:36:45 OK port 18182 [quick] height=48603 peers=2 p2p=aligned aligned=True failed=
2026-09-22 05:36:45 OK mesh aligned 18180:h48603/p2 18181:h48603/p2 18182:h48603/p2
2026-09-22 05:41:46 OK port 18180 [quick] height=48622 peers=2 p2p=aligned aligned=True failed=
2026-09-22 05:41:46 OK port 18181 [quick] height=48622 peers=2 p2p=aligned aligned=True failed=
2026-09-22 05:41:46 OK port 18182 [quick] height=48622 peers=2 p2p=aligned aligned=True failed=
2026-09-22 05:41:46 OK mesh aligned 18180:h48622/p2 18181:h48622/p2 18182:h48622/p2
2026-09-22 05:46:47 OK port 18180 [quick] height=48641 peers=2 p2p=aligned aligned=True failed=
2026-09-22 05:46:47 OK port 18181 [quick] height=48641 peers=2 p2p=aligned aligned=True failed=
2026-09-22 05:46:47 OK port 18182 [quick] height=48641 peers=2 p2p=aligned aligned=True failed=
2026-09-22 05:46:47 OK mesh aligned 18180:h48641/p2 18181:h48641/p2 18182:h48641/p2
2026-09-22 05:51:49 OK port 18180 [quick] height=48660 peers=2 p2p=aligned aligned=True failed=
2026-09-22 05:51:49 OK port 18181 [quick] height=48660 peers=2 p2p=aligned aligned=True failed=
2026-09-22 05:51:49 OK port 18182 [quick] height=48660 peers=2 p2p=aligned aligned=True failed=
2026-09-22 05:51:49 OK mesh aligned 18180:h48660/p2 18181:h48660/p2 18182:h48660/p2
2026-09-22 05:56:50 OK port 18180 [quick] height=48679 peers=2 p2p=aligned aligned=True failed=
2026-09-22 05:56:50 OK port 18181 [quick] height=48679 peers=2 p2p=aligned aligned=True failed=
2026-09-22 05:56:50 OK port 18182 [quick] height=48679 peers=2 p2p=aligned aligned=True failed=
2026-09-22 05:56:50 OK mesh aligned 18180:h48679/p2 18181:h48679/p2 18182:h48679/p2
2026-09-22 06:01:51 OK port 18180 [full] height=48698 peers=2 p2p=aligned aligned=True failed=
2026-09-22 06:01:51 OK port 18181 [full] height=48698 peers=2 p2p=aligned aligned=True failed=
2026-09-22 06:01:51 OK port 18182 [full] height=48698 peers=2 p2p=aligned aligned=True failed=
2026-09-22 06:01:51 OK mesh aligned 18180:h48698/p2 18181:h48698/p2 18182:h48698/p2
2026-09-22 06:06:54 OK port 18180 [quick] height=48717 peers=2 p2p=tip_skew aligned=True failed=
2026-09-22 06:06:54 OK port 18181 [quick] height=48716 peers=2 p2p=aligned aligned=True failed=
2026-09-22 06:06:54 OK port 18182 [quick] height=48716 peers=2 p2p=tip_skew aligned=True failed=
2026-09-22 06:06:54 OK mesh aligned 18180:h48717/p2 18181:h48716/p2 18182:h48716/p2 transient_delta=1
2026-09-22 06:11:55 OK port 18180 [quick] height=48735 peers=2 p2p=aligned aligned=True failed=
2026-09-22 06:11:55 OK port 18181 [quick] height=48735 peers=2 p2p=aligned aligned=True failed=
2026-09-22 06:11:55 OK port 18182 [quick] height=48735 peers=2 p2p=aligned aligned=True failed=
2026-09-22 06:11:55 OK mesh aligned 18180:h48735/p2 18181:h48735/p2 18182:h48735/p2
2026-09-22 06:16:56 OK port 18180 [quick] height=48754 peers=2 p2p=aligned aligned=True failed=
2026-09-22 06:16:56 OK port 18181 [quick] height=48754 peers=2 p2p=aligned aligned=True failed=
2026-09-22 06:16:56 OK port 18182 [quick] height=48754 peers=2 p2p=aligned aligned=True failed=
2026-09-22 06:16:56 OK mesh aligned 18180:h48754/p2 18181:h48754/p2 18182:h48754/p2
2026-09-22 06:21:57 OK port 18180 [quick] height=48773 peers=2 p2p=aligned aligned=True failed=
2026-09-22 06:21:57 OK port 18181 [quick] height=48773 peers=2 p2p=aligned aligned=True failed=
2026-09-22 06:21:57 OK port 18182 [quick] height=48773 peers=2 p2p=aligned aligned=True failed=
2026-09-22 06:21:57 OK mesh aligned 18180:h48773/p2 18181:h48773/p2 18182:h48773/p2
2026-09-22 06:26:58 OK port 18180 [quick] height=48792 peers=2 p2p=aligned aligned=True failed=
2026-09-22 06:26:59 OK port 18181 [quick] height=48792 peers=2 p2p=aligned aligned=True failed=
2026-09-22 06:26:59 OK port 18182 [quick] height=48792 peers=2 p2p=aligned aligned=True failed=
2026-09-22 06:26:59 OK mesh aligned 18180:h48792/p2 18181:h48792/p2 18182:h48792/p2
2026-09-22 06:31:59 OK port 18180 [full] height=48811 peers=2 p2p=aligned aligned=True failed=
2026-09-22 06:31:59 OK port 18181 [full] height=48811 peers=2 p2p=aligned aligned=True failed=
2026-09-22 06:31:59 OK port 18182 [full] height=48811 peers=2 p2p=aligned aligned=True failed=
2026-09-22 06:31:59 OK mesh aligned 18180:h48811/p2 18181:h48811/p2 18182:h48811/p2
2026-09-22 06:37:01 OK port 18180 [quick] height=48830 peers=2 p2p=aligned aligned=True failed=
2026-09-22 06:37:01 OK port 18181 [quick] height=48830 peers=2 p2p=aligned aligned=True failed=
2026-09-22 06:37:01 OK port 18182 [quick] height=48830 peers=2 p2p=aligned aligned=True failed=
2026-09-22 06:37:01 OK mesh aligned 18180:h48830/p2 18181:h48830/p2 18182:h48830/p2
2026-09-22 06:42:02 OK port 18180 [quick] height=48849 peers=2 p2p=aligned aligned=True failed=
2026-09-22 06:42:02 OK port 18181 [quick] height=48849 peers=2 p2p=aligned aligned=True failed=
2026-09-22 06:42:02 OK port 18182 [quick] height=48849 peers=2 p2p=aligned aligned=True failed=
2026-09-22 06:42:02 OK mesh aligned 18180:h48849/p2 18181:h48849/p2 18182:h48849/p2
2026-09-22 06:47:03 OK port 18180 [quick] height=48868 peers=2 p2p=aligned aligned=True failed=
2026-09-22 06:47:03 OK port 18181 [quick] height=48868 peers=2 p2p=aligned aligned=True failed=
2026-09-22 06:47:03 OK port 18182 [quick] height=48868 peers=2 p2p=aligned aligned=True failed=
2026-09-22 06:47:03 OK mesh aligned 18180:h48868/p2 18181:h48868/p2 18182:h48868/p2
2026-09-22 06:52:04 OK port 18180 [quick] height=48887 peers=2 p2p=aligned aligned=True failed=
2026-09-22 06:52:04 OK port 18181 [quick] height=48887 peers=2 p2p=aligned aligned=True failed=
2026-09-22 06:52:04 OK port 18182 [quick] height=48887 peers=2 p2p=aligned aligned=True failed=
2026-09-22 06:52:04 OK mesh aligned 18180:h48887/p2 18181:h48887/p2 18182:h48887/p2
2026-09-22 06:57:06 OK port 18180 [quick] height=48906 peers=2 p2p=tip_skew aligned=True failed=
2026-09-22 06:57:06 OK port 18181 [quick] height=48906 peers=2 p2p=aligned aligned=True failed=
2026-09-22 06:57:06 OK port 18182 [quick] height=48906 peers=2 p2p=aligned aligned=True failed=
2026-09-22 06:57:06 OK mesh aligned 18180:h48906/p2 18181:h48906/p2 18182:h48906/p2
2026-09-22 07:02:08 OK port 18180 [full] height=48925 peers=2 p2p=aligned aligned=True failed=
2026-09-22 07:02:08 OK port 18181 [full] height=48925 peers=2 p2p=aligned aligned=True failed=
2026-09-22 07:02:08 OK port 18182 [full] height=48925 peers=2 p2p=aligned aligned=True failed=
2026-09-22 07:02:08 OK mesh aligned 18180:h48925/p2 18181:h48925/p2 18182:h48925/p2
2026-09-22 07:07:10 OK port 18180 [quick] height=48944 peers=2 p2p=aligned aligned=True failed=
2026-09-22 07:07:10 OK port 18181 [quick] height=48944 peers=2 p2p=aligned aligned=True failed=
2026-09-22 07:07:10 OK port 18182 [quick] height=48944 peers=2 p2p=aligned aligned=True failed=
2026-09-22 07:07:10 OK mesh aligned 18180:h48944/p2 18181:h48944/p2 18182:h48944/p2
2026-09-22 07:12:11 OK port 18180 [quick] height=48963 peers=2 p2p=aligned aligned=True failed=
2026-09-22 07:12:11 OK port 18181 [quick] height=48963 peers=2 p2p=aligned aligned=True failed=
2026-09-22 07:12:11 OK port 18182 [quick] height=48963 peers=2 p2p=aligned aligned=True failed=
2026-09-22 07:12:11 OK mesh aligned 18180:h48963/p2 18181:h48963/p2 18182:h48963/p2
2026-09-22 07:17:12 OK port 18180 [quick] height=48981 peers=2 p2p=aligned aligned=True failed=
2026-09-22 07:17:12 OK port 18181 [quick] height=48981 peers=2 p2p=aligned aligned=True failed=
2026-09-22 07:17:12 OK port 18182 [quick] height=48981 peers=2 p2p=aligned aligned=True failed=
2026-09-22 07:17:12 OK mesh aligned 18180:h48981/p2 18181:h48981/p2 18182:h48981/p2
2026-09-22 07:22:13 OK port 18180 [quick] height=49000 peers=2 p2p=aligned aligned=True failed=
2026-09-22 07:22:13 OK port 18181 [quick] height=49000 peers=2 p2p=aligned aligned=True failed=
2026-09-22 07:22:13 OK port 18182 [quick] height=49000 peers=2 p2p=aligned aligned=True failed=
2026-09-22 07:22:13 OK mesh aligned 18180:h49000/p2 18181:h49000/p2 18182:h49000/p2
2026-09-22 07:27:15 OK port 18180 [quick] height=49019 peers=2 p2p=aligned aligned=True failed=
2026-09-22 07:27:15 OK port 18181 [quick] height=49019 peers=2 p2p=aligned aligned=True failed=
2026-09-22 07:27:15 OK port 18182 [quick] height=49019 peers=2 p2p=aligned aligned=True failed=
2026-09-22 07:27:15 OK mesh aligned 18180:h49019/p2 18181:h49019/p2 18182:h49019/p2
2026-09-22 07:32:16 OK port 18180 [full] height=49038 peers=2 p2p=aligned aligned=True failed=
2026-09-22 07:32:16 OK port 18181 [full] height=49038 peers=2 p2p=aligned aligned=True failed=
2026-09-22 07:32:16 OK port 18182 [full] height=49038 peers=2 p2p=aligned aligned=True failed=
2026-09-22 07:32:16 OK mesh aligned 18180:h49038/p2 18181:h49038/p2 18182:h49038/p2
2026-09-22 07:37:17 OK port 18180 [quick] height=49057 peers=2 p2p=aligned aligned=True failed=
2026-09-22 07:37:17 OK port 18181 [quick] height=49057 peers=2 p2p=aligned aligned=True failed=
2026-09-22 07:37:17 OK port 18182 [quick] height=49057 peers=2 p2p=aligned aligned=True failed=
2026-09-22 07:37:17 OK mesh aligned 18180:h49057/p2 18181:h49057/p2 18182:h49057/p2
2026-09-22 07:42:18 OK port 18180 [quick] height=49076 peers=2 p2p=aligned aligned=True failed=
2026-09-22 07:42:18 OK port 18181 [quick] height=49076 peers=2 p2p=aligned aligned=True failed=
2026-09-22 07:42:18 OK port 18182 [quick] height=49076 peers=2 p2p=aligned aligned=True failed=
2026-09-22 07:42:18 OK mesh aligned 18180:h49076/p2 18181:h49076/p2 18182:h49076/p2
2026-09-22 07:47:19 OK port 18180 [quick] height=49095 peers=2 p2p=aligned aligned=True failed=
2026-09-22 07:47:19 OK port 18181 [quick] height=49095 peers=2 p2p=aligned aligned=True failed=
2026-09-22 07:47:19 OK port 18182 [quick] height=49095 peers=2 p2p=aligned aligned=True failed=
2026-09-22 07:47:19 OK mesh aligned 18180:h49095/p2 18181:h49095/p2 18182:h49095/p2
2026-09-22 07:52:20 OK port 18180 [quick] height=49114 peers=2 p2p=aligned aligned=True failed=
2026-09-22 07:52:20 OK port 18181 [quick] height=49114 peers=2 p2p=aligned aligned=True failed=
2026-09-22 07:52:20 OK port 18182 [quick] height=49114 peers=2 p2p=aligned aligned=True failed=
2026-09-22 07:52:20 OK mesh aligned 18180:h49114/p2 18181:h49114/p2 18182:h49114/p2
2026-09-22 07:57:21 OK port 18180 [quick] height=49133 peers=2 p2p=aligned aligned=True failed=
2026-09-22 07:57:21 OK port 18181 [quick] height=49133 peers=2 p2p=aligned aligned=True failed=
2026-09-22 07:57:21 OK port 18182 [quick] height=49133 peers=2 p2p=aligned aligned=True failed=
2026-09-22 07:57:21 OK mesh aligned 18180:h49133/p2 18181:h49133/p2 18182:h49133/p2
2026-09-22 08:02:22 OK port 18180 [full] height=49152 peers=2 p2p=aligned aligned=True failed=
2026-09-22 08:02:22 OK port 18181 [full] height=49152 peers=2 p2p=aligned aligned=True failed=
2026-09-22 08:02:22 OK port 18182 [full] height=49152 peers=2 p2p=aligned aligned=True failed=
2026-09-22 08:02:22 OK mesh aligned 18180:h49152/p2 18181:h49152/p2 18182:h49152/p2
2026-09-22 08:07:23 OK port 18180 [quick] height=49171 peers=2 p2p=aligned aligned=True failed=
2026-09-22 08:07:23 OK port 18181 [quick] height=49171 peers=2 p2p=aligned aligned=True failed=
2026-09-22 08:07:23 OK port 18182 [quick] height=49171 peers=2 p2p=aligned aligned=True failed=
2026-09-22 08:07:23 OK mesh aligned 18180:h49171/p2 18181:h49171/p2 18182:h49171/p2
2026-09-22 08:12:25 OK port 18180 [quick] height=49190 peers=2 p2p=aligned aligned=True failed=
2026-09-22 08:12:25 OK port 18181 [quick] height=49190 peers=2 p2p=aligned aligned=True failed=
2026-09-22 08:12:25 OK port 18182 [quick] height=49190 peers=2 p2p=aligned aligned=True failed=
2026-09-22 08:12:25 OK mesh aligned 18180:h49190/p2 18181:h49190/p2 18182:h49190/p2
2026-09-22 08:17:25 OK port 18180 [quick] height=49209 peers=2 p2p=aligned aligned=True failed=
2026-09-22 08:17:25 OK port 18181 [quick] height=49209 peers=2 p2p=aligned aligned=True failed=
2026-09-22 08:17:25 OK port 18182 [quick] height=49209 peers=2 p2p=aligned aligned=True failed=
2026-09-22 08:17:25 OK mesh aligned 18180:h49209/p2 18181:h49209/p2 18182:h49209/p2
2026-09-22 08:22:27 OK port 18180 [quick] height=49228 peers=2 p2p=aligned aligned=True failed=
2026-09-22 08:22:27 OK port 18181 [quick] height=49228 peers=2 p2p=aligned aligned=True failed=
2026-09-22 08:22:27 OK port 18182 [quick] height=49228 peers=2 p2p=aligned aligned=True failed=
2026-09-22 08:22:27 OK mesh aligned 18180:h49228/p2 18181:h49228/p2 18182:h49228/p2
2026-09-22 08:27:28 OK port 18180 [quick] height=49247 peers=2 p2p=aligned aligned=True failed=
2026-09-22 08:27:28 OK port 18181 [quick] height=49247 peers=2 p2p=aligned aligned=True failed=
2026-09-22 08:27:28 OK port 18182 [quick] height=49247 peers=2 p2p=aligned aligned=True failed=
2026-09-22 08:27:28 OK mesh aligned 18180:h49247/p2 18181:h49247/p2 18182:h49247/p2
2026-09-22 08:32:29 OK port 18180 [full] height=49266 peers=2 p2p=aligned aligned=True failed=
2026-09-22 08:32:29 OK port 18181 [full] height=49266 peers=2 p2p=aligned aligned=True failed=
2026-09-22 08:32:29 OK port 18182 [full] height=49266 peers=2 p2p=aligned aligned=True failed=
2026-09-22 08:32:29 OK mesh aligned 18180:h49266/p2 18181:h49266/p2 18182:h49266/p2
2026-09-22 08:37:30 OK port 18180 [quick] height=49285 peers=2 p2p=aligned aligned=True failed=
2026-09-22 08:37:30 OK port 18181 [quick] height=49285 peers=2 p2p=aligned aligned=True failed=
2026-09-22 08:37:30 OK port 18182 [quick] height=49285 peers=2 p2p=aligned aligned=True failed=
2026-09-22 08:37:30 OK mesh aligned 18180:h49285/p2 18181:h49285/p2 18182:h49285/p2
2026-09-22 08:42:34 OK port 18180 [quick] height=49303 peers=2 p2p=aligned aligned=True failed=
2026-09-22 08:42:34 OK port 18181 [quick] height=49303 peers=2 p2p=aligned aligned=True failed=
2026-09-22 08:42:34 OK port 18182 [quick] height=49303 peers=2 p2p=aligned aligned=True failed=
2026-09-22 08:42:34 OK mesh aligned 18180:h49303/p2 18181:h49303/p2 18182:h49303/p2
2026-09-22 08:47:36 OK port 18180 [quick] height=49323 peers=2 p2p=aligned aligned=True failed=
2026-09-22 08:47:36 OK port 18181 [quick] height=49323 peers=2 p2p=aligned aligned=True failed=
2026-09-22 08:47:36 OK port 18182 [quick] height=49323 peers=2 p2p=aligned aligned=True failed=
2026-09-22 08:47:36 OK mesh aligned 18180:h49323/p2 18181:h49323/p2 18182:h49323/p2
2026-09-22 08:52:37 OK port 18180 [quick] height=49342 peers=2 p2p=aligned aligned=True failed=
2026-09-22 08:52:37 OK port 18181 [quick] height=49342 peers=2 p2p=aligned aligned=True failed=
2026-09-22 08:52:37 OK port 18182 [quick] height=49342 peers=2 p2p=aligned aligned=True failed=
2026-09-22 08:52:37 OK mesh aligned 18180:h49342/p2 18181:h49342/p2 18182:h49342/p2
2026-09-22 08:57:38 OK port 18180 [quick] height=49361 peers=2 p2p=aligned aligned=True failed=
2026-09-22 08:57:38 OK port 18181 [quick] height=49361 peers=2 p2p=aligned aligned=True failed=
2026-09-22 08:57:38 OK port 18182 [quick] height=49361 peers=2 p2p=aligned aligned=True failed=
2026-09-22 08:57:38 OK mesh aligned 18180:h49361/p2 18181:h49361/p2 18182:h49361/p2
2026-09-22 09:02:39 OK port 18180 [full] height=49380 peers=2 p2p=aligned aligned=True failed=
2026-09-22 09:02:39 OK port 18181 [full] height=49380 peers=2 p2p=aligned aligned=True failed=
2026-09-22 09:02:39 OK port 18182 [full] height=49380 peers=2 p2p=aligned aligned=True failed=
2026-09-22 09:02:39 OK mesh aligned 18180:h49380/p2 18181:h49380/p2 18182:h49380/p2
2026-09-22 09:07:41 OK port 18180 [quick] height=49399 peers=2 p2p=aligned aligned=True failed=
2026-09-22 09:07:41 OK port 18181 [quick] height=49399 peers=2 p2p=aligned aligned=True failed=
2026-09-22 09:07:41 OK port 18182 [quick] height=49399 peers=2 p2p=aligned aligned=True failed=
2026-09-22 09:07:41 OK mesh aligned 18180:h49399/p2 18181:h49399/p2 18182:h49399/p2
2026-09-22 09:12:42 OK port 18180 [quick] height=49418 peers=2 p2p=aligned aligned=True failed=
2026-09-22 09:12:42 OK port 18181 [quick] height=49418 peers=2 p2p=aligned aligned=True failed=
2026-09-22 09:12:42 OK port 18182 [quick] height=49418 peers=2 p2p=aligned aligned=True failed=
2026-09-22 09:12:42 OK mesh aligned 18180:h49418/p2 18181:h49418/p2 18182:h49418/p2
2026-09-22 09:17:43 OK port 18180 [quick] height=49437 peers=2 p2p=aligned aligned=True failed=
2026-09-22 09:17:43 OK port 18181 [quick] height=49437 peers=2 p2p=aligned aligned=True failed=
2026-09-22 09:17:43 OK port 18182 [quick] height=49437 peers=2 p2p=aligned aligned=True failed=
2026-09-22 09:17:43 OK mesh aligned 18180:h49437/p2 18181:h49437/p2 18182:h49437/p2
2026-09-22 09:22:47 OK port 18180 [quick] height=49456 peers=2 p2p=tip_skew aligned=True failed=
2026-09-22 09:22:47 OK port 18181 [quick] height=49455 peers=2 p2p=aligned aligned=True failed=
2026-09-22 09:22:47 OK port 18182 [quick] height=49455 peers=2 p2p=tip_skew aligned=True failed=
2026-09-22 09:22:47 OK mesh aligned 18180:h49456/p2 18181:h49455/p2 18182:h49455/p2 transient_delta=1
2026-09-22 09:27:49 OK port 18180 [quick] height=49475 peers=2 p2p=tip_skew aligned=True failed=
2026-09-22 09:27:49 OK port 18181 [quick] height=49475 peers=2 p2p=aligned aligned=True failed=
2026-09-22 09:27:49 OK port 18182 [quick] height=49475 peers=2 p2p=aligned aligned=True failed=
2026-09-22 09:27:49 OK mesh aligned 18180:h49475/p2 18181:h49475/p2 18182:h49475/p2
2026-09-22 09:32:51 OK port 18180 [full] height=49494 peers=2 p2p=tip_skew aligned=True failed=
2026-09-22 09:32:51 OK port 18181 [full] height=49493 peers=2 p2p=tip_skew aligned=True failed=
2026-09-22 09:32:51 OK port 18182 [full] height=49494 peers=2 p2p=tip_skew aligned=True failed=
2026-09-22 09:32:51 OK mesh aligned 18180:h49494/p2 18181:h49493/p2 18182:h49494/p2 transient_delta=1
2026-09-22 09:37:52 OK port 18180 [quick] height=49512 peers=2 p2p=aligned aligned=True failed=
2026-09-22 09:37:52 OK port 18181 [quick] height=49512 peers=2 p2p=aligned aligned=True failed=
2026-09-22 09:37:53 OK port 18182 [quick] height=49512 peers=2 p2p=aligned aligned=True failed=
2026-09-22 09:37:53 OK mesh aligned 18180:h49512/p2 18181:h49512/p2 18182:h49512/p2
2026-09-22 09:42:54 OK port 18180 [quick] height=49531 peers=2 p2p=aligned aligned=True failed=
2026-09-22 09:42:54 OK port 18181 [quick] height=49531 peers=2 p2p=aligned aligned=True failed=
2026-09-22 09:42:54 OK port 18182 [quick] height=49531 peers=2 p2p=aligned aligned=True failed=
2026-09-22 09:42:54 OK mesh aligned 18180:h49531/p2 18181:h49531/p2 18182:h49531/p2
2026-09-22 09:47:55 OK port 18180 [quick] height=49550 peers=2 p2p=aligned aligned=True failed=
2026-09-22 09:47:55 OK port 18181 [quick] height=49550 peers=2 p2p=aligned aligned=True failed=
2026-09-22 09:47:55 OK port 18182 [quick] height=49550 peers=2 p2p=aligned aligned=True failed=
2026-09-22 09:47:55 OK mesh aligned 18180:h49550/p2 18181:h49550/p2 18182:h49550/p2
2026-09-22 09:52:56 OK port 18180 [quick] height=49569 peers=2 p2p=aligned aligned=True failed=
2026-09-22 09:52:56 OK port 18181 [quick] height=49569 peers=2 p2p=aligned aligned=True failed=
2026-09-22 09:52:56 OK port 18182 [quick] height=49569 peers=2 p2p=aligned aligned=True failed=
2026-09-22 09:52:56 OK mesh aligned 18180:h49569/p2 18181:h49569/p2 18182:h49569/p2
2026-09-22 09:57:57 OK port 18180 [quick] height=49588 peers=2 p2p=aligned aligned=True failed=
2026-09-22 09:57:57 OK port 18181 [quick] height=49588 peers=2 p2p=aligned aligned=True failed=
2026-09-22 09:57:57 OK port 18182 [quick] height=49588 peers=2 p2p=aligned aligned=True failed=
2026-09-22 09:57:57 OK mesh aligned 18180:h49588/p2 18181:h49588/p2 18182:h49588/p2
2026-09-22 10:02:58 OK port 18180 [full] height=49607 peers=2 p2p=aligned aligned=True failed=
2026-09-22 10:02:58 OK port 18181 [full] height=49607 peers=2 p2p=aligned aligned=True failed=
2026-09-22 10:02:58 OK port 18182 [full] height=49607 peers=2 p2p=aligned aligned=True failed=
2026-09-22 10:02:58 OK mesh aligned 18180:h49607/p2 18181:h49607/p2 18182:h49607/p2
2026-09-22 10:08:00 OK port 18180 [quick] height=49626 peers=2 p2p=aligned aligned=True failed=
2026-09-22 10:08:00 OK port 18181 [quick] height=49626 peers=2 p2p=aligned aligned=True failed=
2026-09-22 10:08:00 OK port 18182 [quick] height=49626 peers=2 p2p=aligned aligned=True failed=
2026-09-22 10:08:00 OK mesh aligned 18180:h49626/p2 18181:h49626/p2 18182:h49626/p2
2026-09-22 10:13:01 OK port 18180 [quick] height=49645 peers=2 p2p=aligned aligned=True failed=
2026-09-22 10:13:01 OK port 18181 [quick] height=49645 peers=2 p2p=aligned aligned=True failed=
2026-09-22 10:13:01 OK port 18182 [quick] height=49645 peers=2 p2p=aligned aligned=True failed=
2026-09-22 10:13:01 OK mesh aligned 18180:h49645/p2 18181:h49645/p2 18182:h49645/p2
2026-09-22 10:18:02 OK port 18180 [quick] height=49664 peers=2 p2p=aligned aligned=True failed=
2026-09-22 10:18:02 OK port 18181 [quick] height=49664 peers=2 p2p=aligned aligned=True failed=
2026-09-22 10:18:02 OK port 18182 [quick] height=49664 peers=2 p2p=aligned aligned=True failed=
2026-09-22 10:18:02 OK mesh aligned 18180:h49664/p2 18181:h49664/p2 18182:h49664/p2
2026-09-22 10:23:03 OK port 18180 [quick] height=49683 peers=2 p2p=aligned aligned=True failed=
2026-09-22 10:23:03 OK port 18181 [quick] height=49683 peers=2 p2p=aligned aligned=True failed=
2026-09-22 10:23:03 OK port 18182 [quick] height=49683 peers=2 p2p=aligned aligned=True failed=
2026-09-22 10:23:03 OK mesh aligned 18180:h49683/p2 18181:h49683/p2 18182:h49683/p2
2026-09-22 10:28:04 OK port 18180 [quick] height=49702 peers=2 p2p=aligned aligned=True failed=
2026-09-22 10:28:04 OK port 18181 [quick] height=49702 peers=2 p2p=aligned aligned=True failed=
2026-09-22 10:28:04 OK port 18182 [quick] height=49702 peers=2 p2p=aligned aligned=True failed=
2026-09-22 10:28:04 OK mesh aligned 18180:h49702/p2 18181:h49702/p2 18182:h49702/p2
2026-09-22 10:33:06 OK port 18180 [full] height=49721 peers=2 p2p=aligned aligned=True failed=
2026-09-22 10:33:06 OK port 18181 [full] height=49721 peers=2 p2p=aligned aligned=True failed=
2026-09-22 10:33:06 OK port 18182 [full] height=49721 peers=2 p2p=aligned aligned=True failed=
2026-09-22 10:33:06 OK mesh aligned 18180:h49721/p2 18181:h49721/p2 18182:h49721/p2
2026-09-22 10:38:07 OK port 18180 [quick] height=49740 peers=2 p2p=aligned aligned=True failed=
2026-09-22 10:38:07 OK port 18181 [quick] height=49740 peers=2 p2p=aligned aligned=True failed=
2026-09-22 10:38:07 OK port 18182 [quick] height=49740 peers=2 p2p=aligned aligned=True failed=
2026-09-22 10:38:07 OK mesh aligned 18180:h49740/p2 18181:h49740/p2 18182:h49740/p2
2026-09-22 10:43:08 OK port 18180 [quick] height=49759 peers=2 p2p=aligned aligned=True failed=
2026-09-22 10:43:08 OK port 18181 [quick] height=49759 peers=2 p2p=aligned aligned=True failed=
2026-09-22 10:43:08 OK port 18182 [quick] height=49759 peers=2 p2p=aligned aligned=True failed=
2026-09-22 10:43:08 OK mesh aligned 18180:h49759/p2 18181:h49759/p2 18182:h49759/p2
2026-09-22 10:48:09 OK port 18180 [quick] height=49778 peers=2 p2p=aligned aligned=True failed=
2026-09-22 10:48:09 OK port 18181 [quick] height=49778 peers=2 p2p=aligned aligned=True failed=
2026-09-22 10:48:09 OK port 18182 [quick] height=49778 peers=2 p2p=aligned aligned=True failed=
2026-09-22 10:48:09 OK mesh aligned 18180:h49778/p2 18181:h49778/p2 18182:h49778/p2
2026-09-22 10:53:10 OK port 18180 [quick] height=49797 peers=2 p2p=aligned aligned=True failed=
2026-09-22 10:53:10 OK port 18181 [quick] height=49797 peers=2 p2p=aligned aligned=True failed=
2026-09-22 10:53:10 OK port 18182 [quick] height=49797 peers=2 p2p=aligned aligned=True failed=
2026-09-22 10:53:10 OK mesh aligned 18180:h49797/p2 18181:h49797/p2 18182:h49797/p2
2026-09-22 10:58:12 OK port 18180 [quick] height=49816 peers=2 p2p=aligned aligned=True failed=
2026-09-22 10:58:12 OK port 18181 [quick] height=49816 peers=2 p2p=aligned aligned=True failed=
2026-09-22 10:58:12 OK port 18182 [quick] height=49816 peers=2 p2p=aligned aligned=True failed=
2026-09-22 10:58:12 OK mesh aligned 18180:h49816/p2 18181:h49816/p2 18182:h49816/p2
2026-09-22 11:03:13 OK port 18180 [full] height=49835 peers=2 p2p=aligned aligned=True failed=
2026-09-22 11:03:13 OK port 18181 [full] height=49835 peers=2 p2p=aligned aligned=True failed=
2026-09-22 11:03:13 OK port 18182 [full] height=49835 peers=2 p2p=aligned aligned=True failed=
2026-09-22 11:03:13 OK mesh aligned 18180:h49835/p2 18181:h49835/p2 18182:h49835/p2
2026-09-22 11:08:14 OK port 18180 [quick] height=49853 peers=2 p2p=aligned aligned=True failed=
2026-09-22 11:08:14 OK port 18181 [quick] height=49853 peers=2 p2p=aligned aligned=True failed=
2026-09-22 11:08:14 OK port 18182 [quick] height=49853 peers=2 p2p=aligned aligned=True failed=
2026-09-22 11:08:14 OK mesh aligned 18180:h49853/p2 18181:h49853/p2 18182:h49853/p2
2026-09-22 11:13:15 OK port 18180 [quick] height=49872 peers=2 p2p=aligned aligned=True failed=
2026-09-22 11:13:15 OK port 18181 [quick] height=49872 peers=2 p2p=aligned aligned=True failed=
2026-09-22 11:13:15 OK port 18182 [quick] height=49872 peers=2 p2p=aligned aligned=True failed=
2026-09-22 11:13:15 OK mesh aligned 18180:h49872/p2 18181:h49872/p2 18182:h49872/p2
2026-09-22 11:18:16 OK port 18180 [quick] height=49891 peers=2 p2p=aligned aligned=True failed=
2026-09-22 11:18:16 OK port 18181 [quick] height=49891 peers=2 p2p=aligned aligned=True failed=
2026-09-22 11:18:16 OK port 18182 [quick] height=49891 peers=2 p2p=aligned aligned=True failed=
2026-09-22 11:18:16 OK mesh aligned 18180:h49891/p2 18181:h49891/p2 18182:h49891/p2
2026-09-22 11:23:18 OK port 18180 [quick] height=49910 peers=2 p2p=aligned aligned=True failed=
2026-09-22 11:23:18 OK port 18181 [quick] height=49910 peers=2 p2p=aligned aligned=True failed=
2026-09-22 11:23:18 OK port 18182 [quick] height=49910 peers=2 p2p=aligned aligned=True failed=
2026-09-22 11:23:18 OK mesh aligned 18180:h49910/p2 18181:h49910/p2 18182:h49910/p2
2026-09-22 11:28:19 OK port 18180 [quick] height=49929 peers=2 p2p=aligned aligned=True failed=
2026-09-22 11:28:19 OK port 18181 [quick] height=49929 peers=2 p2p=aligned aligned=True failed=
2026-09-22 11:28:19 OK port 18182 [quick] height=49929 peers=2 p2p=aligned aligned=True failed=
2026-09-22 11:28:19 OK mesh aligned 18180:h49929/p2 18181:h49929/p2 18182:h49929/p2
2026-09-22 11:33:20 OK port 18180 [full] height=49948 peers=2 p2p=aligned aligned=True failed=
2026-09-22 11:33:20 OK port 18181 [full] height=49948 peers=2 p2p=aligned aligned=True failed=
2026-09-22 11:33:20 OK port 18182 [full] height=49948 peers=2 p2p=aligned aligned=True failed=
2026-09-22 11:33:20 OK mesh aligned 18180:h49948/p2 18181:h49948/p2 18182:h49948/p2
2026-09-22 11:38:21 OK port 18180 [quick] height=49967 peers=2 p2p=aligned aligned=True failed=
2026-09-22 11:38:21 OK port 18181 [quick] height=49967 peers=2 p2p=aligned aligned=True failed=
2026-09-22 11:38:21 OK port 18182 [quick] height=49967 peers=2 p2p=aligned aligned=True failed=
2026-09-22 11:38:21 OK mesh aligned 18180:h49967/p2 18181:h49967/p2 18182:h49967/p2
2026-09-22 11:43:22 OK port 18180 [quick] height=49986 peers=2 p2p=aligned aligned=True failed=
2026-09-22 11:43:22 OK port 18181 [quick] height=49986 peers=2 p2p=aligned aligned=True failed=
2026-09-22 11:43:22 OK port 18182 [quick] height=49986 peers=2 p2p=aligned aligned=True failed=
2026-09-22 11:43:22 OK mesh aligned 18180:h49986/p2 18181:h49986/p2 18182:h49986/p2
2026-09-22 11:48:23 OK port 18180 [quick] height=50005 peers=2 p2p=aligned aligned=True failed=
2026-09-22 11:48:23 OK port 18181 [quick] height=50005 peers=2 p2p=aligned aligned=True failed=
2026-09-22 11:48:23 OK port 18182 [quick] height=50005 peers=2 p2p=aligned aligned=True failed=
2026-09-22 11:48:23 OK mesh aligned 18180:h50005/p2 18181:h50005/p2 18182:h50005/p2
2026-09-22 11:53:24 OK port 18180 [quick] height=50024 peers=2 p2p=aligned aligned=True failed=
2026-09-22 11:53:24 OK port 18181 [quick] height=50024 peers=2 p2p=aligned aligned=True failed=
2026-09-22 11:53:24 OK port 18182 [quick] height=50024 peers=2 p2p=aligned aligned=True failed=
2026-09-22 11:53:24 OK mesh aligned 18180:h50024/p2 18181:h50024/p2 18182:h50024/p2
2026-09-22 11:58:25 OK port 18180 [quick] height=50043 peers=2 p2p=aligned aligned=True failed=
2026-09-22 11:58:26 OK port 18181 [quick] height=50043 peers=2 p2p=aligned aligned=True failed=
2026-09-22 11:58:26 OK port 18182 [quick] height=50043 peers=2 p2p=aligned aligned=True failed=
2026-09-22 11:58:26 OK mesh aligned 18180:h50043/p2 18181:h50043/p2 18182:h50043/p2
2026-09-22 12:03:27 OK port 18180 [full] height=50062 peers=2 p2p=aligned aligned=True failed=
2026-09-22 12:03:27 OK port 18181 [full] height=50062 peers=2 p2p=aligned aligned=True failed=
2026-09-22 12:03:27 OK port 18182 [full] height=50062 peers=2 p2p=aligned aligned=True failed=
2026-09-22 12:03:27 OK mesh aligned 18180:h50062/p2 18181:h50062/p2 18182:h50062/p2
2026-09-22 12:08:28 OK port 18180 [quick] height=50081 peers=2 p2p=aligned aligned=True failed=
2026-09-22 12:08:28 OK port 18181 [quick] height=50081 peers=2 p2p=aligned aligned=True failed=
2026-09-22 12:08:28 OK port 18182 [quick] height=50081 peers=2 p2p=aligned aligned=True failed=
2026-09-22 12:08:28 OK mesh aligned 18180:h50081/p2 18181:h50081/p2 18182:h50081/p2
2026-09-22 12:13:29 OK port 18180 [quick] height=50100 peers=2 p2p=aligned aligned=True failed=
2026-09-22 12:13:29 OK port 18181 [quick] height=50100 peers=2 p2p=aligned aligned=True failed=
2026-09-22 12:13:29 OK port 18182 [quick] height=50100 peers=2 p2p=aligned aligned=True failed=
2026-09-22 12:13:29 OK mesh aligned 18180:h50100/p2 18181:h50100/p2 18182:h50100/p2
2026-09-22 12:18:30 OK port 18180 [quick] height=50119 peers=2 p2p=aligned aligned=True failed=
2026-09-22 12:18:30 OK port 18181 [quick] height=50119 peers=2 p2p=aligned aligned=True failed=
2026-09-22 12:18:30 OK port 18182 [quick] height=50119 peers=2 p2p=aligned aligned=True failed=
2026-09-22 12:18:30 OK mesh aligned 18180:h50119/p2 18181:h50119/p2 18182:h50119/p2
2026-09-22 12:23:31 OK port 18180 [quick] height=50138 peers=2 p2p=aligned aligned=True failed=
2026-09-22 12:23:31 OK port 18181 [quick] height=50138 peers=2 p2p=aligned aligned=True failed=
2026-09-22 12:23:31 OK port 18182 [quick] height=50138 peers=2 p2p=aligned aligned=True failed=
2026-09-22 12:23:31 OK mesh aligned 18180:h50138/p2 18181:h50138/p2 18182:h50138/p2
2026-09-22 12:28:33 OK port 18180 [quick] height=50157 peers=2 p2p=aligned aligned=True failed=
2026-09-22 12:28:33 OK port 18181 [quick] height=50157 peers=2 p2p=aligned aligned=True failed=
2026-09-22 12:28:33 OK port 18182 [quick] height=50157 peers=2 p2p=aligned aligned=True failed=
2026-09-22 12:28:33 OK mesh aligned 18180:h50157/p2 18181:h50157/p2 18182:h50157/p2
2026-09-22 12:33:34 OK port 18180 [full] height=50176 peers=2 p2p=aligned aligned=True failed=
2026-09-22 12:33:34 OK port 18181 [full] height=50176 peers=2 p2p=aligned aligned=True failed=
2026-09-22 12:33:34 OK port 18182 [full] height=50176 peers=2 p2p=aligned aligned=True failed=
2026-09-22 12:33:34 OK mesh aligned 18180:h50176/p2 18181:h50176/p2 18182:h50176/p2
2026-09-22 12:38:35 OK port 18180 [quick] height=50195 peers=2 p2p=aligned aligned=True failed=
2026-09-22 12:38:35 OK port 18181 [quick] height=50195 peers=2 p2p=aligned aligned=True failed=
2026-09-22 12:38:35 OK port 18182 [quick] height=50195 peers=2 p2p=aligned aligned=True failed=
2026-09-22 12:38:35 OK mesh aligned 18180:h50195/p2 18181:h50195/p2 18182:h50195/p2
2026-09-22 12:43:36 OK port 18180 [quick] height=50213 peers=2 p2p=aligned aligned=True failed=
2026-09-22 12:43:36 OK port 18181 [quick] height=50213 peers=2 p2p=aligned aligned=True failed=
2026-09-22 12:43:36 OK port 18182 [quick] height=50213 peers=2 p2p=aligned aligned=True failed=
2026-09-22 12:43:36 OK mesh aligned 18180:h50213/p2 18181:h50213/p2 18182:h50213/p2
2026-09-22 12:48:38 OK port 18180 [quick] height=50233 peers=2 p2p=aligned aligned=True failed=
2026-09-22 12:48:38 OK port 18181 [quick] height=50233 peers=2 p2p=aligned aligned=True failed=
2026-09-22 12:48:38 OK port 18182 [quick] height=50233 peers=2 p2p=aligned aligned=True failed=
2026-09-22 12:48:38 OK mesh aligned 18180:h50233/p2 18181:h50233/p2 18182:h50233/p2
2026-09-22 12:53:39 OK port 18180 [quick] height=50251 peers=2 p2p=aligned aligned=True failed=
2026-09-22 12:53:39 OK port 18181 [quick] height=50251 peers=2 p2p=aligned aligned=True failed=
2026-09-22 12:53:39 OK port 18182 [quick] height=50251 peers=2 p2p=aligned aligned=True failed=
2026-09-22 12:53:39 OK mesh aligned 18180:h50251/p2 18181:h50251/p2 18182:h50251/p2
2026-09-22 12:58:40 OK port 18180 [quick] height=50270 peers=2 p2p=aligned aligned=True failed=
2026-09-22 12:58:40 OK port 18181 [quick] height=50270 peers=2 p2p=aligned aligned=True failed=
2026-09-22 12:58:40 OK port 18182 [quick] height=50270 peers=2 p2p=aligned aligned=True failed=
2026-09-22 12:58:40 OK mesh aligned 18180:h50270/p2 18181:h50270/p2 18182:h50270/p2
2026-09-22 13:03:41 OK port 18180 [full] height=50289 peers=2 p2p=aligned aligned=True failed=
2026-09-22 13:03:41 OK port 18181 [full] height=50289 peers=2 p2p=aligned aligned=True failed=
2026-09-22 13:03:41 OK port 18182 [full] height=50289 peers=2 p2p=aligned aligned=True failed=
2026-09-22 13:03:41 OK mesh aligned 18180:h50289/p2 18181:h50289/p2 18182:h50289/p2
2026-09-22 13:08:43 OK port 18180 [quick] height=50308 peers=2 p2p=aligned aligned=True failed=
2026-09-22 13:08:43 OK port 18181 [quick] height=50308 peers=2 p2p=aligned aligned=True failed=
2026-09-22 13:08:43 OK port 18182 [quick] height=50308 peers=2 p2p=aligned aligned=True failed=
2026-09-22 13:08:43 OK mesh aligned 18180:h50308/p2 18181:h50308/p2 18182:h50308/p2
2026-09-22 13:13:44 OK port 18180 [quick] height=50327 peers=2 p2p=aligned aligned=True failed=
2026-09-22 13:13:44 OK port 18181 [quick] height=50327 peers=2 p2p=aligned aligned=True failed=
2026-09-22 13:13:44 OK port 18182 [quick] height=50327 peers=2 p2p=aligned aligned=True failed=
2026-09-22 13:13:44 OK mesh aligned 18180:h50327/p2 18181:h50327/p2 18182:h50327/p2
2026-09-22 13:18:45 OK port 18180 [quick] height=50346 peers=2 p2p=aligned aligned=True failed=
2026-09-22 13:18:45 OK port 18181 [quick] height=50346 peers=2 p2p=aligned aligned=True failed=
2026-09-22 13:18:45 OK port 18182 [quick] height=50346 peers=2 p2p=aligned aligned=True failed=
2026-09-22 13:18:45 OK mesh aligned 18180:h50346/p2 18181:h50346/p2 18182:h50346/p2
2026-09-22 13:23:46 OK port 18180 [quick] height=50365 peers=2 p2p=aligned aligned=True failed=
2026-09-22 13:23:46 OK port 18181 [quick] height=50365 peers=2 p2p=aligned aligned=True failed=
2026-09-22 13:23:47 OK port 18182 [quick] height=50365 peers=2 p2p=aligned aligned=True failed=
2026-09-22 13:23:47 OK mesh aligned 18180:h50365/p2 18181:h50365/p2 18182:h50365/p2
2026-09-22 13:28:48 OK port 18180 [quick] height=50384 peers=2 p2p=aligned aligned=True failed=
2026-09-22 13:28:48 OK port 18181 [quick] height=50384 peers=2 p2p=aligned aligned=True failed=
2026-09-22 13:28:48 OK port 18182 [quick] height=50384 peers=2 p2p=aligned aligned=True failed=
2026-09-22 13:28:48 OK mesh aligned 18180:h50384/p2 18181:h50384/p2 18182:h50384/p2
2026-09-22 13:33:49 OK port 18180 [full] height=50403 peers=2 p2p=aligned aligned=True failed=
2026-09-22 13:33:49 OK port 18181 [full] height=50403 peers=2 p2p=aligned aligned=True failed=
2026-09-22 13:33:49 OK port 18182 [full] height=50403 peers=2 p2p=aligned aligned=True failed=
2026-09-22 13:33:49 OK mesh aligned 18180:h50403/p2 18181:h50403/p2 18182:h50403/p2
2026-09-22 13:38:50 OK port 18180 [quick] height=50422 peers=2 p2p=aligned aligned=True failed=
2026-09-22 13:38:50 OK port 18181 [quick] height=50422 peers=2 p2p=aligned aligned=True failed=
2026-09-22 13:38:50 OK port 18182 [quick] height=50422 peers=2 p2p=aligned aligned=True failed=
2026-09-22 13:38:50 OK mesh aligned 18180:h50422/p2 18181:h50422/p2 18182:h50422/p2
2026-09-22 13:43:51 OK port 18180 [quick] height=50441 peers=2 p2p=aligned aligned=True failed=
2026-09-22 13:43:51 OK port 18181 [quick] height=50441 peers=2 p2p=aligned aligned=True failed=
2026-09-22 13:43:51 OK port 18182 [quick] height=50441 peers=2 p2p=aligned aligned=True failed=
2026-09-22 13:43:51 OK mesh aligned 18180:h50441/p2 18181:h50441/p2 18182:h50441/p2
2026-09-22 13:48:52 OK port 18180 [quick] height=50460 peers=2 p2p=aligned aligned=True failed=
2026-09-22 13:48:52 OK port 18181 [quick] height=50460 peers=2 p2p=aligned aligned=True failed=
2026-09-22 13:48:52 OK port 18182 [quick] height=50460 peers=2 p2p=aligned aligned=True failed=
2026-09-22 13:48:52 OK mesh aligned 18180:h50460/p2 18181:h50460/p2 18182:h50460/p2
2026-09-22 13:53:54 OK port 18180 [quick] height=50479 peers=2 p2p=aligned aligned=True failed=
2026-09-22 13:53:54 OK port 18181 [quick] height=50479 peers=2 p2p=aligned aligned=True failed=
2026-09-22 13:53:54 OK port 18182 [quick] height=50479 peers=2 p2p=aligned aligned=True failed=
2026-09-22 13:53:54 OK mesh aligned 18180:h50479/p2 18181:h50479/p2 18182:h50479/p2
2026-09-22 13:58:55 OK port 18180 [quick] height=50498 peers=2 p2p=aligned aligned=True failed=
2026-09-22 13:58:55 OK port 18181 [quick] height=50498 peers=2 p2p=aligned aligned=True failed=
2026-09-22 13:58:55 OK port 18182 [quick] height=50498 peers=2 p2p=aligned aligned=True failed=
2026-09-22 13:58:55 OK mesh aligned 18180:h50498/p2 18181:h50498/p2 18182:h50498/p2
2026-09-22 14:03:56 OK port 18180 [full] height=50517 peers=2 p2p=aligned aligned=True failed=
2026-09-22 14:03:56 OK port 18181 [full] height=50517 peers=2 p2p=aligned aligned=True failed=
2026-09-22 14:03:56 OK port 18182 [full] height=50517 peers=2 p2p=aligned aligned=True failed=
2026-09-22 14:03:56 OK mesh aligned 18180:h50517/p2 18181:h50517/p2 18182:h50517/p2
2026-09-22 14:08:57 OK port 18180 [quick] height=50536 peers=2 p2p=aligned aligned=True failed=
2026-09-22 14:08:57 OK port 18181 [quick] height=50536 peers=2 p2p=aligned aligned=True failed=
2026-09-22 14:08:57 OK port 18182 [quick] height=50536 peers=2 p2p=aligned aligned=True failed=
2026-09-22 14:08:57 OK mesh aligned 18180:h50536/p2 18181:h50536/p2 18182:h50536/p2
2026-09-22 14:13:58 OK port 18180 [quick] height=50555 peers=2 p2p=aligned aligned=True failed=
2026-09-22 14:13:58 OK port 18181 [quick] height=50555 peers=2 p2p=aligned aligned=True failed=
2026-09-22 14:13:58 OK port 18182 [quick] height=50555 peers=2 p2p=aligned aligned=True failed=
2026-09-22 14:13:58 OK mesh aligned 18180:h50555/p2 18181:h50555/p2 18182:h50555/p2
2026-09-22 14:19:00 OK port 18180 [quick] height=50574 peers=2 p2p=aligned aligned=True failed=
2026-09-22 14:19:00 OK port 18181 [quick] height=50574 peers=2 p2p=aligned aligned=True failed=
2026-09-22 14:19:00 OK port 18182 [quick] height=50574 peers=2 p2p=aligned aligned=True failed=
2026-09-22 14:19:00 OK mesh aligned 18180:h50574/p2 18181:h50574/p2 18182:h50574/p2
2026-09-22 14:24:01 OK port 18180 [quick] height=50593 peers=2 p2p=aligned aligned=True failed=
2026-09-22 14:24:01 OK port 18181 [quick] height=50593 peers=2 p2p=aligned aligned=True failed=
2026-09-22 14:24:01 OK port 18182 [quick] height=50593 peers=2 p2p=aligned aligned=True failed=
2026-09-22 14:24:01 OK mesh aligned 18180:h50593/p2 18181:h50593/p2 18182:h50593/p2
2026-09-22 14:29:02 OK port 18180 [quick] height=50612 peers=2 p2p=aligned aligned=True failed=
2026-09-22 14:29:02 OK port 18181 [quick] height=50612 peers=2 p2p=aligned aligned=True failed=
2026-09-22 14:29:02 OK port 18182 [quick] height=50612 peers=2 p2p=aligned aligned=True failed=
2026-09-22 14:29:02 OK mesh aligned 18180:h50612/p2 18181:h50612/p2 18182:h50612/p2
2026-09-22 14:34:03 OK port 18180 [full] height=50631 peers=2 p2p=aligned aligned=True failed=
2026-09-22 14:34:03 OK port 18181 [full] height=50631 peers=2 p2p=aligned aligned=True failed=
2026-09-22 14:34:03 OK port 18182 [full] height=50631 peers=2 p2p=aligned aligned=True failed=
2026-09-22 14:34:03 OK mesh aligned 18180:h50631/p2 18181:h50631/p2 18182:h50631/p2
2026-09-22 14:39:04 OK port 18180 [quick] height=50650 peers=2 p2p=aligned aligned=True failed=
2026-09-22 14:39:04 OK port 18181 [quick] height=50650 peers=2 p2p=aligned aligned=True failed=
2026-09-22 14:39:04 OK port 18182 [quick] height=50650 peers=2 p2p=aligned aligned=True failed=
2026-09-22 14:39:04 OK mesh aligned 18180:h50650/p2 18181:h50650/p2 18182:h50650/p2
2026-09-22 14:44:05 OK port 18180 [quick] height=50669 peers=2 p2p=aligned aligned=True failed=
2026-09-22 14:44:05 OK port 18181 [quick] height=50669 peers=2 p2p=aligned aligned=True failed=
2026-09-22 14:44:05 OK port 18182 [quick] height=50669 peers=2 p2p=aligned aligned=True failed=
2026-09-22 14:44:05 OK mesh aligned 18180:h50669/p2 18181:h50669/p2 18182:h50669/p2
2026-09-22 14:49:06 OK port 18180 [quick] height=50688 peers=2 p2p=aligned aligned=True failed=
2026-09-22 14:49:07 OK port 18181 [quick] height=50688 peers=2 p2p=aligned aligned=True failed=
2026-09-22 14:49:07 OK port 18182 [quick] height=50688 peers=2 p2p=aligned aligned=True failed=
2026-09-22 14:49:07 OK mesh aligned 18180:h50688/p2 18181:h50688/p2 18182:h50688/p2
2026-09-22 14:54:08 OK port 18180 [quick] height=50707 peers=2 p2p=aligned aligned=True failed=
2026-09-22 14:54:08 OK port 18181 [quick] height=50707 peers=2 p2p=aligned aligned=True failed=
2026-09-22 14:54:08 OK port 18182 [quick] height=50707 peers=2 p2p=aligned aligned=True failed=
2026-09-22 14:54:08 OK mesh aligned 18180:h50707/p2 18181:h50707/p2 18182:h50707/p2
2026-09-22 14:59:09 OK port 18180 [quick] height=50726 peers=2 p2p=aligned aligned=True failed=
2026-09-22 14:59:09 OK port 18181 [quick] height=50726 peers=2 p2p=aligned aligned=True failed=
2026-09-22 14:59:09 OK port 18182 [quick] height=50726 peers=2 p2p=aligned aligned=True failed=
2026-09-22 14:59:09 OK mesh aligned 18180:h50726/p2 18181:h50726/p2 18182:h50726/p2
2026-09-22 15:04:10 OK port 18180 [full] height=50745 peers=2 p2p=aligned aligned=True failed=
2026-09-22 15:04:10 OK port 18181 [full] height=50745 peers=2 p2p=aligned aligned=True failed=
2026-09-22 15:04:10 OK port 18182 [full] height=50745 peers=2 p2p=aligned aligned=True failed=
2026-09-22 15:04:10 OK mesh aligned 18180:h50745/p2 18181:h50745/p2 18182:h50745/p2
2026-09-22 15:09:11 OK port 18180 [quick] height=50764 peers=2 p2p=aligned aligned=True failed=
2026-09-22 15:09:11 OK port 18181 [quick] height=50764 peers=2 p2p=aligned aligned=True failed=
2026-09-22 15:09:11 OK port 18182 [quick] height=50764 peers=2 p2p=aligned aligned=True failed=
2026-09-22 15:09:11 OK mesh aligned 18180:h50764/p2 18181:h50764/p2 18182:h50764/p2
2026-09-22 15:14:12 OK port 18180 [quick] height=50783 peers=2 p2p=aligned aligned=True failed=
2026-09-22 15:14:12 OK port 18181 [quick] height=50783 peers=2 p2p=aligned aligned=True failed=
2026-09-22 15:14:13 OK port 18182 [quick] height=50783 peers=2 p2p=aligned aligned=True failed=
2026-09-22 15:14:13 OK mesh aligned 18180:h50783/p2 18181:h50783/p2 18182:h50783/p2
2026-09-22 15:19:14 OK port 18180 [quick] height=50802 peers=2 p2p=aligned aligned=True failed=
2026-09-22 15:19:14 OK port 18181 [quick] height=50802 peers=2 p2p=aligned aligned=True failed=
2026-09-22 15:19:14 OK port 18182 [quick] height=50802 peers=2 p2p=aligned aligned=True failed=
2026-09-22 15:19:14 OK mesh aligned 18180:h50802/p2 18181:h50802/p2 18182:h50802/p2
2026-09-22 15:24:15 OK port 18180 [quick] height=50821 peers=2 p2p=aligned aligned=True failed=
2026-09-22 15:24:15 OK port 18181 [quick] height=50821 peers=2 p2p=aligned aligned=True failed=
2026-09-22 15:24:15 OK port 18182 [quick] height=50821 peers=2 p2p=aligned aligned=True failed=
2026-09-22 15:24:15 OK mesh aligned 18180:h50821/p2 18181:h50821/p2 18182:h50821/p2
2026-09-22 15:29:18 OK port 18180 [quick] height=50840 peers=2 p2p=tip_skew aligned=True failed=
2026-09-22 15:29:18 OK port 18181 [quick] height=50839 peers=2 p2p=aligned aligned=True failed=
2026-09-22 15:29:18 OK port 18182 [quick] height=50839 peers=2 p2p=aligned aligned=True failed=
2026-09-22 15:29:18 OK mesh aligned 18180:h50840/p2 18181:h50839/p2 18182:h50839/p2 transient_delta=1
2026-09-22 15:34:19 OK port 18180 [full] height=50859 peers=2 p2p=aligned aligned=True failed=
2026-09-22 15:34:19 OK port 18181 [full] height=50859 peers=2 p2p=aligned aligned=True failed=
2026-09-22 15:34:19 OK port 18182 [full] height=50859 peers=2 p2p=aligned aligned=True failed=
2026-09-22 15:34:19 OK mesh aligned 18180:h50859/p2 18181:h50859/p2 18182:h50859/p2
2026-09-22 15:39:22 OK port 18180 [quick] height=50878 peers=2 p2p=aligned aligned=True failed=
2026-09-22 15:39:22 OK port 18181 [quick] height=50878 peers=2 p2p=aligned aligned=True failed=
2026-09-22 15:39:22 OK port 18182 [quick] height=50878 peers=2 p2p=aligned aligned=True failed=
2026-09-22 15:39:22 OK mesh aligned 18180:h50878/p2 18181:h50878/p2 18182:h50878/p2
2026-09-22 15:44:23 OK port 18180 [quick] height=50896 peers=2 p2p=aligned aligned=True failed=
2026-09-22 15:44:23 OK port 18181 [quick] height=50896 peers=2 p2p=aligned aligned=True failed=
2026-09-22 15:44:23 OK port 18182 [quick] height=50896 peers=2 p2p=aligned aligned=True failed=
2026-09-22 15:44:23 OK mesh aligned 18180:h50896/p2 18181:h50896/p2 18182:h50896/p2
2026-09-22 15:49:24 OK port 18180 [quick] height=50915 peers=2 p2p=aligned aligned=True failed=
2026-09-22 15:49:24 OK port 18181 [quick] height=50915 peers=2 p2p=aligned aligned=True failed=
2026-09-22 15:49:24 OK port 18182 [quick] height=50915 peers=2 p2p=aligned aligned=True failed=
2026-09-22 15:49:24 OK mesh aligned 18180:h50915/p2 18181:h50915/p2 18182:h50915/p2
2026-09-22 15:54:25 OK port 18180 [quick] height=50934 peers=2 p2p=aligned aligned=True failed=
2026-09-22 15:54:25 OK port 18181 [quick] height=50934 peers=2 p2p=aligned aligned=True failed=
2026-09-22 15:54:25 OK port 18182 [quick] height=50934 peers=2 p2p=aligned aligned=True failed=
2026-09-22 15:54:26 OK mesh aligned 18180:h50934/p2 18181:h50934/p2 18182:h50934/p2
2026-09-22 15:59:28 OK port 18180 [quick] height=50954 peers=2 p2p=aligned aligned=True failed=
2026-09-22 15:59:28 OK port 18181 [quick] height=50954 peers=2 p2p=tip_skew aligned=True failed=
2026-09-22 15:59:28 OK port 18182 [quick] height=50954 peers=2 p2p=aligned aligned=True failed=
2026-09-22 15:59:28 OK mesh aligned 18180:h50954/p2 18181:h50954/p2 18182:h50954/p2
2026-09-22 16:04:30 OK port 18180 [full] height=50972 peers=2 p2p=aligned aligned=True failed=
2026-09-22 16:04:30 OK port 18181 [full] height=50972 peers=2 p2p=aligned aligned=True failed=
2026-09-22 16:04:30 OK port 18182 [full] height=50972 peers=2 p2p=aligned aligned=True failed=
2026-09-22 16:04:30 OK mesh aligned 18180:h50972/p2 18181:h50972/p2 18182:h50972/p2
2026-09-22 16:09:31 OK port 18180 [quick] height=50991 peers=2 p2p=aligned aligned=True failed=
2026-09-22 16:09:31 OK port 18181 [quick] height=50991 peers=2 p2p=aligned aligned=True failed=
2026-09-22 16:09:31 OK port 18182 [quick] height=50991 peers=2 p2p=aligned aligned=True failed=
2026-09-22 16:09:31 OK mesh aligned 18180:h50991/p2 18181:h50991/p2 18182:h50991/p2
2026-09-22 16:14:32 OK port 18180 [quick] height=51010 peers=2 p2p=aligned aligned=True failed=
2026-09-22 16:14:32 OK port 18181 [quick] height=51010 peers=2 p2p=aligned aligned=True failed=
2026-09-22 16:14:32 OK port 18182 [quick] height=51010 peers=2 p2p=aligned aligned=True failed=
2026-09-22 16:14:32 OK mesh aligned 18180:h51010/p2 18181:h51010/p2 18182:h51010/p2
2026-09-22 16:19:33 OK port 18180 [quick] height=51029 peers=2 p2p=aligned aligned=True failed=
2026-09-22 16:19:33 OK port 18181 [quick] height=51029 peers=2 p2p=aligned aligned=True failed=
2026-09-22 16:19:33 OK port 18182 [quick] height=51029 peers=2 p2p=aligned aligned=True failed=
2026-09-22 16:19:33 OK mesh aligned 18180:h51029/p2 18181:h51029/p2 18182:h51029/p2
2026-09-22 16:24:35 OK port 18180 [quick] height=51048 peers=2 p2p=aligned aligned=True failed=
2026-09-22 16:24:35 OK port 18181 [quick] height=51048 peers=2 p2p=aligned aligned=True failed=
2026-09-22 16:24:35 OK port 18182 [quick] height=51048 peers=2 p2p=aligned aligned=True failed=
2026-09-22 16:24:35 OK mesh aligned 18180:h51048/p2 18181:h51048/p2 18182:h51048/p2
2026-09-22 16:29:36 OK port 18180 [quick] height=51067 peers=2 p2p=aligned aligned=True failed=
2026-09-22 16:29:36 OK port 18181 [quick] height=51067 peers=2 p2p=aligned aligned=True failed=
2026-09-22 16:29:36 OK port 18182 [quick] height=51067 peers=2 p2p=aligned aligned=True failed=
2026-09-22 16:29:36 OK mesh aligned 18180:h51067/p2 18181:h51067/p2 18182:h51067/p2
2026-09-22 16:34:37 OK port 18180 [full] height=51086 peers=2 p2p=aligned aligned=True failed=
2026-09-22 16:34:37 OK port 18181 [full] height=51086 peers=2 p2p=aligned aligned=True failed=
2026-09-22 16:34:37 OK port 18182 [full] height=51086 peers=2 p2p=aligned aligned=True failed=
2026-09-22 16:34:37 OK mesh aligned 18180:h51086/p2 18181:h51086/p2 18182:h51086/p2
2026-09-22 16:39:39 OK port 18180 [quick] height=51105 peers=2 p2p=aligned aligned=True failed=
2026-09-22 16:39:39 OK port 18181 [quick] height=51105 peers=2 p2p=aligned aligned=True failed=
2026-09-22 16:39:39 OK port 18182 [quick] height=51105 peers=2 p2p=aligned aligned=True failed=
2026-09-22 16:39:39 OK mesh aligned 18180:h51105/p2 18181:h51105/p2 18182:h51105/p2
2026-09-22 16:44:40 OK port 18180 [quick] height=51124 peers=2 p2p=aligned aligned=True failed=
2026-09-22 16:44:40 OK port 18181 [quick] height=51124 peers=2 p2p=aligned aligned=True failed=
2026-09-22 16:44:40 OK port 18182 [quick] height=51124 peers=2 p2p=aligned aligned=True failed=
2026-09-22 16:44:40 OK mesh aligned 18180:h51124/p2 18181:h51124/p2 18182:h51124/p2
2026-09-22 16:49:42 OK port 18180 [quick] height=51143 peers=2 p2p=aligned aligned=True failed=
2026-09-22 16:49:42 OK port 18181 [quick] height=51143 peers=2 p2p=aligned aligned=True failed=
2026-09-22 16:49:42 OK port 18182 [quick] height=51143 peers=2 p2p=aligned aligned=True failed=
2026-09-22 16:49:42 OK mesh aligned 18180:h51143/p2 18181:h51143/p2 18182:h51143/p2
2026-09-22 16:54:43 OK port 18180 [quick] height=51162 peers=2 p2p=aligned aligned=True failed=
2026-09-22 16:54:43 OK port 18181 [quick] height=51162 peers=2 p2p=aligned aligned=True failed=
2026-09-22 16:54:43 OK port 18182 [quick] height=51162 peers=2 p2p=aligned aligned=True failed=
2026-09-22 16:54:43 OK mesh aligned 18180:h51162/p2 18181:h51162/p2 18182:h51162/p2
2026-09-22 16:59:44 OK port 18180 [quick] height=51181 peers=2 p2p=aligned aligned=True failed=
2026-09-22 16:59:44 OK port 18181 [quick] height=51181 peers=2 p2p=aligned aligned=True failed=
2026-09-22 16:59:44 OK port 18182 [quick] height=51181 peers=2 p2p=aligned aligned=True failed=
2026-09-22 16:59:44 OK mesh aligned 18180:h51181/p2 18181:h51181/p2 18182:h51181/p2
2026-09-22 17:04:45 OK port 18180 [full] height=51200 peers=2 p2p=aligned aligned=True failed=
2026-09-22 17:04:45 OK port 18181 [full] height=51200 peers=2 p2p=aligned aligned=True failed=
2026-09-22 17:04:45 OK port 18182 [full] height=51200 peers=2 p2p=aligned aligned=True failed=
2026-09-22 17:04:45 OK mesh aligned 18180:h51200/p2 18181:h51200/p2 18182:h51200/p2
2026-09-22 17:09:47 OK port 18180 [quick] height=51219 peers=2 p2p=aligned aligned=True failed=
2026-09-22 17:09:47 OK port 18181 [quick] height=51219 peers=2 p2p=aligned aligned=True failed=
2026-09-22 17:09:47 OK port 18182 [quick] height=51219 peers=2 p2p=aligned aligned=True failed=
2026-09-22 17:09:47 OK mesh aligned 18180:h51219/p2 18181:h51219/p2 18182:h51219/p2
2026-09-22 17:14:48 OK port 18180 [quick] height=51238 peers=2 p2p=aligned aligned=True failed=
2026-09-22 17:14:48 OK port 18181 [quick] height=51238 peers=2 p2p=aligned aligned=True failed=
2026-09-22 17:14:48 OK port 18182 [quick] height=51238 peers=2 p2p=aligned aligned=True failed=
2026-09-22 17:14:48 OK mesh aligned 18180:h51238/p2 18181:h51238/p2 18182:h51238/p2
2026-09-22 17:19:49 OK port 18180 [quick] height=51257 peers=2 p2p=aligned aligned=True failed=
2026-09-22 17:19:49 OK port 18181 [quick] height=51257 peers=2 p2p=aligned aligned=True failed=
2026-09-22 17:19:49 OK port 18182 [quick] height=51257 peers=2 p2p=aligned aligned=True failed=
2026-09-22 17:19:49 OK mesh aligned 18180:h51257/p2 18181:h51257/p2 18182:h51257/p2
2026-09-22 17:24:51 OK port 18180 [quick] height=51276 peers=2 p2p=aligned aligned=True failed=
2026-09-22 17:24:51 OK port 18181 [quick] height=51276 peers=2 p2p=aligned aligned=True failed=
2026-09-22 17:24:51 OK port 18182 [quick] height=51276 peers=2 p2p=aligned aligned=True failed=
2026-09-22 17:24:51 OK mesh aligned 18180:h51276/p2 18181:h51276/p2 18182:h51276/p2
2026-09-22 17:29:52 OK port 18180 [quick] height=51295 peers=2 p2p=aligned aligned=True failed=
2026-09-22 17:29:52 OK port 18181 [quick] height=51295 peers=2 p2p=aligned aligned=True failed=
2026-09-22 17:29:52 OK port 18182 [quick] height=51295 peers=2 p2p=aligned aligned=True failed=
2026-09-22 17:29:52 OK mesh aligned 18180:h51295/p2 18181:h51295/p2 18182:h51295/p2
2026-09-22 17:34:53 OK port 18180 [full] height=51314 peers=2 p2p=aligned aligned=True failed=
2026-09-22 17:34:53 OK port 18181 [full] height=51314 peers=2 p2p=aligned aligned=True failed=
2026-09-22 17:34:53 OK port 18182 [full] height=51314 peers=2 p2p=aligned aligned=True failed=
2026-09-22 17:34:53 OK mesh aligned 18180:h51314/p2 18181:h51314/p2 18182:h51314/p2
2026-09-22 17:39:54 OK port 18180 [quick] height=51333 peers=2 p2p=aligned aligned=True failed=
2026-09-22 17:39:54 OK port 18181 [quick] height=51333 peers=2 p2p=aligned aligned=True failed=
2026-09-22 17:39:54 OK port 18182 [quick] height=51333 peers=2 p2p=aligned aligned=True failed=
2026-09-22 17:39:54 OK mesh aligned 18180:h51333/p2 18181:h51333/p2 18182:h51333/p2
2026-09-22 17:44:56 OK port 18180 [quick] height=51352 peers=2 p2p=aligned aligned=True failed=
2026-09-22 17:44:56 OK port 18181 [quick] height=51352 peers=2 p2p=aligned aligned=True failed=
2026-09-22 17:44:56 OK port 18182 [quick] height=51352 peers=2 p2p=aligned aligned=True failed=
2026-09-22 17:44:56 OK mesh aligned 18180:h51352/p2 18181:h51352/p2 18182:h51352/p2
2026-09-22 17:49:57 OK port 18180 [quick] height=51371 peers=2 p2p=aligned aligned=True failed=
2026-09-22 17:49:57 OK port 18181 [quick] height=51371 peers=2 p2p=aligned aligned=True failed=
2026-09-22 17:49:57 OK port 18182 [quick] height=51371 peers=2 p2p=aligned aligned=True failed=
2026-09-22 17:49:57 OK mesh aligned 18180:h51371/p2 18181:h51371/p2 18182:h51371/p2
2026-09-22 17:54:59 OK port 18180 [quick] height=51390 peers=2 p2p=aligned aligned=True failed=
2026-09-22 17:54:59 OK port 18181 [quick] height=51390 peers=2 p2p=aligned aligned=True failed=
2026-09-22 17:54:59 OK port 18182 [quick] height=51390 peers=2 p2p=aligned aligned=True failed=
2026-09-22 17:54:59 OK mesh aligned 18180:h51390/p2 18181:h51390/p2 18182:h51390/p2
2026-09-22 18:00:00 OK port 18180 [quick] height=51409 peers=2 p2p=aligned aligned=True failed=
2026-09-22 18:00:00 OK port 18181 [quick] height=51409 peers=2 p2p=aligned aligned=True failed=
2026-09-22 18:00:00 OK port 18182 [quick] height=51409 peers=2 p2p=aligned aligned=True failed=
2026-09-22 18:00:00 OK mesh aligned 18180:h51409/p2 18181:h51409/p2 18182:h51409/p2
2026-09-22 18:05:01 OK port 18180 [full] height=51427 peers=2 p2p=aligned aligned=True failed=
2026-09-22 18:05:01 OK port 18181 [full] height=51427 peers=2 p2p=aligned aligned=True failed=
2026-09-22 18:05:01 OK port 18182 [full] height=51427 peers=2 p2p=aligned aligned=True failed=
2026-09-22 18:05:01 OK mesh aligned 18180:h51427/p2 18181:h51427/p2 18182:h51427/p2
2026-09-22 18:10:03 OK port 18180 [quick] height=51446 peers=2 p2p=aligned aligned=True failed=
2026-09-22 18:10:03 OK port 18181 [quick] height=51446 peers=2 p2p=aligned aligned=True failed=
2026-09-22 18:10:03 OK port 18182 [quick] height=51446 peers=2 p2p=aligned aligned=True failed=
2026-09-22 18:10:03 OK mesh aligned 18180:h51446/p2 18181:h51446/p2 18182:h51446/p2
2026-09-22 18:15:04 OK port 18180 [quick] height=51465 peers=2 p2p=aligned aligned=True failed=
2026-09-22 18:15:04 OK port 18181 [quick] height=51465 peers=2 p2p=aligned aligned=True failed=
2026-09-22 18:15:04 OK port 18182 [quick] height=51465 peers=2 p2p=aligned aligned=True failed=
2026-09-22 18:15:04 OK mesh aligned 18180:h51465/p2 18181:h51465/p2 18182:h51465/p2
2026-09-22 18:20:05 OK port 18180 [quick] height=51484 peers=2 p2p=aligned aligned=True failed=
2026-09-22 18:20:05 OK port 18181 [quick] height=51484 peers=2 p2p=aligned aligned=True failed=
2026-09-22 18:20:05 OK port 18182 [quick] height=51484 peers=2 p2p=aligned aligned=True failed=
2026-09-22 18:20:05 OK mesh aligned 18180:h51484/p2 18181:h51484/p2 18182:h51484/p2
2026-09-22 18:25:06 OK port 18180 [quick] height=51503 peers=2 p2p=aligned aligned=True failed=
2026-09-22 18:25:06 OK port 18181 [quick] height=51503 peers=2 p2p=aligned aligned=True failed=
2026-09-22 18:25:06 OK port 18182 [quick] height=51503 peers=2 p2p=aligned aligned=True failed=
2026-09-22 18:25:06 OK mesh aligned 18180:h51503/p2 18181:h51503/p2 18182:h51503/p2
2026-09-22 18:30:08 OK port 18180 [quick] height=51522 peers=2 p2p=aligned aligned=True failed=
2026-09-22 18:30:08 OK port 18181 [quick] height=51522 peers=2 p2p=aligned aligned=True failed=
2026-09-22 18:30:08 OK port 18182 [quick] height=51522 peers=2 p2p=aligned aligned=True failed=
2026-09-22 18:30:08 OK mesh aligned 18180:h51522/p2 18181:h51522/p2 18182:h51522/p2
2026-09-22 18:35:09 OK port 18180 [full] height=51541 peers=2 p2p=aligned aligned=True failed=
2026-09-22 18:35:09 OK port 18181 [full] height=51541 peers=2 p2p=aligned aligned=True failed=
2026-09-22 18:35:09 OK port 18182 [full] height=51541 peers=2 p2p=aligned aligned=True failed=
2026-09-22 18:35:09 OK mesh aligned 18180:h51541/p2 18181:h51541/p2 18182:h51541/p2
2026-09-22 18:40:11 OK port 18180 [quick] height=51560 peers=2 p2p=aligned aligned=True failed=
2026-09-22 18:40:11 OK port 18181 [quick] height=51560 peers=2 p2p=aligned aligned=True failed=
2026-09-22 18:40:11 OK port 18182 [quick] height=51560 peers=2 p2p=aligned aligned=True failed=
2026-09-22 18:40:11 OK mesh aligned 18180:h51560/p2 18181:h51560/p2 18182:h51560/p2
2026-09-22 18:45:12 OK port 18180 [quick] height=51579 peers=2 p2p=aligned aligned=True failed=
2026-09-22 18:45:12 OK port 18181 [quick] height=51579 peers=2 p2p=aligned aligned=True failed=
2026-09-22 18:45:12 OK port 18182 [quick] height=51579 peers=2 p2p=aligned aligned=True failed=
2026-09-22 18:45:12 OK mesh aligned 18180:h51579/p2 18181:h51579/p2 18182:h51579/p2
2026-09-22 18:50:13 OK port 18180 [quick] height=51598 peers=2 p2p=aligned aligned=True failed=
2026-09-22 18:50:13 OK port 18181 [quick] height=51598 peers=2 p2p=aligned aligned=True failed=
2026-09-22 18:50:13 OK port 18182 [quick] height=51598 peers=2 p2p=aligned aligned=True failed=
2026-09-22 18:50:13 OK mesh aligned 18180:h51598/p2 18181:h51598/p2 18182:h51598/p2
2026-09-22 18:55:15 OK port 18180 [quick] height=51617 peers=2 p2p=aligned aligned=True failed=
2026-09-22 18:55:15 OK port 18181 [quick] height=51617 peers=2 p2p=aligned aligned=True failed=
2026-09-22 18:55:15 OK port 18182 [quick] height=51617 peers=2 p2p=aligned aligned=True failed=
2026-09-22 18:55:15 OK mesh aligned 18180:h51617/p2 18181:h51617/p2 18182:h51617/p2
2026-09-22 19:00:16 OK port 18180 [quick] height=51636 peers=2 p2p=aligned aligned=True failed=
2026-09-22 19:00:16 OK port 18181 [quick] height=51636 peers=2 p2p=aligned aligned=True failed=
2026-09-22 19:00:16 OK port 18182 [quick] height=51636 peers=2 p2p=aligned aligned=True failed=
2026-09-22 19:00:16 OK mesh aligned 18180:h51636/p2 18181:h51636/p2 18182:h51636/p2
2026-09-22 19:05:17 OK port 18180 [full] height=51655 peers=2 p2p=aligned aligned=True failed=
2026-09-22 19:05:17 OK port 18181 [full] height=51655 peers=2 p2p=aligned aligned=True failed=
2026-09-22 19:05:17 OK port 18182 [full] height=51655 peers=2 p2p=aligned aligned=True failed=
2026-09-22 19:05:17 OK mesh aligned 18180:h51655/p2 18181:h51655/p2 18182:h51655/p2
2026-09-22 19:10:19 OK port 18180 [quick] height=51674 peers=2 p2p=aligned aligned=True failed=
2026-09-22 19:10:19 OK port 18181 [quick] height=51674 peers=2 p2p=aligned aligned=True failed=
2026-09-22 19:10:19 OK port 18182 [quick] height=51674 peers=2 p2p=aligned aligned=True failed=
2026-09-22 19:10:20 OK mesh aligned 18180:h51674/p2 18181:h51674/p2 18182:h51674/p2
2026-09-22 19:15:22 OK port 18180 [quick] height=51692 peers=2 p2p=aligned aligned=True failed=
2026-09-22 19:15:22 OK port 18181 [quick] height=51692 peers=2 p2p=aligned aligned=True failed=
2026-09-22 19:15:22 OK port 18182 [quick] height=51692 peers=2 p2p=aligned aligned=True failed=
2026-09-22 19:15:22 OK mesh aligned 18180:h51692/p2 18181:h51692/p2 18182:h51692/p2
2026-09-22 19:20:25 OK port 18180 [quick] height=51712 peers=2 p2p=tip_skew aligned=True failed=
2026-09-22 19:20:25 OK port 18181 [quick] height=51711 peers=2 p2p=aligned aligned=True failed=
2026-09-22 19:20:25 OK port 18182 [quick] height=51711 peers=2 p2p=aligned aligned=True failed=
2026-09-22 19:20:25 OK mesh aligned 18180:h51712/p2 18181:h51711/p2 18182:h51711/p2 transient_delta=1
2026-09-22 19:25:27 OK port 18180 [quick] height=51731 peers=2 p2p=aligned aligned=True failed=
2026-09-22 19:25:27 OK port 18181 [quick] height=51731 peers=2 p2p=aligned aligned=True failed=
2026-09-22 19:25:27 OK port 18182 [quick] height=51731 peers=2 p2p=tip_skew aligned=True failed=
2026-09-22 19:25:27 OK mesh aligned 18180:h51731/p2 18181:h51731/p2 18182:h51731/p2
2026-09-22 19:30:29 OK port 18180 [quick] height=51750 peers=2 p2p=aligned aligned=True failed=
2026-09-22 19:30:29 OK port 18181 [quick] height=51750 peers=2 p2p=aligned aligned=True failed=
2026-09-22 19:30:29 OK port 18182 [quick] height=51750 peers=2 p2p=aligned aligned=True failed=
2026-09-22 19:30:29 OK mesh aligned 18180:h51750/p2 18181:h51750/p2 18182:h51750/p2
2026-09-22 19:35:31 OK port 18180 [full] height=51769 peers=2 p2p=tip_skew aligned=True failed=
2026-09-22 19:35:31 OK port 18181 [full] height=51768 peers=2 p2p=aligned aligned=True failed=
2026-09-22 19:35:31 OK port 18182 [full] height=51769 peers=2 p2p=aligned aligned=True failed=
2026-09-22 19:35:31 OK mesh aligned 18180:h51769/p2 18181:h51768/p2 18182:h51769/p2 transient_delta=1
2026-09-22 19:40:33 OK port 18180 [quick] height=51788 peers=2 p2p=aligned aligned=True failed=
2026-09-22 19:40:33 OK port 18181 [quick] height=51788 peers=2 p2p=aligned aligned=True failed=
2026-09-22 19:40:33 OK port 18182 [quick] height=51788 peers=2 p2p=aligned aligned=True failed=
2026-09-22 19:40:33 OK mesh aligned 18180:h51788/p2 18181:h51788/p2 18182:h51788/p2
2026-09-22 19:45:35 OK port 18180 [quick] height=51807 peers=2 p2p=aligned aligned=True failed=
2026-09-22 19:45:35 OK port 18181 [quick] height=51807 peers=2 p2p=aligned aligned=True failed=
2026-09-22 19:45:35 OK port 18182 [quick] height=51807 peers=2 p2p=aligned aligned=True failed=
2026-09-22 19:45:35 OK mesh aligned 18180:h51807/p2 18181:h51807/p2 18182:h51807/p2
2026-09-22 19:50:38 OK port 18180 [quick] height=51826 peers=2 p2p=tip_skew aligned=True failed=
2026-09-22 19:50:38 OK port 18181 [quick] height=51825 peers=2 p2p=tip_skew aligned=True failed=
2026-09-22 19:50:38 OK port 18182 [quick] height=51825 peers=2 p2p=tip_skew aligned=True failed=
2026-09-22 19:50:38 OK mesh aligned 18180:h51826/p2 18181:h51825/p2 18182:h51825/p2 transient_delta=1
2026-09-22 19:55:40 OK port 18180 [quick] height=51845 peers=2 p2p=aligned aligned=True failed=
2026-09-22 19:55:40 OK port 18181 [quick] height=51845 peers=2 p2p=aligned aligned=True failed=
2026-09-22 19:55:40 OK port 18182 [quick] height=51845 peers=2 p2p=aligned aligned=True failed=
2026-09-22 19:55:40 OK mesh aligned 18180:h51845/p2 18181:h51845/p2 18182:h51845/p2
2026-09-22 20:00:41 OK port 18180 [quick] height=51864 peers=2 p2p=aligned aligned=True failed=
2026-09-22 20:00:41 OK port 18181 [quick] height=51864 peers=2 p2p=aligned aligned=True failed=
2026-09-22 20:00:41 OK port 18182 [quick] height=51864 peers=2 p2p=aligned aligned=True failed=
2026-09-22 20:00:41 OK mesh aligned 18180:h51864/p2 18181:h51864/p2 18182:h51864/p2
2026-09-22 20:05:43 OK port 18180 [full] height=51883 peers=2 p2p=aligned aligned=True failed=
2026-09-22 20:05:43 OK port 18181 [full] height=51883 peers=2 p2p=aligned aligned=True failed=
2026-09-22 20:05:43 OK port 18182 [full] height=51883 peers=2 p2p=aligned aligned=True failed=
2026-09-22 20:05:43 OK mesh aligned 18180:h51883/p2 18181:h51883/p2 18182:h51883/p2
2026-09-22 20:10:44 OK port 18180 [quick] height=51902 peers=2 p2p=aligned aligned=True failed=
2026-09-22 20:10:44 OK port 18181 [quick] height=51902 peers=2 p2p=aligned aligned=True failed=
2026-09-22 20:10:44 OK port 18182 [quick] height=51902 peers=2 p2p=aligned aligned=True failed=
2026-09-22 20:10:44 OK mesh aligned 18180:h51902/p2 18181:h51902/p2 18182:h51902/p2
2026-09-22 20:15:45 OK port 18180 [quick] height=51920 peers=2 p2p=aligned aligned=True failed=
2026-09-22 20:15:45 OK port 18181 [quick] height=51920 peers=2 p2p=aligned aligned=True failed=
2026-09-22 20:15:45 OK port 18182 [quick] height=51920 peers=2 p2p=aligned aligned=True failed=
2026-09-22 20:15:45 OK mesh aligned 18180:h51920/p2 18181:h51920/p2 18182:h51920/p2
2026-09-22 20:20:46 OK port 18180 [quick] height=51940 peers=2 p2p=aligned aligned=True failed=
2026-09-22 20:20:46 OK port 18181 [quick] height=51940 peers=2 p2p=aligned aligned=True failed=
2026-09-22 20:20:46 OK port 18182 [quick] height=51940 peers=2 p2p=aligned aligned=True failed=
2026-09-22 20:20:46 OK mesh aligned 18180:h51940/p2 18181:h51940/p2 18182:h51940/p2
2026-09-22 20:25:49 OK port 18180 [quick] height=51959 peers=2 p2p=tip_skew aligned=True failed=
2026-09-22 20:25:49 OK port 18181 [quick] height=51958 peers=2 p2p=aligned aligned=True failed=
2026-09-22 20:25:49 OK port 18182 [quick] height=51958 peers=2 p2p=tip_skew aligned=True failed=
2026-09-22 20:25:49 OK mesh aligned 18180:h51959/p2 18181:h51958/p2 18182:h51958/p2 transient_delta=1
2026-09-22 20:30:50 OK port 18180 [quick] height=51978 peers=2 p2p=aligned aligned=True failed=
2026-09-22 20:30:50 OK port 18181 [quick] height=51978 peers=2 p2p=aligned aligned=True failed=
2026-09-22 20:30:50 OK port 18182 [quick] height=51978 peers=2 p2p=aligned aligned=True failed=
2026-09-22 20:30:50 OK mesh aligned 18180:h51978/p2 18181:h51978/p2 18182:h51978/p2
2026-09-22 20:35:52 OK port 18180 [full] height=51997 peers=2 p2p=aligned aligned=True failed=
2026-09-22 20:35:52 OK port 18181 [full] height=51997 peers=2 p2p=aligned aligned=True failed=
2026-09-22 20:35:52 OK port 18182 [full] height=51997 peers=2 p2p=aligned aligned=True failed=
2026-09-22 20:35:52 OK mesh aligned 18180:h51997/p2 18181:h51997/p2 18182:h51997/p2
2026-09-22 20:40:54 OK port 18180 [quick] height=52016 peers=2 p2p=tip_skew aligned=True failed=
2026-09-22 20:40:54 OK port 18181 [quick] height=52016 peers=2 p2p=aligned aligned=True failed=
2026-09-22 20:40:54 OK port 18182 [quick] height=52016 peers=2 p2p=aligned aligned=True failed=
2026-09-22 20:40:54 OK mesh aligned 18180:h52016/p2 18181:h52016/p2 18182:h52016/p2
2026-09-22 20:45:55 OK port 18180 [quick] height=52035 peers=2 p2p=aligned aligned=True failed=
2026-09-22 20:45:55 OK port 18181 [quick] height=52035 peers=2 p2p=aligned aligned=True failed=
2026-09-22 20:45:55 OK port 18182 [quick] height=52035 peers=2 p2p=aligned aligned=True failed=
2026-09-22 20:45:55 OK mesh aligned 18180:h52035/p2 18181:h52035/p2 18182:h52035/p2
2026-09-22 20:50:57 OK port 18180 [quick] height=52054 peers=2 p2p=aligned aligned=True failed=
2026-09-22 20:50:57 OK port 18181 [quick] height=52054 peers=2 p2p=aligned aligned=True failed=
2026-09-22 20:50:57 OK port 18182 [quick] height=52054 peers=2 p2p=aligned aligned=True failed=
2026-09-22 20:50:57 OK mesh aligned 18180:h52054/p2 18181:h52054/p2 18182:h52054/p2
2026-09-22 20:55:58 OK port 18180 [quick] height=52073 peers=2 p2p=aligned aligned=True failed=
2026-09-22 20:55:58 OK port 18181 [quick] height=52073 peers=2 p2p=aligned aligned=True failed=
2026-09-22 20:55:58 OK port 18182 [quick] height=52073 peers=2 p2p=aligned aligned=True failed=
2026-09-22 20:55:58 OK mesh aligned 18180:h52073/p2 18181:h52073/p2 18182:h52073/p2
2026-09-22 21:00:59 OK port 18180 [quick] height=52092 peers=2 p2p=aligned aligned=True failed=
2026-09-22 21:00:59 OK port 18181 [quick] height=52092 peers=2 p2p=aligned aligned=True failed=
2026-09-22 21:00:59 OK port 18182 [quick] height=52092 peers=2 p2p=aligned aligned=True failed=
2026-09-22 21:00:59 OK mesh aligned 18180:h52092/p2 18181:h52092/p2 18182:h52092/p2
2026-09-22 21:06:00 OK port 18180 [full] height=52111 peers=2 p2p=aligned aligned=True failed=
2026-09-22 21:06:00 OK port 18181 [full] height=52111 peers=2 p2p=aligned aligned=True failed=
2026-09-22 21:06:00 OK port 18182 [full] height=52111 peers=2 p2p=aligned aligned=True failed=
2026-09-22 21:06:00 OK mesh aligned 18180:h52111/p2 18181:h52111/p2 18182:h52111/p2
2026-09-22 21:11:02 OK port 18180 [quick] height=52130 peers=2 p2p=aligned aligned=True failed=
2026-09-22 21:11:02 OK port 18181 [quick] height=52130 peers=2 p2p=aligned aligned=True failed=
2026-09-22 21:11:02 OK port 18182 [quick] height=52130 peers=2 p2p=aligned aligned=True failed=
2026-09-22 21:11:02 OK mesh aligned 18180:h52130/p2 18181:h52130/p2 18182:h52130/p2
2026-09-22 21:16:03 OK port 18180 [quick] height=52149 peers=2 p2p=aligned aligned=True failed=
2026-09-22 21:16:03 OK port 18181 [quick] height=52149 peers=2 p2p=aligned aligned=True failed=
2026-09-22 21:16:03 OK port 18182 [quick] height=52149 peers=2 p2p=aligned aligned=True failed=
2026-09-22 21:16:03 OK mesh aligned 18180:h52149/p2 18181:h52149/p2 18182:h52149/p2
2026-09-22 21:21:04 OK port 18180 [quick] height=52167 peers=2 p2p=aligned aligned=True failed=
2026-09-22 21:21:04 OK port 18181 [quick] height=52167 peers=2 p2p=aligned aligned=True failed=
2026-09-22 21:21:04 OK port 18182 [quick] height=52167 peers=2 p2p=aligned aligned=True failed=
2026-09-22 21:21:04 OK mesh aligned 18180:h52167/p2 18181:h52167/p2 18182:h52167/p2
2026-09-22 21:26:05 OK port 18180 [quick] height=52186 peers=2 p2p=aligned aligned=True failed=
2026-09-22 21:26:05 OK port 18181 [quick] height=52186 peers=2 p2p=aligned aligned=True failed=
2026-09-22 21:26:05 OK port 18182 [quick] height=52186 peers=2 p2p=aligned aligned=True failed=
2026-09-22 21:26:05 OK mesh aligned 18180:h52186/p2 18181:h52186/p2 18182:h52186/p2
2026-09-22 21:31:06 OK port 18180 [quick] height=52205 peers=2 p2p=aligned aligned=True failed=
2026-09-22 21:31:06 OK port 18181 [quick] height=52205 peers=2 p2p=aligned aligned=True failed=
2026-09-22 21:31:06 OK port 18182 [quick] height=52205 peers=2 p2p=aligned aligned=True failed=
2026-09-22 21:31:06 OK mesh aligned 18180:h52205/p2 18181:h52205/p2 18182:h52205/p2
2026-09-22 21:36:07 OK port 18180 [full] height=52224 peers=2 p2p=aligned aligned=True failed=
2026-09-22 21:36:07 OK port 18181 [full] height=52224 peers=2 p2p=aligned aligned=True failed=
2026-09-22 21:36:07 OK port 18182 [full] height=52224 peers=2 p2p=aligned aligned=True failed=
2026-09-22 21:36:07 OK mesh aligned 18180:h52224/p2 18181:h52224/p2 18182:h52224/p2
2026-09-22 21:41:09 OK port 18180 [quick] height=52243 peers=2 p2p=aligned aligned=True failed=
2026-09-22 21:41:09 OK port 18181 [quick] height=52243 peers=2 p2p=aligned aligned=True failed=
2026-09-22 21:41:09 OK port 18182 [quick] height=52243 peers=2 p2p=aligned aligned=True failed=
2026-09-22 21:41:09 OK mesh aligned 18180:h52243/p2 18181:h52243/p2 18182:h52243/p2
2026-09-22 21:46:10 OK port 18180 [quick] height=52262 peers=2 p2p=aligned aligned=True failed=
2026-09-22 21:46:10 OK port 18181 [quick] height=52262 peers=2 p2p=aligned aligned=True failed=
2026-09-22 21:46:10 OK port 18182 [quick] height=52262 peers=2 p2p=aligned aligned=True failed=
2026-09-22 21:46:10 OK mesh aligned 18180:h52262/p2 18181:h52262/p2 18182:h52262/p2
2026-09-22 21:51:11 OK port 18180 [quick] height=52281 peers=2 p2p=aligned aligned=True failed=
2026-09-22 21:51:11 OK port 18181 [quick] height=52281 peers=2 p2p=aligned aligned=True failed=
2026-09-22 21:51:11 OK port 18182 [quick] height=52281 peers=2 p2p=aligned aligned=True failed=
2026-09-22 21:51:11 OK mesh aligned 18180:h52281/p2 18181:h52281/p2 18182:h52281/p2
2026-09-22 21:56:12 OK port 18180 [quick] height=52300 peers=2 p2p=aligned aligned=True failed=
2026-09-22 21:56:12 OK port 18181 [quick] height=52300 peers=2 p2p=aligned aligned=True failed=
2026-09-22 21:56:12 OK port 18182 [quick] height=52300 peers=2 p2p=aligned aligned=True failed=
2026-09-22 21:56:12 OK mesh aligned 18180:h52300/p2 18181:h52300/p2 18182:h52300/p2
2026-09-22 22:01:13 OK port 18180 [quick] height=52319 peers=2 p2p=aligned aligned=True failed=
2026-09-22 22:01:13 OK port 18181 [quick] height=52319 peers=2 p2p=aligned aligned=True failed=
2026-09-22 22:01:13 OK port 18182 [quick] height=52319 peers=2 p2p=aligned aligned=True failed=
2026-09-22 22:01:13 OK mesh aligned 18180:h52319/p2 18181:h52319/p2 18182:h52319/p2
2026-09-22 22:06:14 OK port 18180 [full] height=52338 peers=2 p2p=aligned aligned=True failed=
2026-09-22 22:06:14 OK port 18181 [full] height=52338 peers=2 p2p=aligned aligned=True failed=
2026-09-22 22:06:14 OK port 18182 [full] height=52338 peers=2 p2p=aligned aligned=True failed=
2026-09-22 22:06:14 OK mesh aligned 18180:h52338/p2 18181:h52338/p2 18182:h52338/p2
2026-09-22 22:11:15 OK port 18180 [quick] height=52357 peers=2 p2p=aligned aligned=True failed=
2026-09-22 22:11:15 OK port 18181 [quick] height=52357 peers=2 p2p=aligned aligned=True failed=
2026-09-22 22:11:15 OK port 18182 [quick] height=52357 peers=2 p2p=aligned aligned=True failed=
2026-09-22 22:11:15 OK mesh aligned 18180:h52357/p2 18181:h52357/p2 18182:h52357/p2
2026-09-22 22:16:16 OK port 18180 [quick] height=52376 peers=2 p2p=aligned aligned=True failed=
2026-09-22 22:16:16 OK port 18181 [quick] height=52376 peers=2 p2p=aligned aligned=True failed=
2026-09-22 22:16:16 OK port 18182 [quick] height=52376 peers=2 p2p=aligned aligned=True failed=
2026-09-22 22:16:16 OK mesh aligned 18180:h52376/p2 18181:h52376/p2 18182:h52376/p2
2026-09-22 22:21:17 OK port 18180 [quick] height=52395 peers=2 p2p=aligned aligned=True failed=
2026-09-22 22:21:17 OK port 18181 [quick] height=52395 peers=2 p2p=aligned aligned=True failed=
2026-09-22 22:21:17 OK port 18182 [quick] height=52395 peers=2 p2p=aligned aligned=True failed=
2026-09-22 22:21:17 OK mesh aligned 18180:h52395/p2 18181:h52395/p2 18182:h52395/p2
2026-09-22 22:26:19 OK port 18180 [quick] height=52414 peers=2 p2p=aligned aligned=True failed=
2026-09-22 22:26:19 OK port 18181 [quick] height=52414 peers=2 p2p=aligned aligned=True failed=
2026-09-22 22:26:19 OK port 18182 [quick] height=52414 peers=2 p2p=aligned aligned=True failed=
2026-09-22 22:26:19 OK mesh aligned 18180:h52414/p2 18181:h52414/p2 18182:h52414/p2
2026-09-22 22:31:20 OK port 18180 [quick] height=52433 peers=2 p2p=aligned aligned=True failed=
2026-09-22 22:31:20 OK port 18181 [quick] height=52433 peers=2 p2p=aligned aligned=True failed=
2026-09-22 22:31:20 OK port 18182 [quick] height=52433 peers=2 p2p=aligned aligned=True failed=
2026-09-22 22:31:20 OK mesh aligned 18180:h52433/p2 18181:h52433/p2 18182:h52433/p2
2026-09-22 22:36:21 OK port 18180 [full] height=52452 peers=2 p2p=aligned aligned=True failed=
2026-09-22 22:36:21 OK port 18181 [full] height=52452 peers=2 p2p=aligned aligned=True failed=
2026-09-22 22:36:21 OK port 18182 [full] height=52452 peers=2 p2p=aligned aligned=True failed=
2026-09-22 22:36:21 OK mesh aligned 18180:h52452/p2 18181:h52452/p2 18182:h52452/p2
2026-09-22 22:41:22 OK port 18180 [quick] height=52471 peers=2 p2p=aligned aligned=True failed=
2026-09-22 22:41:22 OK port 18181 [quick] height=52471 peers=2 p2p=aligned aligned=True failed=
2026-09-22 22:41:22 OK port 18182 [quick] height=52471 peers=2 p2p=aligned aligned=True failed=
2026-09-22 22:41:22 OK mesh aligned 18180:h52471/p2 18181:h52471/p2 18182:h52471/p2
2026-09-22 22:46:23 OK port 18180 [quick] height=52490 peers=2 p2p=aligned aligned=True failed=
2026-09-22 22:46:23 OK port 18181 [quick] height=52490 peers=2 p2p=aligned aligned=True failed=
2026-09-22 22:46:23 OK port 18182 [quick] height=52490 peers=2 p2p=aligned aligned=True failed=
2026-09-22 22:46:23 OK mesh aligned 18180:h52490/p2 18181:h52490/p2 18182:h52490/p2
2026-09-22 22:51:25 OK port 18180 [quick] height=52509 peers=2 p2p=aligned aligned=True failed=
2026-09-22 22:51:25 OK port 18181 [quick] height=52509 peers=2 p2p=aligned aligned=True failed=
2026-09-22 22:51:25 OK port 18182 [quick] height=52509 peers=2 p2p=aligned aligned=True failed=
2026-09-22 22:51:25 OK mesh aligned 18180:h52509/p2 18181:h52509/p2 18182:h52509/p2
2026-09-22 22:56:26 OK port 18180 [quick] height=52528 peers=2 p2p=aligned aligned=True failed=
2026-09-22 22:56:26 OK port 18181 [quick] height=52528 peers=2 p2p=aligned aligned=True failed=
2026-09-22 22:56:26 OK port 18182 [quick] height=52528 peers=2 p2p=aligned aligned=True failed=
2026-09-22 22:56:26 OK mesh aligned 18180:h52528/p2 18181:h52528/p2 18182:h52528/p2
2026-09-22 23:01:28 OK port 18180 [quick] height=52547 peers=2 p2p=tip_skew aligned=True failed=
2026-09-22 23:01:28 OK port 18181 [quick] height=52547 peers=2 p2p=aligned aligned=True failed=
2026-09-22 23:01:28 OK port 18182 [quick] height=52547 peers=2 p2p=aligned aligned=True failed=
2026-09-22 23:01:28 OK mesh aligned 18180:h52547/p2 18181:h52547/p2 18182:h52547/p2
2026-09-22 23:06:29 OK port 18180 [full] height=52565 peers=2 p2p=aligned aligned=True failed=
2026-09-22 23:06:29 OK port 18181 [full] height=52565 peers=2 p2p=aligned aligned=True failed=
2026-09-22 23:06:29 OK port 18182 [full] height=52565 peers=2 p2p=aligned aligned=True failed=
2026-09-22 23:06:29 OK mesh aligned 18180:h52565/p2 18181:h52565/p2 18182:h52565/p2
2026-09-22 23:11:31 OK port 18180 [quick] height=52584 peers=2 p2p=aligned aligned=True failed=
2026-09-22 23:11:31 OK port 18181 [quick] height=52584 peers=2 p2p=aligned aligned=True failed=
2026-09-22 23:11:31 OK port 18182 [quick] height=52584 peers=2 p2p=aligned aligned=True failed=
2026-09-22 23:11:31 OK mesh aligned 18180:h52584/p2 18181:h52584/p2 18182:h52584/p2
2026-09-22 23:16:32 OK port 18180 [quick] height=52603 peers=2 p2p=aligned aligned=True failed=
2026-09-22 23:16:32 OK port 18181 [quick] height=52603 peers=2 p2p=aligned aligned=True failed=
2026-09-22 23:16:32 OK port 18182 [quick] height=52603 peers=2 p2p=aligned aligned=True failed=
2026-09-22 23:16:32 OK mesh aligned 18180:h52603/p2 18181:h52603/p2 18182:h52603/p2
2026-09-22 23:21:33 OK port 18180 [quick] height=52622 peers=2 p2p=aligned aligned=True failed=
2026-09-22 23:21:33 OK port 18181 [quick] height=52622 peers=2 p2p=aligned aligned=True failed=
2026-09-22 23:21:33 OK port 18182 [quick] height=52622 peers=2 p2p=aligned aligned=True failed=
2026-09-22 23:21:33 OK mesh aligned 18180:h52622/p2 18181:h52622/p2 18182:h52622/p2
2026-09-22 23:26:34 OK port 18180 [quick] height=52641 peers=2 p2p=aligned aligned=True failed=
2026-09-22 23:26:34 OK port 18181 [quick] height=52641 peers=2 p2p=aligned aligned=True failed=
2026-09-22 23:26:34 OK port 18182 [quick] height=52641 peers=2 p2p=aligned aligned=True failed=
2026-09-22 23:26:34 OK mesh aligned 18180:h52641/p2 18181:h52641/p2 18182:h52641/p2
2026-09-22 23:31:36 OK port 18180 [quick] height=52660 peers=2 p2p=aligned aligned=True failed=
2026-09-22 23:31:36 OK port 18181 [quick] height=52660 peers=2 p2p=aligned aligned=True failed=
2026-09-22 23:31:36 OK port 18182 [quick] height=52660 peers=2 p2p=aligned aligned=True failed=
2026-09-22 23:31:36 OK mesh aligned 18180:h52660/p2 18181:h52660/p2 18182:h52660/p2
2026-09-22 23:36:37 OK port 18180 [full] height=52679 peers=2 p2p=aligned aligned=True failed=
2026-09-22 23:36:37 OK port 18181 [full] height=52679 peers=2 p2p=aligned aligned=True failed=
2026-09-22 23:36:37 OK port 18182 [full] height=52679 peers=2 p2p=aligned aligned=True failed=
2026-09-22 23:36:37 OK mesh aligned 18180:h52679/p2 18181:h52679/p2 18182:h52679/p2
2026-09-22 23:41:38 OK port 18180 [quick] height=52698 peers=2 p2p=aligned aligned=True failed=
2026-09-22 23:41:38 OK port 18181 [quick] height=52698 peers=2 p2p=aligned aligned=True failed=
2026-09-22 23:41:38 OK port 18182 [quick] height=52698 peers=2 p2p=aligned aligned=True failed=
2026-09-22 23:41:38 OK mesh aligned 18180:h52698/p2 18181:h52698/p2 18182:h52698/p2
2026-09-22 23:46:39 OK port 18180 [quick] height=52717 peers=2 p2p=aligned aligned=True failed=
2026-09-22 23:46:39 OK port 18181 [quick] height=52717 peers=2 p2p=aligned aligned=True failed=
2026-09-22 23:46:39 OK port 18182 [quick] height=52717 peers=2 p2p=aligned aligned=True failed=
2026-09-22 23:46:39 OK mesh aligned 18180:h52717/p2 18181:h52717/p2 18182:h52717/p2
2026-09-22 23:51:41 OK port 18180 [quick] height=52736 peers=2 p2p=aligned aligned=True failed=
2026-09-22 23:51:41 OK port 18181 [quick] height=52736 peers=2 p2p=aligned aligned=True failed=
2026-09-22 23:51:41 OK port 18182 [quick] height=52736 peers=2 p2p=aligned aligned=True failed=
2026-09-22 23:51:41 OK mesh aligned 18180:h52736/p2 18181:h52736/p2 18182:h52736/p2
2026-09-22 23:56:42 OK port 18180 [quick] height=52755 peers=2 p2p=aligned aligned=True failed=
2026-09-22 23:56:42 OK port 18181 [quick] height=52755 peers=2 p2p=aligned aligned=True failed=
2026-09-22 23:56:42 OK port 18182 [quick] height=52755 peers=2 p2p=aligned aligned=True failed=
2026-09-22 23:56:42 OK mesh aligned 18180:h52755/p2 18181:h52755/p2 18182:h52755/p2
2026-09-23 00:01:43 OK port 18180 [quick] height=52774 peers=2 p2p=aligned aligned=True failed=
2026-09-23 00:01:43 OK port 18181 [quick] height=52774 peers=2 p2p=aligned aligned=True failed=
2026-09-23 00:01:43 OK port 18182 [quick] height=52774 peers=2 p2p=aligned aligned=True failed=
2026-09-23 00:01:43 OK mesh aligned 18180:h52774/p2 18181:h52774/p2 18182:h52774/p2
2026-09-23 00:06:44 OK port 18180 [full] height=52793 peers=2 p2p=aligned aligned=True failed=
2026-09-23 00:06:44 OK port 18181 [full] height=52793 peers=2 p2p=aligned aligned=True failed=
2026-09-23 00:06:44 OK port 18182 [full] height=52793 peers=2 p2p=aligned aligned=True failed=
2026-09-23 00:06:44 OK mesh aligned 18180:h52793/p2 18181:h52793/p2 18182:h52793/p2
2026-09-23 00:11:45 OK port 18180 [quick] height=52812 peers=2 p2p=aligned aligned=True failed=
2026-09-23 00:11:45 OK port 18181 [quick] height=52812 peers=2 p2p=aligned aligned=True failed=
2026-09-23 00:11:45 OK port 18182 [quick] height=52812 peers=2 p2p=aligned aligned=True failed=
2026-09-23 00:11:45 OK mesh aligned 18180:h52812/p2 18181:h52812/p2 18182:h52812/p2
2026-09-23 00:16:47 OK port 18180 [quick] height=52831 peers=2 p2p=aligned aligned=True failed=
2026-09-23 00:16:47 OK port 18181 [quick] height=52831 peers=2 p2p=tip_skew aligned=True failed=
2026-09-23 00:16:47 OK port 18182 [quick] height=52831 peers=2 p2p=aligned aligned=True failed=
2026-09-23 00:16:47 OK mesh aligned 18180:h52831/p2 18181:h52831/p2 18182:h52831/p2
2026-09-23 00:21:49 OK port 18180 [quick] height=52850 peers=2 p2p=tip_skew aligned=True failed=
2026-09-23 00:21:49 OK port 18181 [quick] height=52850 peers=2 p2p=tip_skew aligned=True failed=
2026-09-23 00:21:49 OK port 18182 [quick] height=52850 peers=2 p2p=aligned aligned=True failed=
2026-09-23 00:21:49 OK mesh aligned 18180:h52850/p2 18181:h52850/p2 18182:h52850/p2
2026-09-23 00:26:50 OK port 18180 [quick] height=52869 peers=2 p2p=aligned aligned=True failed=
2026-09-23 00:26:50 OK port 18181 [quick] height=52869 peers=2 p2p=aligned aligned=True failed=
2026-09-23 00:26:50 OK port 18182 [quick] height=52869 peers=2 p2p=aligned aligned=True failed=
2026-09-23 00:26:50 OK mesh aligned 18180:h52869/p2 18181:h52869/p2 18182:h52869/p2
2026-09-23 00:31:51 OK port 18180 [quick] height=52888 peers=2 p2p=aligned aligned=True failed=
2026-09-23 00:31:51 OK port 18181 [quick] height=52888 peers=2 p2p=aligned aligned=True failed=
2026-09-23 00:31:51 OK port 18182 [quick] height=52888 peers=2 p2p=aligned aligned=True failed=
2026-09-23 00:31:51 OK mesh aligned 18180:h52888/p2 18181:h52888/p2 18182:h52888/p2
2026-09-23 00:36:52 OK port 18180 [full] height=52907 peers=2 p2p=aligned aligned=True failed=
2026-09-23 00:36:52 OK port 18181 [full] height=52907 peers=2 p2p=aligned aligned=True failed=
2026-09-23 00:36:52 OK port 18182 [full] height=52907 peers=2 p2p=aligned aligned=True failed=
2026-09-23 00:36:53 OK mesh aligned 18180:h52907/p2 18181:h52907/p2 18182:h52907/p2
2026-09-23 00:41:54 OK port 18180 [quick] height=52926 peers=2 p2p=aligned aligned=True failed=
2026-09-23 00:41:54 OK port 18181 [quick] height=52926 peers=2 p2p=aligned aligned=True failed=
2026-09-23 00:41:54 OK port 18182 [quick] height=52926 peers=2 p2p=aligned aligned=True failed=
2026-09-23 00:41:54 OK mesh aligned 18180:h52926/p2 18181:h52926/p2 18182:h52926/p2
2026-09-23 00:46:55 OK port 18180 [quick] height=52945 peers=2 p2p=aligned aligned=True failed=
2026-09-23 00:46:55 OK port 18181 [quick] height=52945 peers=2 p2p=aligned aligned=True failed=
2026-09-23 00:46:55 OK port 18182 [quick] height=52945 peers=2 p2p=aligned aligned=True failed=
2026-09-23 00:46:55 OK mesh aligned 18180:h52945/p2 18181:h52945/p2 18182:h52945/p2
2026-09-23 00:51:56 OK port 18180 [quick] height=52964 peers=2 p2p=aligned aligned=True failed=
2026-09-23 00:51:56 OK port 18181 [quick] height=52964 peers=2 p2p=aligned aligned=True failed=
2026-09-23 00:51:56 OK port 18182 [quick] height=52964 peers=2 p2p=aligned aligned=True failed=
2026-09-23 00:51:56 OK mesh aligned 18180:h52964/p2 18181:h52964/p2 18182:h52964/p2
2026-09-23 00:56:57 OK port 18180 [quick] height=52983 peers=2 p2p=aligned aligned=True failed=
2026-09-23 00:56:57 OK port 18181 [quick] height=52983 peers=2 p2p=aligned aligned=True failed=
2026-09-23 00:56:57 OK port 18182 [quick] height=52983 peers=2 p2p=aligned aligned=True failed=
2026-09-23 00:56:57 OK mesh aligned 18180:h52983/p2 18181:h52983/p2 18182:h52983/p2
2026-09-23 01:01:58 OK port 18180 [quick] height=53002 peers=2 p2p=aligned aligned=True failed=
2026-09-23 01:01:58 OK port 18181 [quick] height=53002 peers=2 p2p=aligned aligned=True failed=
2026-09-23 01:01:58 OK port 18182 [quick] height=53002 peers=2 p2p=aligned aligned=True failed=
2026-09-23 01:01:58 OK mesh aligned 18180:h53002/p2 18181:h53002/p2 18182:h53002/p2
2026-09-23 01:06:59 OK port 18180 [full] height=53021 peers=2 p2p=aligned aligned=True failed=
2026-09-23 01:06:59 OK port 18181 [full] height=53021 peers=2 p2p=aligned aligned=True failed=
2026-09-23 01:06:59 OK port 18182 [full] height=53021 peers=2 p2p=aligned aligned=True failed=
2026-09-23 01:06:59 OK mesh aligned 18180:h53021/p2 18181:h53021/p2 18182:h53021/p2
2026-09-23 01:12:00 OK port 18180 [quick] height=53040 peers=2 p2p=aligned aligned=True failed=
2026-09-23 01:12:00 OK port 18181 [quick] height=53040 peers=2 p2p=aligned aligned=True failed=
2026-09-23 01:12:00 OK port 18182 [quick] height=53040 peers=2 p2p=aligned aligned=True failed=
2026-09-23 01:12:00 OK mesh aligned 18180:h53040/p2 18181:h53040/p2 18182:h53040/p2
2026-09-23 01:17:02 OK port 18180 [quick] height=53059 peers=2 p2p=aligned aligned=True failed=
2026-09-23 01:17:02 OK port 18181 [quick] height=53059 peers=2 p2p=aligned aligned=True failed=
2026-09-23 01:17:02 OK port 18182 [quick] height=53059 peers=2 p2p=aligned aligned=True failed=
2026-09-23 01:17:02 OK mesh aligned 18180:h53059/p2 18181:h53059/p2 18182:h53059/p2
2026-09-23 01:22:03 OK port 18180 [quick] height=53078 peers=2 p2p=aligned aligned=True failed=
2026-09-23 01:22:03 OK port 18181 [quick] height=53078 peers=2 p2p=aligned aligned=True failed=
2026-09-23 01:22:03 OK port 18182 [quick] height=53078 peers=2 p2p=aligned aligned=True failed=
2026-09-23 01:22:03 OK mesh aligned 18180:h53078/p2 18181:h53078/p2 18182:h53078/p2
2026-09-23 01:27:06 OK port 18180 [quick] height=53097 peers=2 p2p=aligned aligned=True failed=
2026-09-23 01:27:06 OK port 18181 [quick] height=53097 peers=2 p2p=aligned aligned=True failed=
2026-09-23 01:27:06 OK port 18182 [quick] height=53097 peers=2 p2p=aligned aligned=True failed=
2026-09-23 01:27:06 OK mesh aligned 18180:h53097/p2 18181:h53097/p2 18182:h53097/p2
2026-09-23 01:32:07 OK port 18180 [quick] height=53116 peers=2 p2p=aligned aligned=True failed=
2026-09-23 01:32:07 OK port 18181 [quick] height=53116 peers=2 p2p=aligned aligned=True failed=
2026-09-23 01:32:07 OK port 18182 [quick] height=53116 peers=2 p2p=aligned aligned=True failed=
2026-09-23 01:32:07 OK mesh aligned 18180:h53116/p2 18181:h53116/p2 18182:h53116/p2
2026-09-23 01:37:08 OK port 18180 [full] height=53135 peers=2 p2p=aligned aligned=True failed=
2026-09-23 01:37:08 OK port 18181 [full] height=53135 peers=2 p2p=aligned aligned=True failed=
2026-09-23 01:37:08 OK port 18182 [full] height=53135 peers=2 p2p=aligned aligned=True failed=
2026-09-23 01:37:09 OK mesh aligned 18180:h53135/p2 18181:h53135/p2 18182:h53135/p2
2026-09-23 01:42:10 OK port 18180 [quick] height=53154 peers=2 p2p=aligned aligned=True failed=
2026-09-23 01:42:10 OK port 18181 [quick] height=53154 peers=2 p2p=aligned aligned=True failed=
2026-09-23 01:42:10 OK port 18182 [quick] height=53154 peers=2 p2p=aligned aligned=True failed=
2026-09-23 01:42:10 OK mesh aligned 18180:h53154/p2 18181:h53154/p2 18182:h53154/p2
2026-09-23 01:47:11 OK port 18180 [quick] height=53173 peers=2 p2p=aligned aligned=True failed=
2026-09-23 01:47:11 OK port 18181 [quick] height=53173 peers=2 p2p=aligned aligned=True failed=
2026-09-23 01:47:11 OK port 18182 [quick] height=53173 peers=2 p2p=aligned aligned=True failed=
2026-09-23 01:47:11 OK mesh aligned 18180:h53173/p2 18181:h53173/p2 18182:h53173/p2
2026-09-23 01:52:12 OK port 18180 [quick] height=53191 peers=2 p2p=aligned aligned=True failed=
2026-09-23 01:52:12 OK port 18181 [quick] height=53191 peers=2 p2p=aligned aligned=True failed=
2026-09-23 01:52:12 OK port 18182 [quick] height=53191 peers=2 p2p=aligned aligned=True failed=
2026-09-23 01:52:12 OK mesh aligned 18180:h53191/p2 18181:h53191/p2 18182:h53191/p2
2026-09-23 01:57:13 OK port 18180 [quick] height=53210 peers=2 p2p=aligned aligned=True failed=
2026-09-23 01:57:14 OK port 18181 [quick] height=53210 peers=2 p2p=aligned aligned=True failed=
2026-09-23 01:57:14 OK port 18182 [quick] height=53210 peers=2 p2p=aligned aligned=True failed=
2026-09-23 01:57:14 OK mesh aligned 18180:h53210/p2 18181:h53210/p2 18182:h53210/p2
2026-09-23 02:02:15 OK port 18180 [quick] height=53229 peers=2 p2p=aligned aligned=True failed=
2026-09-23 02:02:15 OK port 18181 [quick] height=53229 peers=2 p2p=aligned aligned=True failed=
2026-09-23 02:02:15 OK port 18182 [quick] height=53229 peers=2 p2p=aligned aligned=True failed=
2026-09-23 02:02:15 OK mesh aligned 18180:h53229/p2 18181:h53229/p2 18182:h53229/p2
2026-09-23 02:07:16 OK port 18180 [full] height=53248 peers=2 p2p=aligned aligned=True failed=
2026-09-23 02:07:16 OK port 18181 [full] height=53248 peers=2 p2p=aligned aligned=True failed=
2026-09-23 02:07:16 OK port 18182 [full] height=53248 peers=2 p2p=aligned aligned=True failed=
2026-09-23 02:07:16 OK mesh aligned 18180:h53248/p2 18181:h53248/p2 18182:h53248/p2
2026-09-23 02:12:17 OK port 18180 [quick] height=53267 peers=2 p2p=aligned aligned=True failed=
2026-09-23 02:12:17 OK port 18181 [quick] height=53267 peers=2 p2p=aligned aligned=True failed=
2026-09-23 02:12:17 OK port 18182 [quick] height=53267 peers=2 p2p=aligned aligned=True failed=
2026-09-23 02:12:17 OK mesh aligned 18180:h53267/p2 18181:h53267/p2 18182:h53267/p2
2026-09-23 02:17:18 OK port 18180 [quick] height=53286 peers=2 p2p=aligned aligned=True failed=
2026-09-23 02:17:18 OK port 18181 [quick] height=53286 peers=2 p2p=aligned aligned=True failed=
2026-09-23 02:17:18 OK port 18182 [quick] height=53286 peers=2 p2p=aligned aligned=True failed=
2026-09-23 02:17:18 OK mesh aligned 18180:h53286/p2 18181:h53286/p2 18182:h53286/p2
2026-09-23 02:22:19 OK port 18180 [quick] height=53305 peers=2 p2p=aligned aligned=True failed=
2026-09-23 02:22:19 OK port 18181 [quick] height=53305 peers=2 p2p=aligned aligned=True failed=
2026-09-23 02:22:19 OK port 18182 [quick] height=53305 peers=2 p2p=aligned aligned=True failed=
2026-09-23 02:22:19 OK mesh aligned 18180:h53305/p2 18181:h53305/p2 18182:h53305/p2
2026-09-23 02:27:20 OK port 18180 [quick] height=53324 peers=2 p2p=aligned aligned=True failed=
2026-09-23 02:27:20 OK port 18181 [quick] height=53324 peers=2 p2p=aligned aligned=True failed=
2026-09-23 02:27:20 OK port 18182 [quick] height=53324 peers=2 p2p=aligned aligned=True failed=
2026-09-23 02:27:20 OK mesh aligned 18180:h53324/p2 18181:h53324/p2 18182:h53324/p2
2026-09-23 02:32:22 OK port 18180 [quick] height=53343 peers=2 p2p=aligned aligned=True failed=
2026-09-23 02:32:22 OK port 18181 [quick] height=53343 peers=2 p2p=aligned aligned=True failed=
2026-09-23 02:32:22 OK port 18182 [quick] height=53343 peers=2 p2p=aligned aligned=True failed=
2026-09-23 02:32:22 OK mesh aligned 18180:h53343/p2 18181:h53343/p2 18182:h53343/p2
2026-09-23 02:37:23 OK port 18180 [full] height=53362 peers=2 p2p=aligned aligned=True failed=
2026-09-23 02:37:23 OK port 18181 [full] height=53362 peers=2 p2p=aligned aligned=True failed=
2026-09-23 02:37:23 OK port 18182 [full] height=53362 peers=2 p2p=aligned aligned=True failed=
2026-09-23 02:37:23 OK mesh aligned 18180:h53362/p2 18181:h53362/p2 18182:h53362/p2
2026-09-23 02:42:24 OK port 18180 [quick] height=53381 peers=2 p2p=aligned aligned=True failed=
2026-09-23 02:42:24 OK port 18181 [quick] height=53381 peers=2 p2p=aligned aligned=True failed=
2026-09-23 02:42:24 OK port 18182 [quick] height=53381 peers=2 p2p=aligned aligned=True failed=
2026-09-23 02:42:24 OK mesh aligned 18180:h53381/p2 18181:h53381/p2 18182:h53381/p2
2026-09-23 02:47:25 OK port 18180 [quick] height=53400 peers=2 p2p=aligned aligned=True failed=
2026-09-23 02:47:25 OK port 18181 [quick] height=53400 peers=2 p2p=aligned aligned=True failed=
2026-09-23 02:47:25 OK port 18182 [quick] height=53400 peers=2 p2p=aligned aligned=True failed=
2026-09-23 02:47:25 OK mesh aligned 18180:h53400/p2 18181:h53400/p2 18182:h53400/p2
2026-09-23 02:52:26 OK port 18180 [quick] height=53419 peers=2 p2p=aligned aligned=True failed=
2026-09-23 02:52:26 OK port 18181 [quick] height=53419 peers=2 p2p=aligned aligned=True failed=
2026-09-23 02:52:26 OK port 18182 [quick] height=53419 peers=2 p2p=aligned aligned=True failed=
2026-09-23 02:52:26 OK mesh aligned 18180:h53419/p2 18181:h53419/p2 18182:h53419/p2
2026-09-23 02:57:27 OK port 18180 [quick] height=53438 peers=2 p2p=aligned aligned=True failed=
2026-09-23 02:57:27 OK port 18181 [quick] height=53438 peers=2 p2p=aligned aligned=True failed=
2026-09-23 02:57:27 OK port 18182 [quick] height=53438 peers=2 p2p=aligned aligned=True failed=
2026-09-23 02:57:27 OK mesh aligned 18180:h53438/p2 18181:h53438/p2 18182:h53438/p2
2026-09-23 03:02:28 OK port 18180 [quick] height=53457 peers=2 p2p=aligned aligned=True failed=
2026-09-23 03:02:28 OK port 18181 [quick] height=53457 peers=2 p2p=aligned aligned=True failed=
2026-09-23 03:02:28 OK port 18182 [quick] height=53457 peers=2 p2p=aligned aligned=True failed=
2026-09-23 03:02:28 OK mesh aligned 18180:h53457/p2 18181:h53457/p2 18182:h53457/p2
2026-09-23 03:07:30 OK port 18180 [full] height=53476 peers=2 p2p=aligned aligned=True failed=
2026-09-23 03:07:30 OK port 18181 [full] height=53476 peers=2 p2p=aligned aligned=True failed=
2026-09-23 03:07:30 OK port 18182 [full] height=53476 peers=2 p2p=aligned aligned=True failed=
2026-09-23 03:07:30 OK mesh aligned 18180:h53476/p2 18181:h53476/p2 18182:h53476/p2
2026-09-23 03:12:31 OK port 18180 [quick] height=53495 peers=2 p2p=aligned aligned=True failed=
2026-09-23 03:12:31 OK port 18181 [quick] height=53495 peers=2 p2p=aligned aligned=True failed=
2026-09-23 03:12:31 OK port 18182 [quick] height=53495 peers=2 p2p=aligned aligned=True failed=
2026-09-23 03:12:31 OK mesh aligned 18180:h53495/p2 18181:h53495/p2 18182:h53495/p2
2026-09-23 03:17:32 OK port 18180 [quick] height=53514 peers=2 p2p=aligned aligned=True failed=
2026-09-23 03:17:32 OK port 18181 [quick] height=53514 peers=2 p2p=aligned aligned=True failed=
2026-09-23 03:17:32 OK port 18182 [quick] height=53514 peers=2 p2p=aligned aligned=True failed=
2026-09-23 03:17:32 OK mesh aligned 18180:h53514/p2 18181:h53514/p2 18182:h53514/p2
2026-09-23 03:22:35 OK port 18180 [quick] height=53532 peers=2 p2p=aligned aligned=True failed=
2026-09-23 03:22:35 OK port 18181 [quick] height=53532 peers=2 p2p=aligned aligned=True failed=
2026-09-23 03:22:35 OK port 18182 [quick] height=53532 peers=2 p2p=aligned aligned=True failed=
2026-09-23 03:22:35 OK mesh aligned 18180:h53532/p2 18181:h53532/p2 18182:h53532/p2
2026-09-23 03:27:39 OK port 18180 [quick] height=53551 peers=2 p2p=aligned aligned=True failed=
2026-09-23 03:27:39 OK port 18181 [quick] height=53551 peers=2 p2p=aligned aligned=True failed=
2026-09-23 03:27:39 OK port 18182 [quick] height=53551 peers=2 p2p=aligned aligned=True failed=
2026-09-23 03:27:39 OK mesh aligned 18180:h53551/p2 18181:h53551/p2 18182:h53551/p2
2026-09-23 03:32:41 OK port 18180 [quick] height=53571 peers=2 p2p=aligned aligned=True failed=
2026-09-23 03:32:41 OK port 18181 [quick] height=53571 peers=2 p2p=tip_skew aligned=True failed=
2026-09-23 03:32:41 OK port 18182 [quick] height=53571 peers=2 p2p=aligned aligned=True failed=
2026-09-23 03:32:41 OK mesh aligned 18180:h53571/p2 18181:h53571/p2 18182:h53571/p2
2026-09-23 03:37:42 OK port 18180 [full] height=53589 peers=2 p2p=aligned aligned=True failed=
2026-09-23 03:37:42 OK port 18181 [full] height=53589 peers=2 p2p=aligned aligned=True failed=
2026-09-23 03:37:42 OK port 18182 [full] height=53589 peers=2 p2p=aligned aligned=True failed=
2026-09-23 03:37:42 OK mesh aligned 18180:h53589/p2 18181:h53589/p2 18182:h53589/p2
2026-09-23 03:42:43 OK port 18180 [quick] height=53608 peers=2 p2p=aligned aligned=True failed=
2026-09-23 03:42:43 OK port 18181 [quick] height=53608 peers=2 p2p=aligned aligned=True failed=
2026-09-23 03:42:43 OK port 18182 [quick] height=53608 peers=2 p2p=aligned aligned=True failed=
2026-09-23 03:42:43 OK mesh aligned 18180:h53608/p2 18181:h53608/p2 18182:h53608/p2
2026-09-23 03:47:45 OK port 18180 [quick] height=53627 peers=2 p2p=aligned aligned=True failed=
2026-09-23 03:47:45 OK port 18181 [quick] height=53627 peers=2 p2p=aligned aligned=True failed=
2026-09-23 03:47:45 OK port 18182 [quick] height=53627 peers=2 p2p=aligned aligned=True failed=
2026-09-23 03:47:45 OK mesh aligned 18180:h53627/p2 18181:h53627/p2 18182:h53627/p2
2026-09-23 03:52:46 OK port 18180 [quick] height=53646 peers=2 p2p=aligned aligned=True failed=
2026-09-23 03:52:46 OK port 18181 [quick] height=53646 peers=2 p2p=aligned aligned=True failed=
2026-09-23 03:52:46 OK port 18182 [quick] height=53646 peers=2 p2p=aligned aligned=True failed=
2026-09-23 03:52:46 OK mesh aligned 18180:h53646/p2 18181:h53646/p2 18182:h53646/p2
2026-09-23 03:57:47 OK port 18180 [quick] height=53665 peers=2 p2p=aligned aligned=True failed=
2026-09-23 03:57:47 OK port 18181 [quick] height=53665 peers=2 p2p=aligned aligned=True failed=
2026-09-23 03:57:47 OK port 18182 [quick] height=53665 peers=2 p2p=aligned aligned=True failed=
2026-09-23 03:57:47 OK mesh aligned 18180:h53665/p2 18181:h53665/p2 18182:h53665/p2
2026-09-23 04:02:49 OK port 18180 [quick] height=53684 peers=2 p2p=aligned aligned=True failed=
2026-09-23 04:02:49 OK port 18181 [quick] height=53684 peers=2 p2p=aligned aligned=True failed=
2026-09-23 04:02:49 OK port 18182 [quick] height=53684 peers=2 p2p=aligned aligned=True failed=
2026-09-23 04:02:49 OK mesh aligned 18180:h53684/p2 18181:h53684/p2 18182:h53684/p2
2026-09-23 04:07:50 OK port 18180 [full] height=53703 peers=2 p2p=aligned aligned=True failed=
2026-09-23 04:07:50 OK port 18181 [full] height=53703 peers=2 p2p=aligned aligned=True failed=
2026-09-23 04:07:50 OK port 18182 [full] height=53703 peers=2 p2p=aligned aligned=True failed=
2026-09-23 04:07:50 OK mesh aligned 18180:h53703/p2 18181:h53703/p2 18182:h53703/p2
2026-09-23 04:12:51 OK port 18180 [quick] height=53723 peers=2 p2p=aligned aligned=True failed=
2026-09-23 04:12:51 OK port 18181 [quick] height=53723 peers=2 p2p=aligned aligned=True failed=
2026-09-23 04:12:51 OK port 18182 [quick] height=53723 peers=2 p2p=aligned aligned=True failed=
2026-09-23 04:12:51 OK mesh aligned 18180:h53723/p2 18181:h53723/p2 18182:h53723/p2
2026-09-23 04:17:53 OK port 18180 [quick] height=53741 peers=2 p2p=aligned aligned=True failed=
2026-09-23 04:17:53 OK port 18181 [quick] height=53741 peers=2 p2p=aligned aligned=True failed=
2026-09-23 04:17:53 OK port 18182 [quick] height=53741 peers=2 p2p=aligned aligned=True failed=
2026-09-23 04:17:53 OK mesh aligned 18180:h53741/p2 18181:h53741/p2 18182:h53741/p2
2026-09-23 04:22:54 OK port 18180 [quick] height=53760 peers=2 p2p=aligned aligned=True failed=
2026-09-23 04:22:54 OK port 18181 [quick] height=53760 peers=2 p2p=aligned aligned=True failed=
2026-09-23 04:22:54 OK port 18182 [quick] height=53760 peers=2 p2p=aligned aligned=True failed=
2026-09-23 04:22:54 OK mesh aligned 18180:h53760/p2 18181:h53760/p2 18182:h53760/p2
2026-09-23 04:27:55 OK port 18180 [quick] height=53779 peers=2 p2p=aligned aligned=True failed=
2026-09-23 04:27:55 OK port 18181 [quick] height=53779 peers=2 p2p=aligned aligned=True failed=
2026-09-23 04:27:55 OK port 18182 [quick] height=53779 peers=2 p2p=aligned aligned=True failed=
2026-09-23 04:27:55 OK mesh aligned 18180:h53779/p2 18181:h53779/p2 18182:h53779/p2
2026-09-23 04:32:57 OK port 18180 [quick] height=53798 peers=2 p2p=aligned aligned=True failed=
2026-09-23 04:32:57 OK port 18181 [quick] height=53798 peers=2 p2p=aligned aligned=True failed=
2026-09-23 04:32:57 OK port 18182 [quick] height=53798 peers=2 p2p=aligned aligned=True failed=
2026-09-23 04:32:57 OK mesh aligned 18180:h53798/p2 18181:h53798/p2 18182:h53798/p2
2026-09-23 04:37:58 OK port 18180 [full] height=53817 peers=2 p2p=aligned aligned=True failed=
2026-09-23 04:37:58 OK port 18181 [full] height=53817 peers=2 p2p=aligned aligned=True failed=
2026-09-23 04:37:58 OK port 18182 [full] height=53817 peers=2 p2p=aligned aligned=True failed=
2026-09-23 04:37:58 OK mesh aligned 18180:h53817/p2 18181:h53817/p2 18182:h53817/p2
2026-09-23 04:42:59 OK port 18180 [quick] height=53836 peers=2 p2p=aligned aligned=True failed=
2026-09-23 04:42:59 OK port 18181 [quick] height=53836 peers=2 p2p=aligned aligned=True failed=
2026-09-23 04:42:59 OK port 18182 [quick] height=53836 peers=2 p2p=aligned aligned=True failed=
2026-09-23 04:42:59 OK mesh aligned 18180:h53836/p2 18181:h53836/p2 18182:h53836/p2
2026-09-23 04:48:00 OK port 18180 [quick] height=53855 peers=2 p2p=aligned aligned=True failed=
2026-09-23 04:48:00 OK port 18181 [quick] height=53855 peers=2 p2p=aligned aligned=True failed=
2026-09-23 04:48:00 OK port 18182 [quick] height=53855 peers=2 p2p=aligned aligned=True failed=
2026-09-23 04:48:00 OK mesh aligned 18180:h53855/p2 18181:h53855/p2 18182:h53855/p2
2026-09-23 04:53:02 OK port 18180 [quick] height=53874 peers=2 p2p=aligned aligned=True failed=
2026-09-23 04:53:02 OK port 18181 [quick] height=53874 peers=2 p2p=aligned aligned=True failed=
2026-09-23 04:53:02 OK port 18182 [quick] height=53874 peers=2 p2p=aligned aligned=True failed=
2026-09-23 04:53:02 OK mesh aligned 18180:h53874/p2 18181:h53874/p2 18182:h53874/p2
2026-09-23 04:58:05 OK port 18180 [quick] height=53893 peers=2 p2p=aligned aligned=True failed=
2026-09-23 04:58:05 OK port 18181 [quick] height=53893 peers=2 p2p=aligned aligned=True failed=
2026-09-23 04:58:05 OK port 18182 [quick] height=53893 peers=2 p2p=aligned aligned=True failed=
2026-09-23 04:58:05 OK mesh aligned 18180:h53893/p2 18181:h53893/p2 18182:h53893/p2
2026-09-23 05:03:06 OK port 18180 [quick] height=53912 peers=2 p2p=aligned aligned=True failed=
2026-09-23 05:03:06 OK port 18181 [quick] height=53912 peers=2 p2p=aligned aligned=True failed=
2026-09-23 05:03:06 OK port 18182 [quick] height=53912 peers=2 p2p=aligned aligned=True failed=
2026-09-23 05:03:06 OK mesh aligned 18180:h53912/p2 18181:h53912/p2 18182:h53912/p2
2026-09-23 05:08:07 OK port 18180 [full] height=53931 peers=2 p2p=aligned aligned=True failed=
2026-09-23 05:08:07 OK port 18181 [full] height=53931 peers=2 p2p=aligned aligned=True failed=
2026-09-23 05:08:07 OK port 18182 [full] height=53931 peers=2 p2p=aligned aligned=True failed=
2026-09-23 05:08:07 OK mesh aligned 18180:h53931/p2 18181:h53931/p2 18182:h53931/p2
2026-09-23 05:13:09 OK port 18180 [quick] height=53950 peers=2 p2p=aligned aligned=True failed=
2026-09-23 05:13:09 OK port 18181 [quick] height=53950 peers=2 p2p=aligned aligned=True failed=
2026-09-23 05:13:09 OK port 18182 [quick] height=53950 peers=2 p2p=aligned aligned=True failed=
2026-09-23 05:13:09 OK mesh aligned 18180:h53950/p2 18181:h53950/p2 18182:h53950/p2
2026-09-23 05:18:12 OK port 18180 [quick] height=53969 peers=2 p2p=tip_skew aligned=True failed=
2026-09-23 05:18:12 OK port 18181 [quick] height=53969 peers=2 p2p=tip_skew aligned=True failed=
2026-09-23 05:18:12 OK port 18182 [quick] height=53969 peers=2 p2p=aligned aligned=True failed=
2026-09-23 05:18:12 OK mesh aligned 18180:h53969/p2 18181:h53969/p2 18182:h53969/p2
2026-09-23 05:23:13 OK port 18180 [quick] height=53987 peers=2 p2p=aligned aligned=True failed=
2026-09-23 05:23:13 OK port 18181 [quick] height=53987 peers=2 p2p=aligned aligned=True failed=
2026-09-23 05:23:13 OK port 18182 [quick] height=53987 peers=2 p2p=aligned aligned=True failed=
2026-09-23 05:23:13 OK mesh aligned 18180:h53987/p2 18181:h53987/p2 18182:h53987/p2
2026-09-23 05:28:14 OK port 18180 [quick] height=54006 peers=2 p2p=aligned aligned=True failed=
2026-09-23 05:28:14 OK port 18181 [quick] height=54006 peers=2 p2p=aligned aligned=True failed=
2026-09-23 05:28:14 OK port 18182 [quick] height=54006 peers=2 p2p=aligned aligned=True failed=
2026-09-23 05:28:14 OK mesh aligned 18180:h54006/p2 18181:h54006/p2 18182:h54006/p2
2026-09-23 05:33:16 OK port 18180 [quick] height=54025 peers=2 p2p=aligned aligned=True failed=
2026-09-23 05:33:16 OK port 18181 [quick] height=54025 peers=2 p2p=aligned aligned=True failed=
2026-09-23 05:33:16 OK port 18182 [quick] height=54025 peers=2 p2p=aligned aligned=True failed=
2026-09-23 05:33:16 OK mesh aligned 18180:h54025/p2 18181:h54025/p2 18182:h54025/p2
2026-09-23 05:38:17 OK port 18180 [full] height=54044 peers=2 p2p=aligned aligned=True failed=
2026-09-23 05:38:17 OK port 18181 [full] height=54044 peers=2 p2p=aligned aligned=True failed=
2026-09-23 05:38:17 OK port 18182 [full] height=54044 peers=2 p2p=aligned aligned=True failed=
2026-09-23 05:38:17 OK mesh aligned 18180:h54044/p2 18181:h54044/p2 18182:h54044/p2
2026-09-23 05:43:19 OK port 18180 [quick] height=54063 peers=2 p2p=aligned aligned=True failed=
2026-09-23 05:43:19 OK port 18181 [quick] height=54063 peers=2 p2p=aligned aligned=True failed=
2026-09-23 05:43:19 OK port 18182 [quick] height=54063 peers=2 p2p=aligned aligned=True failed=
2026-09-23 05:43:19 OK mesh aligned 18180:h54063/p2 18181:h54063/p2 18182:h54063/p2
2026-09-23 05:48:20 OK port 18180 [quick] height=54082 peers=2 p2p=aligned aligned=True failed=
2026-09-23 05:48:20 OK port 18181 [quick] height=54082 peers=2 p2p=aligned aligned=True failed=
2026-09-23 05:48:20 OK port 18182 [quick] height=54082 peers=2 p2p=aligned aligned=True failed=
2026-09-23 05:48:20 OK mesh aligned 18180:h54082/p2 18181:h54082/p2 18182:h54082/p2
2026-09-23 05:53:22 OK port 18180 [quick] height=54101 peers=2 p2p=aligned aligned=True failed=
2026-09-23 05:53:22 OK port 18181 [quick] height=54101 peers=2 p2p=aligned aligned=True failed=
2026-09-23 05:53:22 OK port 18182 [quick] height=54101 peers=2 p2p=aligned aligned=True failed=
2026-09-23 05:53:22 OK mesh aligned 18180:h54101/p2 18181:h54101/p2 18182:h54101/p2
2026-09-23 05:58:23 OK port 18180 [quick] height=54120 peers=2 p2p=aligned aligned=True failed=
2026-09-23 05:58:23 OK port 18181 [quick] height=54120 peers=2 p2p=aligned aligned=True failed=
2026-09-23 05:58:23 OK port 18182 [quick] height=54120 peers=2 p2p=aligned aligned=True failed=
2026-09-23 05:58:23 OK mesh aligned 18180:h54120/p2 18181:h54120/p2 18182:h54120/p2
2026-09-23 06:03:24 OK port 18180 [quick] height=54139 peers=2 p2p=aligned aligned=True failed=
2026-09-23 06:03:24 OK port 18181 [quick] height=54139 peers=2 p2p=aligned aligned=True failed=
2026-09-23 06:03:24 OK port 18182 [quick] height=54139 peers=2 p2p=aligned aligned=True failed=
2026-09-23 06:03:24 OK mesh aligned 18180:h54139/p2 18181:h54139/p2 18182:h54139/p2
2026-09-23 06:08:26 OK port 18180 [full] height=54158 peers=2 p2p=aligned aligned=True failed=
2026-09-23 06:08:26 OK port 18181 [full] height=54158 peers=2 p2p=aligned aligned=True failed=
2026-09-23 06:08:26 OK port 18182 [full] height=54158 peers=2 p2p=aligned aligned=True failed=
2026-09-23 06:08:26 OK mesh aligned 18180:h54158/p2 18181:h54158/p2 18182:h54158/p2
2026-09-23 06:13:27 OK port 18180 [quick] height=54177 peers=2 p2p=aligned aligned=True failed=
2026-09-23 06:13:27 OK port 18181 [quick] height=54177 peers=2 p2p=aligned aligned=True failed=
2026-09-23 06:13:27 OK port 18182 [quick] height=54177 peers=2 p2p=aligned aligned=True failed=
2026-09-23 06:13:27 OK mesh aligned 18180:h54177/p2 18181:h54177/p2 18182:h54177/p2
2026-09-23 06:18:28 OK port 18180 [quick] height=54196 peers=2 p2p=aligned aligned=True failed=
2026-09-23 06:18:28 OK port 18181 [quick] height=54196 peers=2 p2p=aligned aligned=True failed=
2026-09-23 06:18:28 OK port 18182 [quick] height=54196 peers=2 p2p=aligned aligned=True failed=
2026-09-23 06:18:28 OK mesh aligned 18180:h54196/p2 18181:h54196/p2 18182:h54196/p2
2026-09-23 06:23:29 OK port 18180 [quick] height=54215 peers=2 p2p=aligned aligned=True failed=
2026-09-23 06:23:29 OK port 18181 [quick] height=54215 peers=2 p2p=aligned aligned=True failed=
2026-09-23 06:23:29 OK port 18182 [quick] height=54215 peers=2 p2p=aligned aligned=True failed=
2026-09-23 06:23:29 OK mesh aligned 18180:h54215/p2 18181:h54215/p2 18182:h54215/p2
2026-09-23 06:28:31 OK port 18180 [quick] height=54234 peers=2 p2p=aligned aligned=True failed=
2026-09-23 06:28:31 OK port 18181 [quick] height=54234 peers=2 p2p=aligned aligned=True failed=
2026-09-23 06:28:31 OK port 18182 [quick] height=54234 peers=2 p2p=aligned aligned=True failed=
2026-09-23 06:28:31 OK mesh aligned 18180:h54234/p2 18181:h54234/p2 18182:h54234/p2
2026-09-23 06:33:32 OK port 18180 [quick] height=54253 peers=2 p2p=aligned aligned=True failed=
2026-09-23 06:33:32 OK port 18181 [quick] height=54253 peers=2 p2p=aligned aligned=True failed=
2026-09-23 06:33:32 OK port 18182 [quick] height=54253 peers=2 p2p=aligned aligned=True failed=
2026-09-23 06:33:32 OK mesh aligned 18180:h54253/p2 18181:h54253/p2 18182:h54253/p2
2026-09-23 06:38:33 OK port 18180 [full] height=54272 peers=2 p2p=aligned aligned=True failed=
2026-09-23 06:38:33 OK port 18181 [full] height=54272 peers=2 p2p=aligned aligned=True failed=
2026-09-23 06:38:33 OK port 18182 [full] height=54272 peers=2 p2p=aligned aligned=True failed=
2026-09-23 06:38:33 OK mesh aligned 18180:h54272/p2 18181:h54272/p2 18182:h54272/p2
2026-09-23 06:43:34 OK port 18180 [quick] height=54291 peers=2 p2p=aligned aligned=True failed=
2026-09-23 06:43:34 OK port 18181 [quick] height=54291 peers=2 p2p=aligned aligned=True failed=
2026-09-23 06:43:34 OK port 18182 [quick] height=54291 peers=2 p2p=aligned aligned=True failed=
2026-09-23 06:43:34 OK mesh aligned 18180:h54291/p2 18181:h54291/p2 18182:h54291/p2
2026-09-23 06:48:35 OK port 18180 [quick] height=54310 peers=2 p2p=aligned aligned=True failed=
2026-09-23 06:48:35 OK port 18181 [quick] height=54310 peers=2 p2p=aligned aligned=True failed=
2026-09-23 06:48:35 OK port 18182 [quick] height=54310 peers=2 p2p=aligned aligned=True failed=
2026-09-23 06:48:35 OK mesh aligned 18180:h54310/p2 18181:h54310/p2 18182:h54310/p2
2026-09-23 06:53:37 OK port 18180 [quick] height=54329 peers=2 p2p=aligned aligned=True failed=
2026-09-23 06:53:37 OK port 18181 [quick] height=54329 peers=2 p2p=aligned aligned=True failed=
2026-09-23 06:53:37 OK port 18182 [quick] height=54329 peers=2 p2p=aligned aligned=True failed=
2026-09-23 06:53:37 OK mesh aligned 18180:h54329/p2 18181:h54329/p2 18182:h54329/p2
2026-09-23 06:58:38 OK port 18180 [quick] height=54348 peers=2 p2p=aligned aligned=True failed=
2026-09-23 06:58:38 OK port 18181 [quick] height=54348 peers=2 p2p=aligned aligned=True failed=
2026-09-23 06:58:38 OK port 18182 [quick] height=54348 peers=2 p2p=aligned aligned=True failed=
2026-09-23 06:58:38 OK mesh aligned 18180:h54348/p2 18181:h54348/p2 18182:h54348/p2
2026-09-23 07:03:40 OK port 18180 [quick] height=54367 peers=2 p2p=tip_skew aligned=True failed=
2026-09-23 07:03:40 OK port 18181 [quick] height=54367 peers=2 p2p=tip_skew aligned=True failed=
2026-09-23 07:03:40 OK port 18182 [quick] height=54367 peers=2 p2p=aligned aligned=True failed=
2026-09-23 07:03:40 OK mesh aligned 18180:h54367/p2 18181:h54367/p2 18182:h54367/p2
2026-09-23 07:08:42 OK port 18180 [full] height=54386 peers=2 p2p=aligned aligned=True failed=
2026-09-23 07:08:42 OK port 18181 [full] height=54386 peers=2 p2p=aligned aligned=True failed=
2026-09-23 07:08:42 OK port 18182 [full] height=54386 peers=2 p2p=aligned aligned=True failed=
2026-09-23 07:08:42 OK mesh aligned 18180:h54386/p2 18181:h54386/p2 18182:h54386/p2
2026-09-23 07:13:43 OK port 18180 [quick] height=54405 peers=2 p2p=aligned aligned=True failed=
2026-09-23 07:13:43 OK port 18181 [quick] height=54405 peers=2 p2p=aligned aligned=True failed=
2026-09-23 07:13:43 OK port 18182 [quick] height=54405 peers=2 p2p=aligned aligned=True failed=
2026-09-23 07:13:43 OK mesh aligned 18180:h54405/p2 18181:h54405/p2 18182:h54405/p2
2026-09-23 07:18:44 OK port 18180 [quick] height=54424 peers=2 p2p=aligned aligned=True failed=
2026-09-23 07:18:44 OK port 18181 [quick] height=54424 peers=2 p2p=aligned aligned=True failed=
2026-09-23 07:18:44 OK port 18182 [quick] height=54424 peers=2 p2p=aligned aligned=True failed=
2026-09-23 07:18:44 OK mesh aligned 18180:h54424/p2 18181:h54424/p2 18182:h54424/p2
2026-09-23 07:23:45 OK port 18180 [quick] height=54443 peers=2 p2p=aligned aligned=True failed=
2026-09-23 07:23:45 OK port 18181 [quick] height=54443 peers=2 p2p=aligned aligned=True failed=
2026-09-23 07:23:45 OK port 18182 [quick] height=54443 peers=2 p2p=aligned aligned=True failed=
2026-09-23 07:23:45 OK mesh aligned 18180:h54443/p2 18181:h54443/p2 18182:h54443/p2
2026-09-23 07:28:46 OK port 18180 [quick] height=54462 peers=2 p2p=aligned aligned=True failed=
2026-09-23 07:28:46 OK port 18181 [quick] height=54462 peers=2 p2p=aligned aligned=True failed=
2026-09-23 07:28:46 OK port 18182 [quick] height=54462 peers=2 p2p=aligned aligned=True failed=
2026-09-23 07:28:46 OK mesh aligned 18180:h54462/p2 18181:h54462/p2 18182:h54462/p2
2026-09-23 07:33:47 OK port 18180 [quick] height=54481 peers=2 p2p=aligned aligned=True failed=
2026-09-23 07:33:47 OK port 18181 [quick] height=54481 peers=2 p2p=aligned aligned=True failed=
2026-09-23 07:33:47 OK port 18182 [quick] height=54481 peers=2 p2p=aligned aligned=True failed=
2026-09-23 07:33:47 OK mesh aligned 18180:h54481/p2 18181:h54481/p2 18182:h54481/p2
2026-09-23 07:38:48 OK port 18180 [full] height=54500 peers=2 p2p=aligned aligned=True failed=
2026-09-23 07:38:48 OK port 18181 [full] height=54500 peers=2 p2p=aligned aligned=True failed=
2026-09-23 07:38:48 OK port 18182 [full] height=54500 peers=2 p2p=aligned aligned=True failed=
2026-09-23 07:38:48 OK mesh aligned 18180:h54500/p2 18181:h54500/p2 18182:h54500/p2
2026-09-23 07:43:49 OK port 18180 [quick] height=54519 peers=2 p2p=aligned aligned=True failed=
2026-09-23 07:43:49 OK port 18181 [quick] height=54519 peers=2 p2p=aligned aligned=True failed=
2026-09-23 07:43:49 OK port 18182 [quick] height=54519 peers=2 p2p=aligned aligned=True failed=
2026-09-23 07:43:49 OK mesh aligned 18180:h54519/p2 18181:h54519/p2 18182:h54519/p2
2026-09-23 07:48:51 OK port 18180 [quick] height=54538 peers=2 p2p=aligned aligned=True failed=
2026-09-23 07:48:51 OK port 18181 [quick] height=54538 peers=2 p2p=aligned aligned=True failed=
2026-09-23 07:48:51 OK port 18182 [quick] height=54538 peers=2 p2p=aligned aligned=True failed=
2026-09-23 07:48:51 OK mesh aligned 18180:h54538/p2 18181:h54538/p2 18182:h54538/p2
2026-09-23 07:53:53 OK port 18180 [quick] height=54557 peers=2 p2p=aligned aligned=True failed=
2026-09-23 07:53:53 OK port 18181 [quick] height=54557 peers=2 p2p=aligned aligned=True failed=
2026-09-23 07:53:53 OK port 18182 [quick] height=54557 peers=2 p2p=aligned aligned=True failed=
2026-09-23 07:53:53 OK mesh aligned 18180:h54557/p2 18181:h54557/p2 18182:h54557/p2
2026-09-23 07:58:55 OK port 18180 [quick] height=54575 peers=2 p2p=aligned aligned=True failed=
2026-09-23 07:58:55 OK port 18181 [quick] height=54575 peers=2 p2p=aligned aligned=True failed=
2026-09-23 07:58:55 OK port 18182 [quick] height=54575 peers=2 p2p=aligned aligned=True failed=
2026-09-23 07:58:55 OK mesh aligned 18180:h54575/p2 18181:h54575/p2 18182:h54575/p2
2026-09-23 08:03:56 OK port 18180 [quick] height=54594 peers=2 p2p=aligned aligned=True failed=
2026-09-23 08:03:56 OK port 18181 [quick] height=54594 peers=2 p2p=aligned aligned=True failed=
2026-09-23 08:03:56 OK port 18182 [quick] height=54594 peers=2 p2p=aligned aligned=True failed=
2026-09-23 08:03:56 OK mesh aligned 18180:h54594/p2 18181:h54594/p2 18182:h54594/p2
2026-09-23 08:08:57 OK port 18180 [full] height=54613 peers=2 p2p=aligned aligned=True failed=
2026-09-23 08:08:57 OK port 18181 [full] height=54613 peers=2 p2p=aligned aligned=True failed=
2026-09-23 08:08:57 OK port 18182 [full] height=54613 peers=2 p2p=aligned aligned=True failed=
2026-09-23 08:08:57 OK mesh aligned 18180:h54613/p2 18181:h54613/p2 18182:h54613/p2
2026-09-23 08:13:59 OK port 18180 [quick] height=54632 peers=2 p2p=aligned aligned=True failed=
2026-09-23 08:13:59 OK port 18181 [quick] height=54632 peers=2 p2p=aligned aligned=True failed=
2026-09-23 08:13:59 OK port 18182 [quick] height=54632 peers=2 p2p=aligned aligned=True failed=
2026-09-23 08:13:59 OK mesh aligned 18180:h54632/p2 18181:h54632/p2 18182:h54632/p2
2026-09-23 08:19:00 OK port 18180 [quick] height=54651 peers=2 p2p=aligned aligned=True failed=
2026-09-23 08:19:00 OK port 18181 [quick] height=54651 peers=2 p2p=aligned aligned=True failed=
2026-09-23 08:19:00 OK port 18182 [quick] height=54651 peers=2 p2p=aligned aligned=True failed=
2026-09-23 08:19:00 OK mesh aligned 18180:h54651/p2 18181:h54651/p2 18182:h54651/p2
2026-09-23 08:24:02 OK port 18180 [quick] height=54670 peers=2 p2p=aligned aligned=True failed=
2026-09-23 08:24:02 OK port 18181 [quick] height=54670 peers=2 p2p=aligned aligned=True failed=
2026-09-23 08:24:02 OK port 18182 [quick] height=54670 peers=2 p2p=aligned aligned=True failed=
2026-09-23 08:24:02 OK mesh aligned 18180:h54670/p2 18181:h54670/p2 18182:h54670/p2
2026-09-23 08:29:03 OK port 18180 [quick] height=54689 peers=2 p2p=aligned aligned=True failed=
2026-09-23 08:29:03 OK port 18181 [quick] height=54689 peers=2 p2p=aligned aligned=True failed=
2026-09-23 08:29:03 OK port 18182 [quick] height=54689 peers=2 p2p=aligned aligned=True failed=
2026-09-23 08:29:03 OK mesh aligned 18180:h54689/p2 18181:h54689/p2 18182:h54689/p2
2026-09-23 08:34:05 OK port 18180 [quick] height=54708 peers=2 p2p=aligned aligned=True failed=
2026-09-23 08:34:05 OK port 18181 [quick] height=54708 peers=2 p2p=aligned aligned=True failed=
2026-09-23 08:34:05 OK port 18182 [quick] height=54708 peers=2 p2p=aligned aligned=True failed=
2026-09-23 08:34:05 OK mesh aligned 18180:h54708/p2 18181:h54708/p2 18182:h54708/p2
2026-09-23 08:39:06 OK port 18180 [full] height=54727 peers=2 p2p=aligned aligned=True failed=
2026-09-23 08:39:06 OK port 18181 [full] height=54727 peers=2 p2p=aligned aligned=True failed=
2026-09-23 08:39:06 OK port 18182 [full] height=54727 peers=2 p2p=aligned aligned=True failed=
2026-09-23 08:39:06 OK mesh aligned 18180:h54727/p2 18181:h54727/p2 18182:h54727/p2
2026-09-23 08:44:07 OK port 18180 [quick] height=54746 peers=2 p2p=aligned aligned=True failed=
2026-09-23 08:44:07 OK port 18181 [quick] height=54746 peers=2 p2p=aligned aligned=True failed=
2026-09-23 08:44:07 OK port 18182 [quick] height=54746 peers=2 p2p=aligned aligned=True failed=
2026-09-23 08:44:07 OK mesh aligned 18180:h54746/p2 18181:h54746/p2 18182:h54746/p2
2026-09-23 08:49:08 OK port 18180 [quick] height=54765 peers=2 p2p=aligned aligned=True failed=
2026-09-23 08:49:08 OK port 18181 [quick] height=54765 peers=2 p2p=aligned aligned=True failed=
2026-09-23 08:49:08 OK port 18182 [quick] height=54765 peers=2 p2p=aligned aligned=True failed=
2026-09-23 08:49:08 OK mesh aligned 18180:h54765/p2 18181:h54765/p2 18182:h54765/p2
2026-09-23 08:54:10 OK port 18180 [quick] height=54784 peers=2 p2p=aligned aligned=True failed=
2026-09-23 08:54:10 OK port 18181 [quick] height=54784 peers=2 p2p=aligned aligned=True failed=
2026-09-23 08:54:10 OK port 18182 [quick] height=54784 peers=2 p2p=aligned aligned=True failed=
2026-09-23 08:54:10 OK mesh aligned 18180:h54784/p2 18181:h54784/p2 18182:h54784/p2
2026-09-23 08:59:11 OK port 18180 [quick] height=54803 peers=2 p2p=aligned aligned=True failed=
2026-09-23 08:59:11 OK port 18181 [quick] height=54803 peers=2 p2p=aligned aligned=True failed=
2026-09-23 08:59:11 OK port 18182 [quick] height=54803 peers=2 p2p=aligned aligned=True failed=
2026-09-23 08:59:11 OK mesh aligned 18180:h54803/p2 18181:h54803/p2 18182:h54803/p2
2026-09-23 09:04:12 OK port 18180 [quick] height=54822 peers=2 p2p=aligned aligned=True failed=
2026-09-23 09:04:12 OK port 18181 [quick] height=54822 peers=2 p2p=aligned aligned=True failed=
2026-09-23 09:04:12 OK port 18182 [quick] height=54822 peers=2 p2p=aligned aligned=True failed=
2026-09-23 09:04:12 OK mesh aligned 18180:h54822/p2 18181:h54822/p2 18182:h54822/p2
2026-09-23 09:09:13 OK port 18180 [full] height=54841 peers=2 p2p=aligned aligned=True failed=
2026-09-23 09:09:13 OK port 18181 [full] height=54841 peers=2 p2p=aligned aligned=True failed=
2026-09-23 09:09:13 OK port 18182 [full] height=54841 peers=2 p2p=aligned aligned=True failed=
2026-09-23 09:09:13 OK mesh aligned 18180:h54841/p2 18181:h54841/p2 18182:h54841/p2
2026-09-23 09:14:15 OK port 18180 [quick] height=54860 peers=2 p2p=aligned aligned=True failed=
2026-09-23 09:14:15 OK port 18181 [quick] height=54860 peers=2 p2p=aligned aligned=True failed=
2026-09-23 09:14:15 OK port 18182 [quick] height=54860 peers=2 p2p=aligned aligned=True failed=
2026-09-23 09:14:15 OK mesh aligned 18180:h54860/p2 18181:h54860/p2 18182:h54860/p2
2026-09-23 09:19:16 OK port 18180 [quick] height=54879 peers=2 p2p=aligned aligned=True failed=
2026-09-23 09:19:16 OK port 18181 [quick] height=54879 peers=2 p2p=aligned aligned=True failed=
2026-09-23 09:19:16 OK port 18182 [quick] height=54879 peers=2 p2p=aligned aligned=True failed=
2026-09-23 09:19:16 OK mesh aligned 18180:h54879/p2 18181:h54879/p2 18182:h54879/p2
2026-09-23 09:24:17 OK port 18180 [quick] height=54898 peers=2 p2p=aligned aligned=True failed=
2026-09-23 09:24:17 OK port 18181 [quick] height=54898 peers=2 p2p=aligned aligned=True failed=
2026-09-23 09:24:17 OK port 18182 [quick] height=54898 peers=2 p2p=aligned aligned=True failed=
2026-09-23 09:24:17 OK mesh aligned 18180:h54898/p2 18181:h54898/p2 18182:h54898/p2
2026-09-23 09:29:18 OK port 18180 [quick] height=54917 peers=2 p2p=aligned aligned=True failed=
2026-09-23 09:29:18 OK port 18181 [quick] height=54917 peers=2 p2p=aligned aligned=True failed=
2026-09-23 09:29:18 OK port 18182 [quick] height=54917 peers=2 p2p=aligned aligned=True failed=
2026-09-23 09:29:18 OK mesh aligned 18180:h54917/p2 18181:h54917/p2 18182:h54917/p2
2026-09-23 09:34:19 OK port 18180 [quick] height=54936 peers=2 p2p=aligned aligned=True failed=
2026-09-23 09:34:19 OK port 18181 [quick] height=54936 peers=2 p2p=aligned aligned=True failed=
2026-09-23 09:34:19 OK port 18182 [quick] height=54936 peers=2 p2p=aligned aligned=True failed=
2026-09-23 09:34:19 OK mesh aligned 18180:h54936/p2 18181:h54936/p2 18182:h54936/p2
2026-09-23 09:39:20 OK port 18180 [full] height=54955 peers=2 p2p=aligned aligned=True failed=
2026-09-23 09:39:20 OK port 18181 [full] height=54955 peers=2 p2p=aligned aligned=True failed=
2026-09-23 09:39:20 OK port 18182 [full] height=54955 peers=2 p2p=aligned aligned=True failed=
2026-09-23 09:39:20 OK mesh aligned 18180:h54955/p2 18181:h54955/p2 18182:h54955/p2
2026-09-23 09:44:21 OK port 18180 [quick] height=54974 peers=2 p2p=aligned aligned=True failed=
2026-09-23 09:44:21 OK port 18181 [quick] height=54974 peers=2 p2p=aligned aligned=True failed=
2026-09-23 09:44:21 OK port 18182 [quick] height=54974 peers=2 p2p=aligned aligned=True failed=
2026-09-23 09:44:22 OK mesh aligned 18180:h54974/p2 18181:h54974/p2 18182:h54974/p2
2026-09-23 09:49:23 OK port 18180 [quick] height=54993 peers=2 p2p=aligned aligned=True failed=
2026-09-23 09:49:23 OK port 18181 [quick] height=54993 peers=2 p2p=aligned aligned=True failed=
2026-09-23 09:49:23 OK port 18182 [quick] height=54993 peers=2 p2p=aligned aligned=True failed=
2026-09-23 09:49:23 OK mesh aligned 18180:h54993/p2 18181:h54993/p2 18182:h54993/p2
2026-09-23 09:54:24 OK port 18180 [quick] height=55012 peers=2 p2p=aligned aligned=True failed=
2026-09-23 09:54:24 OK port 18181 [quick] height=55012 peers=2 p2p=aligned aligned=True failed=
2026-09-23 09:54:24 OK port 18182 [quick] height=55012 peers=2 p2p=aligned aligned=True failed=
2026-09-23 09:54:24 OK mesh aligned 18180:h55012/p2 18181:h55012/p2 18182:h55012/p2
2026-09-23 09:59:25 OK port 18180 [quick] height=55031 peers=2 p2p=aligned aligned=True failed=
2026-09-23 09:59:25 OK port 18181 [quick] height=55031 peers=2 p2p=aligned aligned=True failed=
2026-09-23 09:59:25 OK port 18182 [quick] height=55031 peers=2 p2p=aligned aligned=True failed=
2026-09-23 09:59:25 OK mesh aligned 18180:h55031/p2 18181:h55031/p2 18182:h55031/p2
2026-09-23 10:04:26 OK port 18180 [quick] height=55050 peers=2 p2p=aligned aligned=True failed=
2026-09-23 10:04:26 OK port 18181 [quick] height=55050 peers=2 p2p=aligned aligned=True failed=
2026-09-23 10:04:26 OK port 18182 [quick] height=55050 peers=2 p2p=aligned aligned=True failed=
2026-09-23 10:04:26 OK mesh aligned 18180:h55050/p2 18181:h55050/p2 18182:h55050/p2
2026-09-23 10:09:28 OK port 18180 [full] height=55069 peers=2 p2p=aligned aligned=True failed=
2026-09-23 10:09:28 OK port 18181 [full] height=55069 peers=2 p2p=aligned aligned=True failed=
2026-09-23 10:09:28 OK port 18182 [full] height=55069 peers=2 p2p=aligned aligned=True failed=
2026-09-23 10:09:28 OK mesh aligned 18180:h55069/p2 18181:h55069/p2 18182:h55069/p2
2026-09-23 10:14:29 OK port 18180 [quick] height=55088 peers=2 p2p=aligned aligned=True failed=
2026-09-23 10:14:29 OK port 18181 [quick] height=55088 peers=2 p2p=aligned aligned=True failed=
2026-09-23 10:14:29 OK port 18182 [quick] height=55088 peers=2 p2p=aligned aligned=True failed=
2026-09-23 10:14:29 OK mesh aligned 18180:h55088/p2 18181:h55088/p2 18182:h55088/p2
2026-09-23 10:19:30 OK port 18180 [quick] height=55107 peers=2 p2p=aligned aligned=True failed=
2026-09-23 10:19:30 OK port 18181 [quick] height=55107 peers=2 p2p=aligned aligned=True failed=
2026-09-23 10:19:30 OK port 18182 [quick] height=55107 peers=2 p2p=aligned aligned=True failed=
2026-09-23 10:19:30 OK mesh aligned 18180:h55107/p2 18181:h55107/p2 18182:h55107/p2
2026-09-23 10:24:31 OK port 18180 [quick] height=55126 peers=2 p2p=aligned aligned=True failed=
2026-09-23 10:24:31 OK port 18181 [quick] height=55126 peers=2 p2p=aligned aligned=True failed=
2026-09-23 10:24:31 OK port 18182 [quick] height=55126 peers=2 p2p=aligned aligned=True failed=
2026-09-23 10:24:31 OK mesh aligned 18180:h55126/p2 18181:h55126/p2 18182:h55126/p2
2026-09-23 10:29:32 OK port 18180 [quick] height=55145 peers=2 p2p=aligned aligned=True failed=
2026-09-23 10:29:32 OK port 18181 [quick] height=55145 peers=2 p2p=aligned aligned=True failed=
2026-09-23 10:29:32 OK port 18182 [quick] height=55145 peers=2 p2p=aligned aligned=True failed=
2026-09-23 10:29:32 OK mesh aligned 18180:h55145/p2 18181:h55145/p2 18182:h55145/p2
2026-09-23 10:34:33 OK port 18180 [quick] height=55164 peers=2 p2p=aligned aligned=True failed=
2026-09-23 10:34:33 OK port 18181 [quick] height=55164 peers=2 p2p=aligned aligned=True failed=
2026-09-23 10:34:33 OK port 18182 [quick] height=55164 peers=2 p2p=aligned aligned=True failed=
2026-09-23 10:34:33 OK mesh aligned 18180:h55164/p2 18181:h55164/p2 18182:h55164/p2
2026-09-23 10:39:34 OK port 18180 [full] height=55183 peers=2 p2p=aligned aligned=True failed=
2026-09-23 10:39:34 OK port 18181 [full] height=55183 peers=2 p2p=aligned aligned=True failed=
2026-09-23 10:39:34 OK port 18182 [full] height=55183 peers=2 p2p=aligned aligned=True failed=
2026-09-23 10:39:34 OK mesh aligned 18180:h55183/p2 18181:h55183/p2 18182:h55183/p2
2026-09-23 10:44:36 OK port 18180 [quick] height=55202 peers=2 p2p=aligned aligned=True failed=
2026-09-23 10:44:36 OK port 18181 [quick] height=55202 peers=2 p2p=aligned aligned=True failed=
2026-09-23 10:44:36 OK port 18182 [quick] height=55202 peers=2 p2p=aligned aligned=True failed=
2026-09-23 10:44:36 OK mesh aligned 18180:h55202/p2 18181:h55202/p2 18182:h55202/p2
2026-09-23 10:49:37 OK port 18180 [quick] height=55221 peers=2 p2p=aligned aligned=True failed=
2026-09-23 10:49:37 OK port 18181 [quick] height=55221 peers=2 p2p=aligned aligned=True failed=
2026-09-23 10:49:37 OK port 18182 [quick] height=55221 peers=2 p2p=aligned aligned=True failed=
2026-09-23 10:49:37 OK mesh aligned 18180:h55221/p2 18181:h55221/p2 18182:h55221/p2
2026-09-23 10:54:38 OK port 18180 [quick] height=55240 peers=2 p2p=aligned aligned=True failed=
2026-09-23 10:54:38 OK port 18181 [quick] height=55240 peers=2 p2p=aligned aligned=True failed=
2026-09-23 10:54:38 OK port 18182 [quick] height=55240 peers=2 p2p=aligned aligned=True failed=
2026-09-23 10:54:38 OK mesh aligned 18180:h55240/p2 18181:h55240/p2 18182:h55240/p2
2026-09-23 10:59:39 OK port 18180 [quick] height=55259 peers=2 p2p=aligned aligned=True failed=
2026-09-23 10:59:39 OK port 18181 [quick] height=55259 peers=2 p2p=aligned aligned=True failed=
2026-09-23 10:59:39 OK port 18182 [quick] height=55259 peers=2 p2p=aligned aligned=True failed=
2026-09-23 10:59:39 OK mesh aligned 18180:h55259/p2 18181:h55259/p2 18182:h55259/p2
2026-09-23 11:04:42 OK port 18180 [quick] height=55278 peers=2 p2p=aligned aligned=True failed=
2026-09-23 11:04:42 OK port 18181 [quick] height=55278 peers=2 p2p=aligned aligned=True failed=
2026-09-23 11:04:42 OK port 18182 [quick] height=55278 peers=2 p2p=aligned aligned=True failed=
2026-09-23 11:04:42 OK mesh aligned 18180:h55278/p2 18181:h55278/p2 18182:h55278/p2
2026-09-23 11:09:43 OK port 18180 [full] height=55296 peers=2 p2p=aligned aligned=True failed=
2026-09-23 11:09:43 OK port 18181 [full] height=55296 peers=2 p2p=aligned aligned=True failed=
2026-09-23 11:09:43 OK port 18182 [full] height=55296 peers=2 p2p=aligned aligned=True failed=
2026-09-23 11:09:43 OK mesh aligned 18180:h55296/p2 18181:h55296/p2 18182:h55296/p2
2026-09-23 11:14:44 OK port 18180 [quick] height=55315 peers=2 p2p=aligned aligned=True failed=
2026-09-23 11:14:44 OK port 18181 [quick] height=55315 peers=2 p2p=aligned aligned=True failed=
2026-09-23 11:14:44 OK port 18182 [quick] height=55315 peers=2 p2p=aligned aligned=True failed=
2026-09-23 11:14:44 OK mesh aligned 18180:h55315/p2 18181:h55315/p2 18182:h55315/p2
2026-09-23 11:19:45 OK port 18180 [quick] height=55334 peers=2 p2p=aligned aligned=True failed=
2026-09-23 11:19:45 OK port 18181 [quick] height=55334 peers=2 p2p=aligned aligned=True failed=
2026-09-23 11:19:45 OK port 18182 [quick] height=55334 peers=2 p2p=aligned aligned=True failed=
2026-09-23 11:19:45 OK mesh aligned 18180:h55334/p2 18181:h55334/p2 18182:h55334/p2
2026-09-23 11:24:46 OK port 18180 [quick] height=55353 peers=2 p2p=aligned aligned=True failed=
2026-09-23 11:24:46 OK port 18181 [quick] height=55353 peers=2 p2p=aligned aligned=True failed=
2026-09-23 11:24:46 OK port 18182 [quick] height=55353 peers=2 p2p=aligned aligned=True failed=
2026-09-23 11:24:46 OK mesh aligned 18180:h55353/p2 18181:h55353/p2 18182:h55353/p2
2026-09-23 11:29:49 OK port 18180 [quick] height=55372 peers=2 p2p=aligned aligned=True failed=
2026-09-23 11:29:49 OK port 18181 [quick] height=55372 peers=2 p2p=aligned aligned=True failed=
2026-09-23 11:29:49 OK port 18182 [quick] height=55372 peers=2 p2p=aligned aligned=True failed=
2026-09-23 11:29:49 OK mesh aligned 18180:h55372/p2 18181:h55372/p2 18182:h55372/p2
2026-09-23 11:34:51 OK port 18180 [quick] height=55392 peers=2 p2p=aligned aligned=True failed=
2026-09-23 11:34:51 OK port 18181 [quick] height=55392 peers=2 p2p=aligned aligned=True failed=
2026-09-23 11:34:51 OK port 18182 [quick] height=55392 peers=2 p2p=aligned aligned=True failed=
2026-09-23 11:34:51 OK mesh aligned 18180:h55392/p2 18181:h55392/p2 18182:h55392/p2
2026-09-23 11:39:53 OK port 18180 [full] height=55411 peers=2 p2p=aligned aligned=True failed=
2026-09-23 11:39:53 OK port 18181 [full] height=55411 peers=2 p2p=aligned aligned=True failed=
2026-09-23 11:39:53 OK port 18182 [full] height=55411 peers=2 p2p=aligned aligned=True failed=
2026-09-23 11:39:53 OK mesh aligned 18180:h55411/p2 18181:h55411/p2 18182:h55411/p2
2026-09-23 11:44:54 OK port 18180 [quick] height=55429 peers=2 p2p=aligned aligned=True failed=
2026-09-23 11:44:54 OK port 18181 [quick] height=55429 peers=2 p2p=aligned aligned=True failed=
2026-09-23 11:44:55 OK port 18182 [quick] height=55429 peers=2 p2p=aligned aligned=True failed=
2026-09-23 11:44:55 OK mesh aligned 18180:h55429/p2 18181:h55429/p2 18182:h55429/p2
2026-09-23 11:49:56 OK port 18180 [quick] height=55448 peers=2 p2p=aligned aligned=True failed=
2026-09-23 11:49:56 OK port 18181 [quick] height=55448 peers=2 p2p=aligned aligned=True failed=
2026-09-23 11:49:56 OK port 18182 [quick] height=55448 peers=2 p2p=aligned aligned=True failed=
2026-09-23 11:49:56 OK mesh aligned 18180:h55448/p2 18181:h55448/p2 18182:h55448/p2
2026-09-23 11:54:57 OK port 18180 [quick] height=55467 peers=2 p2p=aligned aligned=True failed=
2026-09-23 11:54:57 OK port 18181 [quick] height=55467 peers=2 p2p=aligned aligned=True failed=
2026-09-23 11:54:57 OK port 18182 [quick] height=55467 peers=2 p2p=aligned aligned=True failed=
2026-09-23 11:54:57 OK mesh aligned 18180:h55467/p2 18181:h55467/p2 18182:h55467/p2
2026-09-23 11:59:58 OK port 18180 [quick] height=55486 peers=2 p2p=aligned aligned=True failed=
2026-09-23 11:59:58 OK port 18181 [quick] height=55486 peers=2 p2p=aligned aligned=True failed=
2026-09-23 11:59:58 OK port 18182 [quick] height=55486 peers=2 p2p=aligned aligned=True failed=
2026-09-23 11:59:58 OK mesh aligned 18180:h55486/p2 18181:h55486/p2 18182:h55486/p2
2026-09-23 12:04:59 OK port 18180 [quick] height=55505 peers=2 p2p=aligned aligned=True failed=
2026-09-23 12:04:59 OK port 18181 [quick] height=55505 peers=2 p2p=aligned aligned=True failed=
2026-09-23 12:04:59 OK port 18182 [quick] height=55505 peers=2 p2p=aligned aligned=True failed=
2026-09-23 12:04:59 OK mesh aligned 18180:h55505/p2 18181:h55505/p2 18182:h55505/p2
2026-09-23 12:10:00 OK port 18180 [full] height=55524 peers=2 p2p=aligned aligned=True failed=
2026-09-23 12:10:00 OK port 18181 [full] height=55524 peers=2 p2p=aligned aligned=True failed=
2026-09-23 12:10:00 OK port 18182 [full] height=55524 peers=2 p2p=aligned aligned=True failed=
2026-09-23 12:10:00 OK mesh aligned 18180:h55524/p2 18181:h55524/p2 18182:h55524/p2
2026-09-23 12:15:02 OK port 18180 [quick] height=55543 peers=2 p2p=aligned aligned=True failed=
2026-09-23 12:15:02 OK port 18181 [quick] height=55543 peers=2 p2p=aligned aligned=True failed=
2026-09-23 12:15:02 OK port 18182 [quick] height=55543 peers=2 p2p=aligned aligned=True failed=
2026-09-23 12:15:02 OK mesh aligned 18180:h55543/p2 18181:h55543/p2 18182:h55543/p2
2026-09-23 12:20:03 OK port 18180 [quick] height=55562 peers=2 p2p=aligned aligned=True failed=
2026-09-23 12:20:03 OK port 18181 [quick] height=55562 peers=2 p2p=aligned aligned=True failed=
2026-09-23 12:20:03 OK port 18182 [quick] height=55562 peers=2 p2p=aligned aligned=True failed=
2026-09-23 12:20:03 OK mesh aligned 18180:h55562/p2 18181:h55562/p2 18182:h55562/p2
2026-09-23 12:25:04 OK port 18180 [quick] height=55581 peers=2 p2p=aligned aligned=True failed=
2026-09-23 12:25:04 OK port 18181 [quick] height=55581 peers=2 p2p=aligned aligned=True failed=
2026-09-23 12:25:04 OK port 18182 [quick] height=55581 peers=2 p2p=aligned aligned=True failed=
2026-09-23 12:25:04 OK mesh aligned 18180:h55581/p2 18181:h55581/p2 18182:h55581/p2
2026-09-23 12:30:05 OK port 18180 [quick] height=55600 peers=2 p2p=aligned aligned=True failed=
2026-09-23 12:30:05 OK port 18181 [quick] height=55600 peers=2 p2p=aligned aligned=True failed=
2026-09-23 12:30:05 OK port 18182 [quick] height=55600 peers=2 p2p=aligned aligned=True failed=
2026-09-23 12:30:05 OK mesh aligned 18180:h55600/p2 18181:h55600/p2 18182:h55600/p2
2026-09-23 12:35:07 OK port 18180 [quick] height=55619 peers=2 p2p=aligned aligned=True failed=
2026-09-23 12:35:07 OK port 18181 [quick] height=55619 peers=2 p2p=aligned aligned=True failed=
2026-09-23 12:35:07 OK port 18182 [quick] height=55619 peers=2 p2p=aligned aligned=True failed=
2026-09-23 12:35:07 OK mesh aligned 18180:h55619/p2 18181:h55619/p2 18182:h55619/p2
2026-09-23 12:40:08 OK port 18180 [full] height=55638 peers=2 p2p=aligned aligned=True failed=
2026-09-23 12:40:08 OK port 18181 [full] height=55638 peers=2 p2p=aligned aligned=True failed=
2026-09-23 12:40:08 OK port 18182 [full] height=55638 peers=2 p2p=aligned aligned=True failed=
2026-09-23 12:40:08 OK mesh aligned 18180:h55638/p2 18181:h55638/p2 18182:h55638/p2
2026-09-23 12:45:09 OK port 18180 [quick] height=55657 peers=2 p2p=aligned aligned=True failed=
2026-09-23 12:45:09 OK port 18181 [quick] height=55657 peers=2 p2p=aligned aligned=True failed=
2026-09-23 12:45:09 OK port 18182 [quick] height=55657 peers=2 p2p=aligned aligned=True failed=
2026-09-23 12:45:09 OK mesh aligned 18180:h55657/p2 18181:h55657/p2 18182:h55657/p2
2026-09-23 12:50:10 OK port 18180 [quick] height=55676 peers=2 p2p=aligned aligned=True failed=
2026-09-23 12:50:10 OK port 18181 [quick] height=55676 peers=2 p2p=aligned aligned=True failed=
2026-09-23 12:50:10 OK port 18182 [quick] height=55676 peers=2 p2p=aligned aligned=True failed=
2026-09-23 12:50:10 OK mesh aligned 18180:h55676/p2 18181:h55676/p2 18182:h55676/p2
2026-09-23 12:55:11 OK port 18180 [quick] height=55695 peers=2 p2p=aligned aligned=True failed=
2026-09-23 12:55:11 OK port 18181 [quick] height=55695 peers=2 p2p=aligned aligned=True failed=
2026-09-23 12:55:11 OK port 18182 [quick] height=55695 peers=2 p2p=aligned aligned=True failed=
2026-09-23 12:55:11 OK mesh aligned 18180:h55695/p2 18181:h55695/p2 18182:h55695/p2
2026-09-23 13:00:13 OK port 18180 [quick] height=55714 peers=2 p2p=aligned aligned=True failed=
2026-09-23 13:00:13 OK port 18181 [quick] height=55714 peers=2 p2p=aligned aligned=True failed=
2026-09-23 13:00:13 OK port 18182 [quick] height=55714 peers=2 p2p=aligned aligned=True failed=
2026-09-23 13:00:13 OK mesh aligned 18180:h55714/p2 18181:h55714/p2 18182:h55714/p2
2026-09-23 13:05:14 OK port 18180 [quick] height=55733 peers=2 p2p=aligned aligned=True failed=
2026-09-23 13:05:14 OK port 18181 [quick] height=55733 peers=2 p2p=aligned aligned=True failed=
2026-09-23 13:05:14 OK port 18182 [quick] height=55733 peers=2 p2p=aligned aligned=True failed=
2026-09-23 13:05:14 OK mesh aligned 18180:h55733/p2 18181:h55733/p2 18182:h55733/p2
2026-09-23 13:10:15 OK port 18180 [full] height=55752 peers=2 p2p=aligned aligned=True failed=
2026-09-23 13:10:15 OK port 18181 [full] height=55752 peers=2 p2p=aligned aligned=True failed=
2026-09-23 13:10:15 OK port 18182 [full] height=55752 peers=2 p2p=aligned aligned=True failed=
2026-09-23 13:10:15 OK mesh aligned 18180:h55752/p2 18181:h55752/p2 18182:h55752/p2
2026-09-23 13:15:16 OK port 18180 [quick] height=55771 peers=2 p2p=aligned aligned=True failed=
2026-09-23 13:15:16 OK port 18181 [quick] height=55771 peers=2 p2p=aligned aligned=True failed=
2026-09-23 13:15:16 OK port 18182 [quick] height=55771 peers=2 p2p=aligned aligned=True failed=
2026-09-23 13:15:16 OK mesh aligned 18180:h55771/p2 18181:h55771/p2 18182:h55771/p2
2026-09-23 13:20:17 OK port 18180 [quick] height=55790 peers=2 p2p=aligned aligned=True failed=
2026-09-23 13:20:17 OK port 18181 [quick] height=55790 peers=2 p2p=aligned aligned=True failed=
2026-09-23 13:20:17 OK port 18182 [quick] height=55790 peers=2 p2p=aligned aligned=True failed=
2026-09-23 13:20:17 OK mesh aligned 18180:h55790/p2 18181:h55790/p2 18182:h55790/p2
2026-09-23 13:25:20 OK port 18180 [quick] height=55809 peers=2 p2p=aligned aligned=True failed=
2026-09-23 13:25:20 OK port 18181 [quick] height=55809 peers=2 p2p=aligned aligned=True failed=
2026-09-23 13:25:20 OK port 18182 [quick] height=55809 peers=2 p2p=aligned aligned=True failed=
2026-09-23 13:25:20 OK mesh aligned 18180:h55809/p2 18181:h55809/p2 18182:h55809/p2
2026-09-23 13:30:21 OK port 18180 [quick] height=55828 peers=2 p2p=aligned aligned=True failed=
2026-09-23 13:30:21 OK port 18181 [quick] height=55828 peers=2 p2p=aligned aligned=True failed=
2026-09-23 13:30:21 OK port 18182 [quick] height=55828 peers=2 p2p=aligned aligned=True failed=
2026-09-23 13:30:21 OK mesh aligned 18180:h55828/p2 18181:h55828/p2 18182:h55828/p2
2026-09-23 13:35:22 OK port 18180 [quick] height=55847 peers=2 p2p=aligned aligned=True failed=
2026-09-23 13:35:22 OK port 18181 [quick] height=55847 peers=2 p2p=aligned aligned=True failed=
2026-09-23 13:35:22 OK port 18182 [quick] height=55847 peers=2 p2p=aligned aligned=True failed=
2026-09-23 13:35:22 OK mesh aligned 18180:h55847/p2 18181:h55847/p2 18182:h55847/p2
2026-09-23 13:40:23 OK port 18180 [full] height=55866 peers=2 p2p=aligned aligned=True failed=
2026-09-23 13:40:23 OK port 18181 [full] height=55866 peers=2 p2p=aligned aligned=True failed=
2026-09-23 13:40:23 OK port 18182 [full] height=55866 peers=2 p2p=aligned aligned=True failed=
2026-09-23 13:40:23 OK mesh aligned 18180:h55866/p2 18181:h55866/p2 18182:h55866/p2
2026-09-23 13:45:24 OK port 18180 [quick] height=55885 peers=2 p2p=aligned aligned=True failed=
2026-09-23 13:45:24 OK port 18181 [quick] height=55885 peers=2 p2p=aligned aligned=True failed=
2026-09-23 13:45:24 OK port 18182 [quick] height=55885 peers=2 p2p=aligned aligned=True failed=
2026-09-23 13:45:24 OK mesh aligned 18180:h55885/p2 18181:h55885/p2 18182:h55885/p2
2026-09-23 13:50:26 OK port 18180 [quick] height=55904 peers=2 p2p=aligned aligned=True failed=
2026-09-23 13:50:26 OK port 18181 [quick] height=55904 peers=2 p2p=aligned aligned=True failed=
2026-09-23 13:50:26 OK port 18182 [quick] height=55904 peers=2 p2p=aligned aligned=True failed=
2026-09-23 13:50:26 OK mesh aligned 18180:h55904/p2 18181:h55904/p2 18182:h55904/p2
2026-09-23 13:55:27 OK port 18180 [quick] height=55923 peers=2 p2p=aligned aligned=True failed=
2026-09-23 13:55:27 OK port 18181 [quick] height=55923 peers=2 p2p=aligned aligned=True failed=
2026-09-23 13:55:27 OK port 18182 [quick] height=55923 peers=2 p2p=aligned aligned=True failed=
2026-09-23 13:55:27 OK mesh aligned 18180:h55923/p2 18181:h55923/p2 18182:h55923/p2
2026-09-23 14:00:28 OK port 18180 [quick] height=55942 peers=2 p2p=aligned aligned=True failed=
2026-09-23 14:00:28 OK port 18181 [quick] height=55942 peers=2 p2p=aligned aligned=True failed=
2026-09-23 14:00:28 OK port 18182 [quick] height=55942 peers=2 p2p=aligned aligned=True failed=
2026-09-23 14:00:28 OK mesh aligned 18180:h55942/p2 18181:h55942/p2 18182:h55942/p2
2026-09-23 14:05:31 OK port 18180 [quick] height=55961 peers=2 p2p=aligned aligned=True failed=
2026-09-23 14:05:31 OK port 18181 [quick] height=55961 peers=2 p2p=aligned aligned=True failed=
2026-09-23 14:05:31 OK port 18182 [quick] height=55961 peers=2 p2p=aligned aligned=True failed=
2026-09-23 14:05:31 OK mesh aligned 18180:h55961/p2 18181:h55961/p2 18182:h55961/p2
2026-09-23 14:10:32 OK port 18180 [full] height=55980 peers=2 p2p=aligned aligned=True failed=
2026-09-23 14:10:32 OK port 18181 [full] height=55980 peers=2 p2p=aligned aligned=True failed=
2026-09-23 14:10:32 OK port 18182 [full] height=55980 peers=2 p2p=aligned aligned=True failed=
2026-09-23 14:10:32 OK mesh aligned 18180:h55980/p2 18181:h55980/p2 18182:h55980/p2
2026-09-23 14:15:35 OK port 18180 [quick] height=55999 peers=2 p2p=aligned aligned=True failed=
2026-09-23 14:15:35 OK port 18181 [quick] height=55999 peers=2 p2p=aligned aligned=True failed=
2026-09-23 14:15:35 OK port 18182 [quick] height=55999 peers=2 p2p=aligned aligned=True failed=
2026-09-23 14:15:35 OK mesh aligned 18180:h55999/p2 18181:h55999/p2 18182:h55999/p2
2026-09-23 14:20:36 OK port 18180 [quick] height=56018 peers=2 p2p=aligned aligned=True failed=
2026-09-23 14:20:36 OK port 18181 [quick] height=56018 peers=2 p2p=aligned aligned=True failed=
2026-09-23 14:20:36 OK port 18182 [quick] height=56018 peers=2 p2p=aligned aligned=True failed=
2026-09-23 14:20:36 OK mesh aligned 18180:h56018/p2 18181:h56018/p2 18182:h56018/p2
2026-09-23 14:25:39 OK port 18180 [quick] height=56037 peers=2 p2p=aligned aligned=True failed=
2026-09-23 14:25:39 OK port 18181 [quick] height=56037 peers=2 p2p=aligned aligned=True failed=
2026-09-23 14:25:39 OK port 18182 [quick] height=56037 peers=2 p2p=aligned aligned=True failed=
2026-09-23 14:25:39 OK mesh aligned 18180:h56037/p2 18181:h56037/p2 18182:h56037/p2
2026-09-23 14:30:41 OK port 18180 [quick] height=56056 peers=2 p2p=aligned aligned=True failed=
2026-09-23 14:30:41 OK port 18181 [quick] height=56056 peers=2 p2p=aligned aligned=True failed=
2026-09-23 14:30:41 OK port 18182 [quick] height=56056 peers=2 p2p=aligned aligned=True failed=
2026-09-23 14:30:41 OK mesh aligned 18180:h56056/p2 18181:h56056/p2 18182:h56056/p2
2026-09-23 14:35:42 OK port 18180 [quick] height=56075 peers=2 p2p=aligned aligned=True failed=
2026-09-23 14:35:42 OK port 18181 [quick] height=56075 peers=2 p2p=aligned aligned=True failed=
2026-09-23 14:35:42 OK port 18182 [quick] height=56075 peers=2 p2p=aligned aligned=True failed=
2026-09-23 14:35:42 OK mesh aligned 18180:h56075/p2 18181:h56075/p2 18182:h56075/p2
2026-09-23 14:40:43 OK port 18180 [full] height=56094 peers=2 p2p=aligned aligned=True failed=
2026-09-23 14:40:43 OK port 18181 [full] height=56094 peers=2 p2p=aligned aligned=True failed=
2026-09-23 14:40:43 OK port 18182 [full] height=56094 peers=2 p2p=aligned aligned=True failed=
2026-09-23 14:40:43 OK mesh aligned 18180:h56094/p2 18181:h56094/p2 18182:h56094/p2
2026-09-23 14:45:46 OK port 18180 [quick] height=56113 peers=2 p2p=aligned aligned=True failed=
2026-09-23 14:45:46 OK port 18181 [quick] height=56112 peers=2 p2p=tip_skew aligned=True failed=
2026-09-23 14:45:46 OK port 18182 [quick] height=56112 peers=2 p2p=tip_skew aligned=True failed=
2026-09-23 14:45:46 OK mesh aligned 18180:h56113/p2 18181:h56112/p2 18182:h56112/p2 transient_delta=1
2026-09-23 14:50:47 OK port 18180 [quick] height=56132 peers=2 p2p=aligned aligned=True failed=
2026-09-23 14:50:47 OK port 18181 [quick] height=56132 peers=2 p2p=aligned aligned=True failed=
2026-09-23 14:50:47 OK port 18182 [quick] height=56132 peers=2 p2p=aligned aligned=True failed=
2026-09-23 14:50:47 OK mesh aligned 18180:h56132/p2 18181:h56132/p2 18182:h56132/p2
2026-09-23 14:55:49 OK port 18180 [quick] height=56151 peers=2 p2p=aligned aligned=True failed=
2026-09-23 14:55:49 OK port 18181 [quick] height=56151 peers=2 p2p=aligned aligned=True failed=
2026-09-23 14:55:49 OK port 18182 [quick] height=56151 peers=2 p2p=aligned aligned=True failed=
2026-09-23 14:55:49 OK mesh aligned 18180:h56151/p2 18181:h56151/p2 18182:h56151/p2
2026-09-23 15:00:51 OK port 18180 [quick] height=56170 peers=2 p2p=aligned aligned=True failed=
2026-09-23 15:00:51 OK port 18181 [quick] height=56170 peers=2 p2p=aligned aligned=True failed=
2026-09-23 15:00:51 OK port 18182 [quick] height=56170 peers=2 p2p=aligned aligned=True failed=
2026-09-23 15:00:51 OK mesh aligned 18180:h56170/p2 18181:h56170/p2 18182:h56170/p2
2026-09-23 15:05:52 OK port 18180 [quick] height=56188 peers=2 p2p=aligned aligned=True failed=
2026-09-23 15:05:52 OK port 18181 [quick] height=56188 peers=2 p2p=aligned aligned=True failed=
2026-09-23 15:05:52 OK port 18182 [quick] height=56188 peers=2 p2p=aligned aligned=True failed=
2026-09-23 15:05:52 OK mesh aligned 18180:h56188/p2 18181:h56188/p2 18182:h56188/p2
2026-09-23 15:10:53 OK port 18180 [full] height=56207 peers=2 p2p=aligned aligned=True failed=
2026-09-23 15:10:53 OK port 18181 [full] height=56207 peers=2 p2p=aligned aligned=True failed=
2026-09-23 15:10:53 OK port 18182 [full] height=56207 peers=2 p2p=aligned aligned=True failed=
2026-09-23 15:10:53 OK mesh aligned 18180:h56207/p2 18181:h56207/p2 18182:h56207/p2
2026-09-23 15:15:54 OK port 18180 [quick] height=56226 peers=2 p2p=aligned aligned=True failed=
2026-09-23 15:15:54 OK port 18181 [quick] height=56226 peers=2 p2p=aligned aligned=True failed=
2026-09-23 15:15:54 OK port 18182 [quick] height=56226 peers=2 p2p=aligned aligned=True failed=
2026-09-23 15:15:54 OK mesh aligned 18180:h56226/p2 18181:h56226/p2 18182:h56226/p2
2026-09-23 15:20:55 OK port 18180 [quick] height=56245 peers=2 p2p=aligned aligned=True failed=
2026-09-23 15:20:55 OK port 18181 [quick] height=56245 peers=2 p2p=aligned aligned=True failed=
2026-09-23 15:20:55 OK port 18182 [quick] height=56245 peers=2 p2p=aligned aligned=True failed=
2026-09-23 15:20:55 OK mesh aligned 18180:h56245/p2 18181:h56245/p2 18182:h56245/p2
2026-09-23 15:25:57 OK port 18180 [quick] height=56264 peers=2 p2p=aligned aligned=True failed=
2026-09-23 15:25:57 OK port 18181 [quick] height=56264 peers=2 p2p=aligned aligned=True failed=
2026-09-23 15:25:57 OK port 18182 [quick] height=56264 peers=2 p2p=aligned aligned=True failed=
2026-09-23 15:25:57 OK mesh aligned 18180:h56264/p2 18181:h56264/p2 18182:h56264/p2
2026-09-23 15:30:58 OK port 18180 [quick] height=56283 peers=2 p2p=aligned aligned=True failed=
2026-09-23 15:30:58 OK port 18181 [quick] height=56283 peers=2 p2p=aligned aligned=True failed=
2026-09-23 15:30:58 OK port 18182 [quick] height=56283 peers=2 p2p=aligned aligned=True failed=
2026-09-23 15:30:58 OK mesh aligned 18180:h56283/p2 18181:h56283/p2 18182:h56283/p2
2026-09-23 15:35:59 OK port 18180 [quick] height=56302 peers=2 p2p=aligned aligned=True failed=
2026-09-23 15:35:59 OK port 18181 [quick] height=56302 peers=2 p2p=aligned aligned=True failed=
2026-09-23 15:35:59 OK port 18182 [quick] height=56302 peers=2 p2p=aligned aligned=True failed=
2026-09-23 15:35:59 OK mesh aligned 18180:h56302/p2 18181:h56302/p2 18182:h56302/p2
2026-09-23 15:41:00 OK port 18180 [full] height=56321 peers=2 p2p=aligned aligned=True failed=
2026-09-23 15:41:00 OK port 18181 [full] height=56321 peers=2 p2p=aligned aligned=True failed=
2026-09-23 15:41:00 OK port 18182 [full] height=56321 peers=2 p2p=aligned aligned=True failed=
2026-09-23 15:41:00 OK mesh aligned 18180:h56321/p2 18181:h56321/p2 18182:h56321/p2
2026-09-23 15:46:02 OK port 18180 [quick] height=56340 peers=2 p2p=aligned aligned=True failed=
2026-09-23 15:46:02 OK port 18181 [quick] height=56340 peers=2 p2p=aligned aligned=True failed=
2026-09-23 15:46:02 OK port 18182 [quick] height=56340 peers=2 p2p=aligned aligned=True failed=
2026-09-23 15:46:02 OK mesh aligned 18180:h56340/p2 18181:h56340/p2 18182:h56340/p2
2026-09-23 15:51:03 OK port 18180 [quick] height=56359 peers=2 p2p=aligned aligned=True failed=
2026-09-23 15:51:03 OK port 18181 [quick] height=56359 peers=2 p2p=aligned aligned=True failed=
2026-09-23 15:51:03 OK port 18182 [quick] height=56359 peers=2 p2p=aligned aligned=True failed=
2026-09-23 15:51:03 OK mesh aligned 18180:h56359/p2 18181:h56359/p2 18182:h56359/p2
2026-09-23 15:56:04 OK port 18180 [quick] height=56378 peers=2 p2p=aligned aligned=True failed=
2026-09-23 15:56:04 OK port 18181 [quick] height=56378 peers=2 p2p=aligned aligned=True failed=
2026-09-23 15:56:04 OK port 18182 [quick] height=56378 peers=2 p2p=aligned aligned=True failed=
2026-09-23 15:56:04 OK mesh aligned 18180:h56378/p2 18181:h56378/p2 18182:h56378/p2
2026-09-23 16:01:05 OK port 18180 [quick] height=56397 peers=2 p2p=aligned aligned=True failed=
2026-09-23 16:01:05 OK port 18181 [quick] height=56397 peers=2 p2p=aligned aligned=True failed=
2026-09-23 16:01:05 OK port 18182 [quick] height=56397 peers=2 p2p=aligned aligned=True failed=
2026-09-23 16:01:05 OK mesh aligned 18180:h56397/p2 18181:h56397/p2 18182:h56397/p2
2026-09-23 16:06:07 OK port 18180 [quick] height=56416 peers=2 p2p=aligned aligned=True failed=
2026-09-23 16:06:07 OK port 18181 [quick] height=56416 peers=2 p2p=aligned aligned=True failed=
2026-09-23 16:06:07 OK port 18182 [quick] height=56416 peers=2 p2p=aligned aligned=True failed=
2026-09-23 16:06:07 OK mesh aligned 18180:h56416/p2 18181:h56416/p2 18182:h56416/p2
2026-09-23 16:11:08 OK port 18180 [full] height=56435 peers=2 p2p=aligned aligned=True failed=
2026-09-23 16:11:08 OK port 18181 [full] height=56435 peers=2 p2p=aligned aligned=True failed=
2026-09-23 16:11:08 OK port 18182 [full] height=56435 peers=2 p2p=aligned aligned=True failed=
2026-09-23 16:11:08 OK mesh aligned 18180:h56435/p2 18181:h56435/p2 18182:h56435/p2
2026-09-23 16:16:09 OK port 18180 [quick] height=56454 peers=2 p2p=aligned aligned=True failed=
2026-09-23 16:16:09 OK port 18181 [quick] height=56454 peers=2 p2p=aligned aligned=True failed=
2026-09-23 16:16:09 OK port 18182 [quick] height=56454 peers=2 p2p=aligned aligned=True failed=
2026-09-23 16:16:09 OK mesh aligned 18180:h56454/p2 18181:h56454/p2 18182:h56454/p2
2026-09-23 16:21:11 OK port 18180 [quick] height=56473 peers=2 p2p=aligned aligned=True failed=
2026-09-23 16:21:11 OK port 18181 [quick] height=56473 peers=2 p2p=aligned aligned=True failed=
2026-09-23 16:21:11 OK port 18182 [quick] height=56473 peers=2 p2p=aligned aligned=True failed=
2026-09-23 16:21:11 OK mesh aligned 18180:h56473/p2 18181:h56473/p2 18182:h56473/p2
2026-09-23 16:26:13 OK port 18180 [quick] height=56492 peers=2 p2p=aligned aligned=True failed=
2026-09-23 16:26:13 OK port 18181 [quick] height=56492 peers=2 p2p=aligned aligned=True failed=
2026-09-23 16:26:13 OK port 18182 [quick] height=56492 peers=2 p2p=aligned aligned=True failed=
2026-09-23 16:26:13 OK mesh aligned 18180:h56492/p2 18181:h56492/p2 18182:h56492/p2
2026-09-23 16:31:14 OK port 18180 [quick] height=56511 peers=2 p2p=aligned aligned=True failed=
2026-09-23 16:31:14 OK port 18181 [quick] height=56511 peers=2 p2p=aligned aligned=True failed=
2026-09-23 16:31:14 OK port 18182 [quick] height=56511 peers=2 p2p=aligned aligned=True failed=
2026-09-23 16:31:14 OK mesh aligned 18180:h56511/p2 18181:h56511/p2 18182:h56511/p2
2026-09-23 16:36:16 OK port 18180 [quick] height=56530 peers=2 p2p=aligned aligned=True failed=
2026-09-23 16:36:16 OK port 18181 [quick] height=56530 peers=2 p2p=aligned aligned=True failed=
2026-09-23 16:36:16 OK port 18182 [quick] height=56530 peers=2 p2p=aligned aligned=True failed=
2026-09-23 16:36:16 OK mesh aligned 18180:h56530/p2 18181:h56530/p2 18182:h56530/p2
2026-09-23 16:41:17 OK port 18180 [full] height=56549 peers=2 p2p=aligned aligned=True failed=
2026-09-23 16:41:17 OK port 18181 [full] height=56549 peers=2 p2p=aligned aligned=True failed=
2026-09-23 16:41:17 OK port 18182 [full] height=56549 peers=2 p2p=aligned aligned=True failed=
2026-09-23 16:41:17 OK mesh aligned 18180:h56549/p2 18181:h56549/p2 18182:h56549/p2
2026-09-23 16:46:19 OK port 18180 [quick] height=56568 peers=2 p2p=tip_skew aligned=True failed=
2026-09-23 16:46:19 OK port 18181 [quick] height=56568 peers=2 p2p=aligned aligned=True failed=
2026-09-23 16:46:19 OK port 18182 [quick] height=56568 peers=2 p2p=aligned aligned=True failed=
2026-09-23 16:46:19 OK mesh aligned 18180:h56568/p2 18181:h56568/p2 18182:h56568/p2
2026-09-23 16:51:21 OK port 18180 [quick] height=56587 peers=2 p2p=aligned aligned=True failed=
2026-09-23 16:51:21 OK port 18181 [quick] height=56587 peers=2 p2p=aligned aligned=True failed=
2026-09-23 16:51:21 OK port 18182 [quick] height=56587 peers=2 p2p=aligned aligned=True failed=
2026-09-23 16:51:21 OK mesh aligned 18180:h56587/p2 18181:h56587/p2 18182:h56587/p2
2026-09-23 16:56:24 OK port 18180 [quick] height=56606 peers=2 p2p=aligned aligned=True failed=
2026-09-23 16:56:24 OK port 18181 [quick] height=56605 peers=2 p2p=tip_skew aligned=True failed=
2026-09-23 16:56:24 OK port 18182 [quick] height=56605 peers=2 p2p=tip_skew aligned=True failed=
2026-09-23 16:56:24 OK mesh aligned 18180:h56606/p2 18181:h56605/p2 18182:h56605/p2 transient_delta=1
2026-09-23 17:01:26 OK port 18180 [quick] height=56625 peers=2 p2p=aligned aligned=True failed=
2026-09-23 17:01:26 OK port 18181 [quick] height=56625 peers=2 p2p=aligned aligned=True failed=
2026-09-23 17:01:26 OK port 18182 [quick] height=56625 peers=2 p2p=aligned aligned=True failed=
2026-09-23 17:01:26 OK mesh aligned 18180:h56625/p2 18181:h56625/p2 18182:h56625/p2
2026-09-23 17:06:28 OK port 18180 [quick] height=56644 peers=2 p2p=aligned aligned=True failed=
2026-09-23 17:06:28 OK port 18181 [quick] height=56644 peers=2 p2p=aligned aligned=True failed=
2026-09-23 17:06:28 OK port 18182 [quick] height=56644 peers=2 p2p=aligned aligned=True failed=
2026-09-23 17:06:28 OK mesh aligned 18180:h56644/p2 18181:h56644/p2 18182:h56644/p2
2026-09-23 17:11:29 OK port 18180 [full] height=56662 peers=2 p2p=aligned aligned=True failed=
2026-09-23 17:11:29 OK port 18181 [full] height=56662 peers=2 p2p=aligned aligned=True failed=
2026-09-23 17:11:29 OK port 18182 [full] height=56662 peers=2 p2p=aligned aligned=True failed=
2026-09-23 17:11:29 OK mesh aligned 18180:h56662/p2 18181:h56662/p2 18182:h56662/p2
2026-09-23 17:16:30 OK port 18180 [quick] height=56681 peers=2 p2p=aligned aligned=True failed=
2026-09-23 17:16:30 OK port 18181 [quick] height=56681 peers=2 p2p=aligned aligned=True failed=
2026-09-23 17:16:30 OK port 18182 [quick] height=56681 peers=2 p2p=aligned aligned=True failed=
2026-09-23 17:16:30 OK mesh aligned 18180:h56681/p2 18181:h56681/p2 18182:h56681/p2
2026-09-23 17:21:32 OK port 18180 [quick] height=56700 peers=2 p2p=aligned aligned=True failed=
2026-09-23 17:21:32 OK port 18181 [quick] height=56700 peers=2 p2p=aligned aligned=True failed=
2026-09-23 17:21:32 OK port 18182 [quick] height=56700 peers=2 p2p=aligned aligned=True failed=
2026-09-23 17:21:32 OK mesh aligned 18180:h56700/p2 18181:h56700/p2 18182:h56700/p2
2026-09-23 17:26:33 OK port 18180 [quick] height=56719 peers=2 p2p=aligned aligned=True failed=
2026-09-23 17:26:33 OK port 18181 [quick] height=56719 peers=2 p2p=aligned aligned=True failed=
2026-09-23 17:26:33 OK port 18182 [quick] height=56719 peers=2 p2p=aligned aligned=True failed=
2026-09-23 17:26:33 OK mesh aligned 18180:h56719/p2 18181:h56719/p2 18182:h56719/p2
2026-09-23 17:31:34 OK port 18180 [quick] height=56738 peers=2 p2p=aligned aligned=True failed=
2026-09-23 17:31:34 OK port 18181 [quick] height=56738 peers=2 p2p=aligned aligned=True failed=
2026-09-23 17:31:34 OK port 18182 [quick] height=56738 peers=2 p2p=aligned aligned=True failed=
2026-09-23 17:31:34 OK mesh aligned 18180:h56738/p2 18181:h56738/p2 18182:h56738/p2
2026-09-23 17:36:35 OK port 18180 [quick] height=56757 peers=2 p2p=aligned aligned=True failed=
2026-09-23 17:36:35 OK port 18181 [quick] height=56757 peers=2 p2p=aligned aligned=True failed=
2026-09-23 17:36:35 OK port 18182 [quick] height=56757 peers=2 p2p=aligned aligned=True failed=
2026-09-23 17:36:35 OK mesh aligned 18180:h56757/p2 18181:h56757/p2 18182:h56757/p2
2026-09-23 17:41:36 OK port 18180 [full] height=56776 peers=2 p2p=aligned aligned=True failed=
2026-09-23 17:41:36 OK port 18181 [full] height=56776 peers=2 p2p=aligned aligned=True failed=
2026-09-23 17:41:36 OK port 18182 [full] height=56776 peers=2 p2p=aligned aligned=True failed=
2026-09-23 17:41:36 OK mesh aligned 18180:h56776/p2 18181:h56776/p2 18182:h56776/p2
2026-09-23 17:46:38 OK port 18180 [quick] height=56795 peers=2 p2p=aligned aligned=True failed=
2026-09-23 17:46:38 OK port 18181 [quick] height=56795 peers=2 p2p=aligned aligned=True failed=
2026-09-23 17:46:38 OK port 18182 [quick] height=56795 peers=2 p2p=aligned aligned=True failed=
2026-09-23 17:46:38 OK mesh aligned 18180:h56795/p2 18181:h56795/p2 18182:h56795/p2
2026-09-23 17:51:39 OK port 18180 [quick] height=56814 peers=2 p2p=aligned aligned=True failed=
2026-09-23 17:51:39 OK port 18181 [quick] height=56814 peers=2 p2p=aligned aligned=True failed=
2026-09-23 17:51:39 OK port 18182 [quick] height=56814 peers=2 p2p=aligned aligned=True failed=
2026-09-23 17:51:39 OK mesh aligned 18180:h56814/p2 18181:h56814/p2 18182:h56814/p2
2026-09-23 17:56:41 OK port 18180 [quick] height=56833 peers=2 p2p=aligned aligned=True failed=
2026-09-23 17:56:41 OK port 18181 [quick] height=56833 peers=2 p2p=aligned aligned=True failed=
2026-09-23 17:56:41 OK port 18182 [quick] height=56833 peers=2 p2p=aligned aligned=True failed=
2026-09-23 17:56:41 OK mesh aligned 18180:h56833/p2 18181:h56833/p2 18182:h56833/p2
2026-09-23 18:01:45 OK port 18180 [quick] height=56852 peers=2 p2p=aligned aligned=True failed=
2026-09-23 18:01:45 OK port 18181 [quick] height=56851 peers=2 p2p=tip_skew aligned=True failed=
2026-09-23 18:01:45 OK port 18182 [quick] height=56852 peers=2 p2p=aligned aligned=True failed=
2026-09-23 18:01:45 OK mesh aligned 18180:h56852/p2 18181:h56851/p2 18182:h56852/p2 transient_delta=1
2026-09-23 18:06:47 OK port 18180 [quick] height=56871 peers=2 p2p=aligned aligned=True failed=
2026-09-23 18:06:47 OK port 18181 [quick] height=56871 peers=2 p2p=aligned aligned=True failed=
2026-09-23 18:06:47 OK port 18182 [quick] height=56871 peers=2 p2p=aligned aligned=True failed=
2026-09-23 18:06:47 OK mesh aligned 18180:h56871/p2 18181:h56871/p2 18182:h56871/p2
2026-09-23 18:11:50 OK port 18180 [full] height=56889 peers=2 p2p=aligned aligned=True failed=
2026-09-23 18:11:50 OK port 18181 [full] height=56889 peers=2 p2p=aligned aligned=True failed=
2026-09-23 18:11:50 OK port 18182 [full] height=56889 peers=2 p2p=aligned aligned=True failed=
2026-09-23 18:11:50 OK mesh aligned 18180:h56889/p2 18181:h56889/p2 18182:h56889/p2
2026-09-23 18:16:52 OK port 18180 [quick] height=56909 peers=2 p2p=aligned aligned=True failed=
2026-09-23 18:16:52 OK port 18181 [quick] height=56909 peers=2 p2p=aligned aligned=True failed=
2026-09-23 18:16:52 OK port 18182 [quick] height=56909 peers=2 p2p=aligned aligned=True failed=
2026-09-23 18:16:52 OK mesh aligned 18180:h56909/p2 18181:h56909/p2 18182:h56909/p2
2026-09-23 18:21:54 OK port 18180 [quick] height=56928 peers=2 p2p=tip_skew aligned=True failed=
2026-09-23 18:21:54 OK port 18181 [quick] height=56928 peers=2 p2p=aligned aligned=True failed=
2026-09-23 18:21:54 OK port 18182 [quick] height=56928 peers=2 p2p=aligned aligned=True failed=
2026-09-23 18:21:54 OK mesh aligned 18180:h56928/p2 18181:h56928/p2 18182:h56928/p2
2026-09-23 18:26:56 OK port 18180 [quick] height=56947 peers=2 p2p=aligned aligned=True failed=
2026-09-23 18:26:56 OK port 18181 [quick] height=56947 peers=2 p2p=aligned aligned=True failed=
2026-09-23 18:26:56 OK port 18182 [quick] height=56947 peers=2 p2p=aligned aligned=True failed=
2026-09-23 18:26:56 OK mesh aligned 18180:h56947/p2 18181:h56947/p2 18182:h56947/p2
2026-09-23 18:31:57 OK port 18180 [quick] height=56966 peers=2 p2p=aligned aligned=True failed=
2026-09-23 18:31:57 OK port 18181 [quick] height=56966 peers=2 p2p=aligned aligned=True failed=
2026-09-23 18:31:57 OK port 18182 [quick] height=56966 peers=2 p2p=aligned aligned=True failed=
2026-09-23 18:31:57 OK mesh aligned 18180:h56966/p2 18181:h56966/p2 18182:h56966/p2
2026-09-23 18:33:37 OK port 18180 [quick] height=56972 peers=2 p2p=aligned aligned=True failed=
2026-09-23 18:33:37 OK port 18181 [quick] height=56972 peers=2 p2p=aligned aligned=True failed=
2026-09-23 18:33:37 OK port 18182 [quick] height=56972 peers=2 p2p=aligned aligned=True failed=
2026-09-23 18:33:37 OK mesh aligned 18180:h56972/p2 18181:h56972/p2 18182:h56972/p2
2026-09-23 18:33:37 health_watch done (duration 2880m cycles=575 hard_fails=0 ready_only=0)
